"baseline_sha","candidate_sha","documentation_id","old_assembly","new_assembly","old_signature","new_signature","fate","planned_owner"
"9cd02a52af97426eab4bf64b9775ce93057e5986","de8ab2a75330edc93f7c3b529463a05c5d2c1b7e","F:ChartForgeX.Composition.ImageLineCap.Butt","ChartForgeX","ChartForgeX.Visuals","ChartForgeX.Composition.ImageLineCap.Butt = 0","ChartForgeX.Composition.ImageLineCap.Butt = 0","assembly-move","ChartForgeX.Visuals"
"9cd02a52af97426eab4bf64b9775ce93057e5986","de8ab2a75330edc93f7c3b529463a05c5d2c1b7e","F:ChartForgeX.Composition.ImageLineCap.Round","ChartForgeX","ChartForgeX.Visuals","ChartForgeX.Composition.ImageLineCap.Round = 1","ChartForgeX.Composition.ImageLineCap.Round = 1","assembly-move","ChartForgeX.Visuals"
"9cd02a52af97426eab4bf64b9775ce93057e5986","de8ab2a75330edc93f7c3b529463a05c5d2c1b7e","F:ChartForgeX.Composition.ImageLineCap.Square","ChartForgeX","ChartForgeX.Visuals","ChartForgeX.Composition.ImageLineCap.Square = 2","ChartForgeX.Composition.ImageLineCap.Square = 2","assembly-move","ChartForgeX.Visuals"
"9cd02a52af97426eab4bf64b9775ce93057e5986","de8ab2a75330edc93f7c3b529463a05c5d2c1b7e","F:ChartForgeX.Composition.VisualCanvasAnchor.BottomCenter","ChartForgeX","ChartForgeX.Visuals","ChartForgeX.Composition.VisualCanvasAnchor.BottomCenter = 7","ChartForgeX.Composition.VisualCanvasAnchor.BottomCenter = 7","assembly-move","ChartForgeX.Visuals"
"9cd02a52af97426eab4bf64b9775ce93057e5986","de8ab2a75330edc93f7c3b529463a05c5d2c1b7e","F:ChartForgeX.Composition.VisualCanvasAnchor.BottomLeft","ChartForgeX","ChartForgeX.Visuals","ChartForgeX.Composition.VisualCanvasAnchor.BottomLeft = 6","ChartForgeX.Composition.VisualCanvasAnchor.BottomLeft = 6","assembly-move","ChartForgeX.Visuals"
"9cd02a52af97426eab4bf64b9775ce93057e5986","de8ab2a75330edc93f7c3b529463a05c5d2c1b7e","F:ChartForgeX.Composition.VisualCanvasAnchor.BottomRight","ChartForgeX","ChartForgeX.Visuals","ChartForgeX.Composition.VisualCanvasAnchor.BottomRight = 8","ChartForgeX.Composition.VisualCanvasAnchor.BottomRight = 8","assembly-move","ChartForgeX.Visuals"
"9cd02a52af97426eab4bf64b9775ce93057e5986","de8ab2a75330edc93f7c3b529463a05c5d2c1b7e","F:ChartForgeX.Composition.VisualCanvasAnchor.Center","ChartForgeX","ChartForgeX.Visuals","ChartForgeX.Composition.VisualCanvasAnchor.Center = 4","ChartForgeX.Composition.VisualCanvasAnchor.Center = 4","assembly-move","ChartForgeX.Visuals"
"9cd02a52af97426eab4bf64b9775ce93057e5986","de8ab2a75330edc93f7c3b529463a05c5d2c1b7e","F:ChartForgeX.Composition.VisualCanvasAnchor.MiddleLeft","ChartForgeX","ChartForgeX.Visuals","ChartForgeX.Composition.VisualCanvasAnchor.MiddleLeft = 3","ChartForgeX.Composition.VisualCanvasAnchor.MiddleLeft = 3","assembly-move","ChartForgeX.Visuals"
"9cd02a52af97426eab4bf64b9775ce93057e5986","de8ab2a75330edc93f7c3b529463a05c5d2c1b7e","F:ChartForgeX.Composition.VisualCanvasAnchor.MiddleRight","ChartForgeX","ChartForgeX.Visuals","ChartForgeX.Composition.VisualCanvasAnchor.MiddleRight = 5","ChartForgeX.Composition.VisualCanvasAnchor.MiddleRight = 5","assembly-move","ChartForgeX.Visuals"
"9cd02a52af97426eab4bf64b9775ce93057e5986","de8ab2a75330edc93f7c3b529463a05c5d2c1b7e","F:ChartForgeX.Composition.VisualCanvasAnchor.TopCenter","ChartForgeX","ChartForgeX.Visuals","ChartForgeX.Composition.VisualCanvasAnchor.TopCenter = 1","ChartForgeX.Composition.VisualCanvasAnchor.TopCenter = 1","assembly-move","ChartForgeX.Visuals"
"9cd02a52af97426eab4bf64b9775ce93057e5986","de8ab2a75330edc93f7c3b529463a05c5d2c1b7e","F:ChartForgeX.Composition.VisualCanvasAnchor.TopLeft","ChartForgeX","ChartForgeX.Visuals","ChartForgeX.Composition.VisualCanvasAnchor.TopLeft = 0","ChartForgeX.Composition.VisualCanvasAnchor.TopLeft = 0","assembly-move","ChartForgeX.Visuals"
"9cd02a52af97426eab4bf64b9775ce93057e5986","de8ab2a75330edc93f7c3b529463a05c5d2c1b7e","F:ChartForgeX.Composition.VisualCanvasAnchor.TopRight","ChartForgeX","ChartForgeX.Visuals","ChartForgeX.Composition.VisualCanvasAnchor.TopRight = 2","ChartForgeX.Composition.VisualCanvasAnchor.TopRight = 2","assembly-move","ChartForgeX.Visuals"
"9cd02a52af97426eab4bf64b9775ce93057e5986","de8ab2a75330edc93f7c3b529463a05c5d2c1b7e","F:ChartForgeX.Composition.VisualCanvasBackdropStyle.Plain","ChartForgeX","ChartForgeX.Visuals","ChartForgeX.Composition.VisualCanvasBackdropStyle.Plain = 1","ChartForgeX.Composition.VisualCanvasBackdropStyle.Plain = 1","assembly-move","ChartForgeX.Visuals"
"9cd02a52af97426eab4bf64b9775ce93057e5986","de8ab2a75330edc93f7c3b529463a05c5d2c1b7e","F:ChartForgeX.Composition.VisualCanvasBackdropStyle.TechHorizon","ChartForgeX","ChartForgeX.Visuals","ChartForgeX.Composition.VisualCanvasBackdropStyle.TechHorizon = 2","ChartForgeX.Composition.VisualCanvasBackdropStyle.TechHorizon = 2","assembly-move","ChartForgeX.Visuals"
"9cd02a52af97426eab4bf64b9775ce93057e5986","de8ab2a75330edc93f7c3b529463a05c5d2c1b7e","F:ChartForgeX.Composition.VisualCanvasBackdropStyle.Transparent","ChartForgeX","ChartForgeX.Visuals","ChartForgeX.Composition.VisualCanvasBackdropStyle.Transparent = 0","ChartForgeX.Composition.VisualCanvasBackdropStyle.Transparent = 0","assembly-move","ChartForgeX.Visuals"
"9cd02a52af97426eab4bf64b9775ce93057e5986","de8ab2a75330edc93f7c3b529463a05c5d2c1b7e","F:ChartForgeX.Composition.VisualCanvasImageFit.Center","ChartForgeX","ChartForgeX.Visuals","ChartForgeX.Composition.VisualCanvasImageFit.Center = 3","ChartForgeX.Composition.VisualCanvasImageFit.Center = 3","assembly-move","ChartForgeX.Visuals"
"9cd02a52af97426eab4bf64b9775ce93057e5986","de8ab2a75330edc93f7c3b529463a05c5d2c1b7e","F:ChartForgeX.Composition.VisualCanvasImageFit.Contain","ChartForgeX","ChartForgeX.Visuals","ChartForgeX.Composition.VisualCanvasImageFit.Contain = 1","ChartForgeX.Composition.VisualCanvasImageFit.Contain = 1","assembly-move","ChartForgeX.Visuals"
"9cd02a52af97426eab4bf64b9775ce93057e5986","de8ab2a75330edc93f7c3b529463a05c5d2c1b7e","F:ChartForgeX.Composition.VisualCanvasImageFit.Cover","ChartForgeX","ChartForgeX.Visuals","ChartForgeX.Composition.VisualCanvasImageFit.Cover = 2","ChartForgeX.Composition.VisualCanvasImageFit.Cover = 2","assembly-move","ChartForgeX.Visuals"
"9cd02a52af97426eab4bf64b9775ce93057e5986","de8ab2a75330edc93f7c3b529463a05c5d2c1b7e","F:ChartForgeX.Composition.VisualCanvasImageFit.Stretch","ChartForgeX","ChartForgeX.Visuals","ChartForgeX.Composition.VisualCanvasImageFit.Stretch = 0","ChartForgeX.Composition.VisualCanvasImageFit.Stretch = 0","assembly-move","ChartForgeX.Visuals"
"9cd02a52af97426eab4bf64b9775ce93057e5986","de8ab2a75330edc93f7c3b529463a05c5d2c1b7e","F:ChartForgeX.Composition.VisualCanvasImageFit.Tile","ChartForgeX","ChartForgeX.Visuals","ChartForgeX.Composition.VisualCanvasImageFit.Tile = 4","ChartForgeX.Composition.VisualCanvasImageFit.Tile = 4","assembly-move","ChartForgeX.Visuals"
"9cd02a52af97426eab4bf64b9775ce93057e5986","de8ab2a75330edc93f7c3b529463a05c5d2c1b7e","F:ChartForgeX.Composition.VisualCanvasInfoTileIconKind.Computer","ChartForgeX","ChartForgeX.Visuals","ChartForgeX.Composition.VisualCanvasInfoTileIconKind.Computer = 1","ChartForgeX.Composition.VisualCanvasInfoTileIconKind.Computer = 1","assembly-move","ChartForgeX.Visuals"
"9cd02a52af97426eab4bf64b9775ce93057e5986","de8ab2a75330edc93f7c3b529463a05c5d2c1b7e","F:ChartForgeX.Composition.VisualCanvasInfoTileIconKind.Cpu","ChartForgeX","ChartForgeX.Visuals","ChartForgeX.Composition.VisualCanvasInfoTileIconKind.Cpu = 4","ChartForgeX.Composition.VisualCanvasInfoTileIconKind.Cpu = 4","assembly-move","ChartForgeX.Visuals"
"9cd02a52af97426eab4bf64b9775ce93057e5986","de8ab2a75330edc93f7c3b529463a05c5d2c1b7e","F:ChartForgeX.Composition.VisualCanvasInfoTileIconKind.Domain","ChartForgeX","ChartForgeX.Visuals","ChartForgeX.Composition.VisualCanvasInfoTileIconKind.Domain = 7","ChartForgeX.Composition.VisualCanvasInfoTileIconKind.Domain = 7","assembly-move","ChartForgeX.Visuals"
"9cd02a52af97426eab4bf64b9775ce93057e5986","de8ab2a75330edc93f7c3b529463a05c5d2c1b7e","F:ChartForgeX.Composition.VisualCanvasInfoTileIconKind.Memory","ChartForgeX","ChartForgeX.Visuals","ChartForgeX.Composition.VisualCanvasInfoTileIconKind.Memory = 5","ChartForgeX.Composition.VisualCanvasInfoTileIconKind.Memory = 5","assembly-move","ChartForgeX.Visuals"
"9cd02a52af97426eab4bf64b9775ce93057e5986","de8ab2a75330edc93f7c3b529463a05c5d2c1b7e","F:ChartForgeX.Composition.VisualCanvasInfoTileIconKind.Network","ChartForgeX","ChartForgeX.Visuals","ChartForgeX.Composition.VisualCanvasInfoTileIconKind.Network = 2","ChartForgeX.Composition.VisualCanvasInfoTileIconKind.Network = 2","assembly-move","ChartForgeX.Visuals"
"9cd02a52af97426eab4bf64b9775ce93057e5986","de8ab2a75330edc93f7c3b529463a05c5d2c1b7e","F:ChartForgeX.Composition.VisualCanvasInfoTileIconKind.OperatingSystem","ChartForgeX","ChartForgeX.Visuals","ChartForgeX.Composition.VisualCanvasInfoTileIconKind.OperatingSystem = 3","ChartForgeX.Composition.VisualCanvasInfoTileIconKind.OperatingSystem = 3","assembly-move","ChartForgeX.Visuals"
"9cd02a52af97426eab4bf64b9775ce93057e5986","de8ab2a75330edc93f7c3b529463a05c5d2c1b7e","F:ChartForgeX.Composition.VisualCanvasInfoTileIconKind.Shield","ChartForgeX","ChartForgeX.Visuals","ChartForgeX.Composition.VisualCanvasInfoTileIconKind.Shield = 10","ChartForgeX.Composition.VisualCanvasInfoTileIconKind.Shield = 10","assembly-move","ChartForgeX.Visuals"
"9cd02a52af97426eab4bf64b9775ce93057e5986","de8ab2a75330edc93f7c3b529463a05c5d2c1b7e","F:ChartForgeX.Composition.VisualCanvasInfoTileIconKind.Storage","ChartForgeX","ChartForgeX.Visuals","ChartForgeX.Composition.VisualCanvasInfoTileIconKind.Storage = 9","ChartForgeX.Composition.VisualCanvasInfoTileIconKind.Storage = 9","assembly-move","ChartForgeX.Visuals"
"9cd02a52af97426eab4bf64b9775ce93057e5986","de8ab2a75330edc93f7c3b529463a05c5d2c1b7e","F:ChartForgeX.Composition.VisualCanvasInfoTileIconKind.Terminal","ChartForgeX","ChartForgeX.Visuals","ChartForgeX.Composition.VisualCanvasInfoTileIconKind.Terminal = 8","ChartForgeX.Composition.VisualCanvasInfoTileIconKind.Terminal = 8","assembly-move","ChartForgeX.Visuals"
"9cd02a52af97426eab4bf64b9775ce93057e5986","de8ab2a75330edc93f7c3b529463a05c5d2c1b7e","F:ChartForgeX.Composition.VisualCanvasInfoTileIconKind.Text","ChartForgeX","ChartForgeX.Visuals","ChartForgeX.Composition.VisualCanvasInfoTileIconKind.Text = 0","ChartForgeX.Composition.VisualCanvasInfoTileIconKind.Text = 0","assembly-move","ChartForgeX.Visuals"
"9cd02a52af97426eab4bf64b9775ce93057e5986","de8ab2a75330edc93f7c3b529463a05c5d2c1b7e","F:ChartForgeX.Composition.VisualCanvasInfoTileIconKind.User","ChartForgeX","ChartForgeX.Visuals","ChartForgeX.Composition.VisualCanvasInfoTileIconKind.User = 6","ChartForgeX.Composition.VisualCanvasInfoTileIconKind.User = 6","assembly-move","ChartForgeX.Visuals"
"9cd02a52af97426eab4bf64b9775ce93057e5986","de8ab2a75330edc93f7c3b529463a05c5d2c1b7e","F:ChartForgeX.Composition.VisualCanvasInfoTileMiniChartKind.Area","ChartForgeX","ChartForgeX.Visuals","ChartForgeX.Composition.VisualCanvasInfoTileMiniChartKind.Area = 2","ChartForgeX.Composition.VisualCanvasInfoTileMiniChartKind.Area = 2","assembly-move","ChartForgeX.Visuals"
"9cd02a52af97426eab4bf64b9775ce93057e5986","de8ab2a75330edc93f7c3b529463a05c5d2c1b7e","F:ChartForgeX.Composition.VisualCanvasInfoTileMiniChartKind.Bars","ChartForgeX","ChartForgeX.Visuals","ChartForgeX.Composition.VisualCanvasInfoTileMiniChartKind.Bars = 3","ChartForgeX.Composition.VisualCanvasInfoTileMiniChartKind.Bars = 3","assembly-move","ChartForgeX.Visuals"
"9cd02a52af97426eab4bf64b9775ce93057e5986","de8ab2a75330edc93f7c3b529463a05c5d2c1b7e","F:ChartForgeX.Composition.VisualCanvasInfoTileMiniChartKind.None","ChartForgeX","ChartForgeX.Visuals","ChartForgeX.Composition.VisualCanvasInfoTileMiniChartKind.None = 0","ChartForgeX.Composition.VisualCanvasInfoTileMiniChartKind.None = 0","assembly-move","ChartForgeX.Visuals"
"9cd02a52af97426eab4bf64b9775ce93057e5986","de8ab2a75330edc93f7c3b529463a05c5d2c1b7e","F:ChartForgeX.Composition.VisualCanvasInfoTileMiniChartKind.Sparkline","ChartForgeX","ChartForgeX.Visuals","ChartForgeX.Composition.VisualCanvasInfoTileMiniChartKind.Sparkline = 1","ChartForgeX.Composition.VisualCanvasInfoTileMiniChartKind.Sparkline = 1","assembly-move","ChartForgeX.Visuals"
"9cd02a52af97426eab4bf64b9775ce93057e5986","de8ab2a75330edc93f7c3b529463a05c5d2c1b7e","F:ChartForgeX.Composition.VisualCanvasInfoTileSurfaceStyle.Glass","ChartForgeX","ChartForgeX.Visuals","ChartForgeX.Composition.VisualCanvasInfoTileSurfaceStyle.Glass = 0","ChartForgeX.Composition.VisualCanvasInfoTileSurfaceStyle.Glass = 0","assembly-move","ChartForgeX.Visuals"
"9cd02a52af97426eab4bf64b9775ce93057e5986","de8ab2a75330edc93f7c3b529463a05c5d2c1b7e","F:ChartForgeX.Composition.VisualCanvasInfoTileSurfaceStyle.Outline","ChartForgeX","ChartForgeX.Visuals","ChartForgeX.Composition.VisualCanvasInfoTileSurfaceStyle.Outline = 1","ChartForgeX.Composition.VisualCanvasInfoTileSurfaceStyle.Outline = 1","assembly-move","ChartForgeX.Visuals"
"9cd02a52af97426eab4bf64b9775ce93057e5986","de8ab2a75330edc93f7c3b529463a05c5d2c1b7e","F:ChartForgeX.Composition.VisualCanvasInfoTileSurfaceStyle.Raised","ChartForgeX","ChartForgeX.Visuals","ChartForgeX.Composition.VisualCanvasInfoTileSurfaceStyle.Raised = 2","ChartForgeX.Composition.VisualCanvasInfoTileSurfaceStyle.Raised = 2","assembly-move","ChartForgeX.Visuals"
"9cd02a52af97426eab4bf64b9775ce93057e5986","de8ab2a75330edc93f7c3b529463a05c5d2c1b7e","F:ChartForgeX.Composition.VisualCanvasLayoutDiagnosticSeverity.Error","ChartForgeX","ChartForgeX.Visuals","ChartForgeX.Composition.VisualCanvasLayoutDiagnosticSeverity.Error = 2","ChartForgeX.Composition.VisualCanvasLayoutDiagnosticSeverity.Error = 2","assembly-move","ChartForgeX.Visuals"
"9cd02a52af97426eab4bf64b9775ce93057e5986","de8ab2a75330edc93f7c3b529463a05c5d2c1b7e","F:ChartForgeX.Composition.VisualCanvasLayoutDiagnosticSeverity.Info","ChartForgeX","ChartForgeX.Visuals","ChartForgeX.Composition.VisualCanvasLayoutDiagnosticSeverity.Info = 0","ChartForgeX.Composition.VisualCanvasLayoutDiagnosticSeverity.Info = 0","assembly-move","ChartForgeX.Visuals"
"9cd02a52af97426eab4bf64b9775ce93057e5986","de8ab2a75330edc93f7c3b529463a05c5d2c1b7e","F:ChartForgeX.Composition.VisualCanvasLayoutDiagnosticSeverity.Warning","ChartForgeX","ChartForgeX.Visuals","ChartForgeX.Composition.VisualCanvasLayoutDiagnosticSeverity.Warning = 1","ChartForgeX.Composition.VisualCanvasLayoutDiagnosticSeverity.Warning = 1","assembly-move","ChartForgeX.Visuals"
"9cd02a52af97426eab4bf64b9775ce93057e5986","de8ab2a75330edc93f7c3b529463a05c5d2c1b7e","F:ChartForgeX.Composition.VisualCanvasTextFitPolicy.Auto","ChartForgeX","ChartForgeX.Visuals","ChartForgeX.Composition.VisualCanvasTextFitPolicy.Auto = 0","ChartForgeX.Composition.VisualCanvasTextFitPolicy.Auto = 0","assembly-move","ChartForgeX.Visuals"
"9cd02a52af97426eab4bf64b9775ce93057e5986","de8ab2a75330edc93f7c3b529463a05c5d2c1b7e","F:ChartForgeX.Composition.VisualCanvasTextFitPolicy.ShrinkToFit","ChartForgeX","ChartForgeX.Visuals","ChartForgeX.Composition.VisualCanvasTextFitPolicy.ShrinkToFit = 3","ChartForgeX.Composition.VisualCanvasTextFitPolicy.ShrinkToFit = 3","assembly-move","ChartForgeX.Visuals"
"9cd02a52af97426eab4bf64b9775ce93057e5986","de8ab2a75330edc93f7c3b529463a05c5d2c1b7e","F:ChartForgeX.Composition.VisualCanvasTextFitPolicy.SingleLineEllipsis","ChartForgeX","ChartForgeX.Visuals","ChartForgeX.Composition.VisualCanvasTextFitPolicy.SingleLineEllipsis = 1","ChartForgeX.Composition.VisualCanvasTextFitPolicy.SingleLineEllipsis = 1","assembly-move","ChartForgeX.Visuals"
"9cd02a52af97426eab4bf64b9775ce93057e5986","de8ab2a75330edc93f7c3b529463a05c5d2c1b7e","F:ChartForgeX.Composition.VisualCanvasTextFitPolicy.Wrap","ChartForgeX","ChartForgeX.Visuals","ChartForgeX.Composition.VisualCanvasTextFitPolicy.Wrap = 2","ChartForgeX.Composition.VisualCanvasTextFitPolicy.Wrap = 2","assembly-move","ChartForgeX.Visuals"
"9cd02a52af97426eab4bf64b9775ce93057e5986","de8ab2a75330edc93f7c3b529463a05c5d2c1b7e","F:ChartForgeX.Composition.VisualCanvasTextFitPolicy.WrapThenShrink","ChartForgeX","ChartForgeX.Visuals","ChartForgeX.Composition.VisualCanvasTextFitPolicy.WrapThenShrink = 4","ChartForgeX.Composition.VisualCanvasTextFitPolicy.WrapThenShrink = 4","assembly-move","ChartForgeX.Visuals"
"9cd02a52af97426eab4bf64b9775ce93057e5986","de8ab2a75330edc93f7c3b529463a05c5d2c1b7e","F:ChartForgeX.Core.RasterImageFormat.Gif","ChartForgeX","","ChartForgeX.Core.RasterImageFormat.Gif = 5","","removed-or-replaced","ChartForgeX"
"9cd02a52af97426eab4bf64b9775ce93057e5986","de8ab2a75330edc93f7c3b529463a05c5d2c1b7e","F:ChartForgeX.Motion.VisualMotionEasing.EaseInOut","ChartForgeX","ChartForgeX.Stories","ChartForgeX.Motion.VisualMotionEasing.EaseInOut = 2","ChartForgeX.Motion.VisualMotionEasing.EaseInOut = 2","assembly-move","ChartForgeX.Stories"
"9cd02a52af97426eab4bf64b9775ce93057e5986","de8ab2a75330edc93f7c3b529463a05c5d2c1b7e","F:ChartForgeX.Motion.VisualMotionEasing.EaseOut","ChartForgeX","ChartForgeX.Stories","ChartForgeX.Motion.VisualMotionEasing.EaseOut = 1","ChartForgeX.Motion.VisualMotionEasing.EaseOut = 1","assembly-move","ChartForgeX.Stories"
"9cd02a52af97426eab4bf64b9775ce93057e5986","de8ab2a75330edc93f7c3b529463a05c5d2c1b7e","F:ChartForgeX.Motion.VisualMotionEasing.Emphasized","ChartForgeX","ChartForgeX.Stories","ChartForgeX.Motion.VisualMotionEasing.Emphasized = 3","ChartForgeX.Motion.VisualMotionEasing.Emphasized = 3","assembly-move","ChartForgeX.Stories"
"9cd02a52af97426eab4bf64b9775ce93057e5986","de8ab2a75330edc93f7c3b529463a05c5d2c1b7e","F:ChartForgeX.Motion.VisualMotionEasing.Linear","ChartForgeX","ChartForgeX.Stories","ChartForgeX.Motion.VisualMotionEasing.Linear = 0","ChartForgeX.Motion.VisualMotionEasing.Linear = 0","assembly-move","ChartForgeX.Stories"
"9cd02a52af97426eab4bf64b9775ce93057e5986","de8ab2a75330edc93f7c3b529463a05c5d2c1b7e","F:ChartForgeX.Motion.VisualMotionEffect.Fade","ChartForgeX","ChartForgeX.Stories","ChartForgeX.Motion.VisualMotionEffect.Fade = 0","ChartForgeX.Motion.VisualMotionEffect.Fade = 0","assembly-move","ChartForgeX.Stories"
"9cd02a52af97426eab4bf64b9775ce93057e5986","de8ab2a75330edc93f7c3b529463a05c5d2c1b7e","F:ChartForgeX.Motion.VisualMotionEffect.Pulse","ChartForgeX","ChartForgeX.Stories","ChartForgeX.Motion.VisualMotionEffect.Pulse = 4","ChartForgeX.Motion.VisualMotionEffect.Pulse = 4","assembly-move","ChartForgeX.Stories"
"9cd02a52af97426eab4bf64b9775ce93057e5986","de8ab2a75330edc93f7c3b529463a05c5d2c1b7e","F:ChartForgeX.Motion.VisualMotionEffect.Reveal","ChartForgeX","ChartForgeX.Stories","ChartForgeX.Motion.VisualMotionEffect.Reveal = 2","ChartForgeX.Motion.VisualMotionEffect.Reveal = 2","assembly-move","ChartForgeX.Stories"
"9cd02a52af97426eab4bf64b9775ce93057e5986","de8ab2a75330edc93f7c3b529463a05c5d2c1b7e","F:ChartForgeX.Motion.VisualMotionEffect.Rise","ChartForgeX","ChartForgeX.Stories","ChartForgeX.Motion.VisualMotionEffect.Rise = 1","ChartForgeX.Motion.VisualMotionEffect.Rise = 1","assembly-move","ChartForgeX.Stories"
"9cd02a52af97426eab4bf64b9775ce93057e5986","de8ab2a75330edc93f7c3b529463a05c5d2c1b7e","F:ChartForgeX.Motion.VisualMotionEffect.Scale","ChartForgeX","ChartForgeX.Stories","ChartForgeX.Motion.VisualMotionEffect.Scale = 3","ChartForgeX.Motion.VisualMotionEffect.Scale = 3","assembly-move","ChartForgeX.Stories"
"9cd02a52af97426eab4bf64b9775ce93057e5986","de8ab2a75330edc93f7c3b529463a05c5d2c1b7e","F:ChartForgeX.Stories.StorySyntaxKind.Command","ChartForgeX","ChartForgeX.Stories","ChartForgeX.Stories.StorySyntaxKind.Command = 3","ChartForgeX.Stories.StorySyntaxKind.Command = 3","assembly-move","ChartForgeX.Stories"
"9cd02a52af97426eab4bf64b9775ce93057e5986","de8ab2a75330edc93f7c3b529463a05c5d2c1b7e","F:ChartForgeX.Stories.StorySyntaxKind.Comment","ChartForgeX","ChartForgeX.Stories","ChartForgeX.Stories.StorySyntaxKind.Comment = 9","ChartForgeX.Stories.StorySyntaxKind.Comment = 9","assembly-move","ChartForgeX.Stories"
"9cd02a52af97426eab4bf64b9775ce93057e5986","de8ab2a75330edc93f7c3b529463a05c5d2c1b7e","F:ChartForgeX.Stories.StorySyntaxKind.Keyword","ChartForgeX","ChartForgeX.Stories","ChartForgeX.Stories.StorySyntaxKind.Keyword = 1","ChartForgeX.Stories.StorySyntaxKind.Keyword = 1","assembly-move","ChartForgeX.Stories"
"9cd02a52af97426eab4bf64b9775ce93057e5986","de8ab2a75330edc93f7c3b529463a05c5d2c1b7e","F:ChartForgeX.Stories.StorySyntaxKind.Number","ChartForgeX","ChartForgeX.Stories","ChartForgeX.Stories.StorySyntaxKind.Number = 8","ChartForgeX.Stories.StorySyntaxKind.Number = 8","assembly-move","ChartForgeX.Stories"
"9cd02a52af97426eab4bf64b9775ce93057e5986","de8ab2a75330edc93f7c3b529463a05c5d2c1b7e","F:ChartForgeX.Stories.StorySyntaxKind.Operator","ChartForgeX","ChartForgeX.Stories","ChartForgeX.Stories.StorySyntaxKind.Operator = 10","ChartForgeX.Stories.StorySyntaxKind.Operator = 10","assembly-move","ChartForgeX.Stories"
"9cd02a52af97426eab4bf64b9775ce93057e5986","de8ab2a75330edc93f7c3b529463a05c5d2c1b7e","F:ChartForgeX.Stories.StorySyntaxKind.Parameter","ChartForgeX","ChartForgeX.Stories","ChartForgeX.Stories.StorySyntaxKind.Parameter = 4","ChartForgeX.Stories.StorySyntaxKind.Parameter = 4","assembly-move","ChartForgeX.Stories"
"9cd02a52af97426eab4bf64b9775ce93057e5986","de8ab2a75330edc93f7c3b529463a05c5d2c1b7e","F:ChartForgeX.Stories.StorySyntaxKind.Plain","ChartForgeX","ChartForgeX.Stories","ChartForgeX.Stories.StorySyntaxKind.Plain = 0","ChartForgeX.Stories.StorySyntaxKind.Plain = 0","assembly-move","ChartForgeX.Stories"
"9cd02a52af97426eab4bf64b9775ce93057e5986","de8ab2a75330edc93f7c3b529463a05c5d2c1b7e","F:ChartForgeX.Stories.StorySyntaxKind.Property","ChartForgeX","ChartForgeX.Stories","ChartForgeX.Stories.StorySyntaxKind.Property = 6","ChartForgeX.Stories.StorySyntaxKind.Property = 6","assembly-move","ChartForgeX.Stories"
"9cd02a52af97426eab4bf64b9775ce93057e5986","de8ab2a75330edc93f7c3b529463a05c5d2c1b7e","F:ChartForgeX.Stories.StorySyntaxKind.Punctuation","ChartForgeX","ChartForgeX.Stories","ChartForgeX.Stories.StorySyntaxKind.Punctuation = 11","ChartForgeX.Stories.StorySyntaxKind.Punctuation = 11","assembly-move","ChartForgeX.Stories"
"9cd02a52af97426eab4bf64b9775ce93057e5986","de8ab2a75330edc93f7c3b529463a05c5d2c1b7e","F:ChartForgeX.Stories.StorySyntaxKind.String","ChartForgeX","ChartForgeX.Stories","ChartForgeX.Stories.StorySyntaxKind.String = 7","ChartForgeX.Stories.StorySyntaxKind.String = 7","assembly-move","ChartForgeX.Stories"
"9cd02a52af97426eab4bf64b9775ce93057e5986","de8ab2a75330edc93f7c3b529463a05c5d2c1b7e","F:ChartForgeX.Stories.StorySyntaxKind.Type","ChartForgeX","ChartForgeX.Stories","ChartForgeX.Stories.StorySyntaxKind.Type = 2","ChartForgeX.Stories.StorySyntaxKind.Type = 2","assembly-move","ChartForgeX.Stories"
"9cd02a52af97426eab4bf64b9775ce93057e5986","de8ab2a75330edc93f7c3b529463a05c5d2c1b7e","F:ChartForgeX.Stories.StorySyntaxKind.Variable","ChartForgeX","ChartForgeX.Stories","ChartForgeX.Stories.StorySyntaxKind.Variable = 5","ChartForgeX.Stories.StorySyntaxKind.Variable = 5","assembly-move","ChartForgeX.Stories"
"9cd02a52af97426eab4bf64b9775ce93057e5986","de8ab2a75330edc93f7c3b529463a05c5d2c1b7e","F:ChartForgeX.Stories.VisualStorySceneLayout.Focus","ChartForgeX","ChartForgeX.Stories","ChartForgeX.Stories.VisualStorySceneLayout.Focus = 0","ChartForgeX.Stories.VisualStorySceneLayout.Focus = 0","assembly-move","ChartForgeX.Stories"
"9cd02a52af97426eab4bf64b9775ce93057e5986","de8ab2a75330edc93f7c3b529463a05c5d2c1b7e","F:ChartForgeX.Stories.VisualStorySceneLayout.Split","ChartForgeX","ChartForgeX.Stories","ChartForgeX.Stories.VisualStorySceneLayout.Split = 1","ChartForgeX.Stories.VisualStorySceneLayout.Split = 1","assembly-move","ChartForgeX.Stories"
"9cd02a52af97426eab4bf64b9775ce93057e5986","de8ab2a75330edc93f7c3b529463a05c5d2c1b7e","F:ChartForgeX.Stories.VisualStorySceneLayout.Stacked","ChartForgeX","ChartForgeX.Stories","ChartForgeX.Stories.VisualStorySceneLayout.Stacked = 2","ChartForgeX.Stories.VisualStorySceneLayout.Stacked = 2","assembly-move","ChartForgeX.Stories"
"9cd02a52af97426eab4bf64b9775ce93057e5986","de8ab2a75330edc93f7c3b529463a05c5d2c1b7e","F:ChartForgeX.Stories.VisualStorySurfaceKind.Media","ChartForgeX","ChartForgeX.Stories","ChartForgeX.Stories.VisualStorySurfaceKind.Media = 2","ChartForgeX.Stories.VisualStorySurfaceKind.Media = 2","assembly-move","ChartForgeX.Stories"
"9cd02a52af97426eab4bf64b9775ce93057e5986","de8ab2a75330edc93f7c3b529463a05c5d2c1b7e","F:ChartForgeX.Stories.VisualStorySurfaceKind.Source","ChartForgeX","ChartForgeX.Stories","ChartForgeX.Stories.VisualStorySurfaceKind.Source = 0","ChartForgeX.Stories.VisualStorySurfaceKind.Source = 0","assembly-move","ChartForgeX.Stories"
"9cd02a52af97426eab4bf64b9775ce93057e5986","de8ab2a75330edc93f7c3b529463a05c5d2c1b7e","F:ChartForgeX.Stories.VisualStorySurfaceKind.Terminal","ChartForgeX","ChartForgeX.Stories","ChartForgeX.Stories.VisualStorySurfaceKind.Terminal = 1","ChartForgeX.Stories.VisualStorySurfaceKind.Terminal = 1","assembly-move","ChartForgeX.Stories"
"9cd02a52af97426eab4bf64b9775ce93057e5986","de8ab2a75330edc93f7c3b529463a05c5d2c1b7e","F:ChartForgeX.Stories.VisualStorySurfaceKind.Text","ChartForgeX","ChartForgeX.Stories","ChartForgeX.Stories.VisualStorySurfaceKind.Text = 3","ChartForgeX.Stories.VisualStorySurfaceKind.Text = 3","assembly-move","ChartForgeX.Stories"
"9cd02a52af97426eab4bf64b9775ce93057e5986","de8ab2a75330edc93f7c3b529463a05c5d2c1b7e","F:ChartForgeX.Terminal.TerminalColumnAlignment.Left","ChartForgeX","ChartForgeX.Stories","ChartForgeX.Terminal.TerminalColumnAlignment.Left = 0","ChartForgeX.Terminal.TerminalColumnAlignment.Left = 0","assembly-move","ChartForgeX.Stories"
"9cd02a52af97426eab4bf64b9775ce93057e5986","de8ab2a75330edc93f7c3b529463a05c5d2c1b7e","F:ChartForgeX.Terminal.TerminalColumnAlignment.Right","ChartForgeX","ChartForgeX.Stories","ChartForgeX.Terminal.TerminalColumnAlignment.Right = 1","ChartForgeX.Terminal.TerminalColumnAlignment.Right = 1","assembly-move","ChartForgeX.Stories"
"9cd02a52af97426eab4bf64b9775ce93057e5986","de8ab2a75330edc93f7c3b529463a05c5d2c1b7e","F:ChartForgeX.Terminal.TerminalDialect.Bash","ChartForgeX","ChartForgeX.Stories","ChartForgeX.Terminal.TerminalDialect.Bash = 1","ChartForgeX.Terminal.TerminalDialect.Bash = 1","assembly-move","ChartForgeX.Stories"
"9cd02a52af97426eab4bf64b9775ce93057e5986","de8ab2a75330edc93f7c3b529463a05c5d2c1b7e","F:ChartForgeX.Terminal.TerminalDialect.CSharp","ChartForgeX","ChartForgeX.Stories","ChartForgeX.Terminal.TerminalDialect.CSharp = 4","ChartForgeX.Terminal.TerminalDialect.CSharp = 4","assembly-move","ChartForgeX.Stories"
"9cd02a52af97426eab4bf64b9775ce93057e5986","de8ab2a75330edc93f7c3b529463a05c5d2c1b7e","F:ChartForgeX.Terminal.TerminalDialect.CommandPrompt","ChartForgeX","ChartForgeX.Stories","ChartForgeX.Terminal.TerminalDialect.CommandPrompt = 2","ChartForgeX.Terminal.TerminalDialect.CommandPrompt = 2","assembly-move","ChartForgeX.Stories"
"9cd02a52af97426eab4bf64b9775ce93057e5986","de8ab2a75330edc93f7c3b529463a05c5d2c1b7e","F:ChartForgeX.Terminal.TerminalDialect.Custom","ChartForgeX","ChartForgeX.Stories","ChartForgeX.Terminal.TerminalDialect.Custom = 5","ChartForgeX.Terminal.TerminalDialect.Custom = 5","assembly-move","ChartForgeX.Stories"
"9cd02a52af97426eab4bf64b9775ce93057e5986","de8ab2a75330edc93f7c3b529463a05c5d2c1b7e","F:ChartForgeX.Terminal.TerminalDialect.PowerShell","ChartForgeX","ChartForgeX.Stories","ChartForgeX.Terminal.TerminalDialect.PowerShell = 0","ChartForgeX.Terminal.TerminalDialect.PowerShell = 0","assembly-move","ChartForgeX.Stories"
"9cd02a52af97426eab4bf64b9775ce93057e5986","de8ab2a75330edc93f7c3b529463a05c5d2c1b7e","F:ChartForgeX.Terminal.TerminalDialect.Python","ChartForgeX","ChartForgeX.Stories","ChartForgeX.Terminal.TerminalDialect.Python = 3","ChartForgeX.Terminal.TerminalDialect.Python = 3","assembly-move","ChartForgeX.Stories"
"9cd02a52af97426eab4bf64b9775ce93057e5986","de8ab2a75330edc93f7c3b529463a05c5d2c1b7e","F:ChartForgeX.Terminal.TerminalStoryPlaybackSpeed.Fast","ChartForgeX","ChartForgeX.Stories","ChartForgeX.Terminal.TerminalStoryPlaybackSpeed.Fast = 2","ChartForgeX.Terminal.TerminalStoryPlaybackSpeed.Fast = 2","assembly-move","ChartForgeX.Stories"
"9cd02a52af97426eab4bf64b9775ce93057e5986","de8ab2a75330edc93f7c3b529463a05c5d2c1b7e","F:ChartForgeX.Terminal.TerminalStoryPlaybackSpeed.Normal","ChartForgeX","ChartForgeX.Stories","ChartForgeX.Terminal.TerminalStoryPlaybackSpeed.Normal = 1","ChartForgeX.Terminal.TerminalStoryPlaybackSpeed.Normal = 1","assembly-move","ChartForgeX.Stories"
"9cd02a52af97426eab4bf64b9775ce93057e5986","de8ab2a75330edc93f7c3b529463a05c5d2c1b7e","F:ChartForgeX.Terminal.TerminalStoryPlaybackSpeed.Slow","ChartForgeX","ChartForgeX.Stories","ChartForgeX.Terminal.TerminalStoryPlaybackSpeed.Slow = 0","ChartForgeX.Terminal.TerminalStoryPlaybackSpeed.Slow = 0","assembly-move","ChartForgeX.Stories"
"9cd02a52af97426eab4bf64b9775ce93057e5986","de8ab2a75330edc93f7c3b529463a05c5d2c1b7e","F:ChartForgeX.Terminal.TerminalStoryStepKind.Blank","ChartForgeX","ChartForgeX.Stories","ChartForgeX.Terminal.TerminalStoryStepKind.Blank = 2","ChartForgeX.Terminal.TerminalStoryStepKind.Blank = 2","assembly-move","ChartForgeX.Stories"
"9cd02a52af97426eab4bf64b9775ce93057e5986","de8ab2a75330edc93f7c3b529463a05c5d2c1b7e","F:ChartForgeX.Terminal.TerminalStoryStepKind.Command","ChartForgeX","ChartForgeX.Stories","ChartForgeX.Terminal.TerminalStoryStepKind.Command = 0","ChartForgeX.Terminal.TerminalStoryStepKind.Command = 0","assembly-move","ChartForgeX.Stories"
"9cd02a52af97426eab4bf64b9775ce93057e5986","de8ab2a75330edc93f7c3b529463a05c5d2c1b7e","F:ChartForgeX.Terminal.TerminalStoryStepKind.DeclareTab","ChartForgeX","ChartForgeX.Stories","ChartForgeX.Terminal.TerminalStoryStepKind.DeclareTab = 5","ChartForgeX.Terminal.TerminalStoryStepKind.DeclareTab = 5","assembly-move","ChartForgeX.Stories"
"9cd02a52af97426eab4bf64b9775ce93057e5986","de8ab2a75330edc93f7c3b529463a05c5d2c1b7e","F:ChartForgeX.Terminal.TerminalStoryStepKind.OpenTab","ChartForgeX","ChartForgeX.Stories","ChartForgeX.Terminal.TerminalStoryStepKind.OpenTab = 6","ChartForgeX.Terminal.TerminalStoryStepKind.OpenTab = 6","assembly-move","ChartForgeX.Stories"
"9cd02a52af97426eab4bf64b9775ce93057e5986","de8ab2a75330edc93f7c3b529463a05c5d2c1b7e","F:ChartForgeX.Terminal.TerminalStoryStepKind.Output","ChartForgeX","ChartForgeX.Stories","ChartForgeX.Terminal.TerminalStoryStepKind.Output = 1","ChartForgeX.Terminal.TerminalStoryStepKind.Output = 1","assembly-move","ChartForgeX.Stories"
"9cd02a52af97426eab4bf64b9775ce93057e5986","de8ab2a75330edc93f7c3b529463a05c5d2c1b7e","F:ChartForgeX.Terminal.TerminalStoryStepKind.Pause","ChartForgeX","ChartForgeX.Stories","ChartForgeX.Terminal.TerminalStoryStepKind.Pause = 3","ChartForgeX.Terminal.TerminalStoryStepKind.Pause = 3","assembly-move","ChartForgeX.Stories"
"9cd02a52af97426eab4bf64b9775ce93057e5986","de8ab2a75330edc93f7c3b529463a05c5d2c1b7e","F:ChartForgeX.Terminal.TerminalStoryStepKind.SelectTab","ChartForgeX","ChartForgeX.Stories","ChartForgeX.Terminal.TerminalStoryStepKind.SelectTab = 7","ChartForgeX.Terminal.TerminalStoryStepKind.SelectTab = 7","assembly-move","ChartForgeX.Stories"
"9cd02a52af97426eab4bf64b9775ce93057e5986","de8ab2a75330edc93f7c3b529463a05c5d2c1b7e","F:ChartForgeX.Terminal.TerminalStoryStepKind.Table","ChartForgeX","ChartForgeX.Stories","ChartForgeX.Terminal.TerminalStoryStepKind.Table = 4","ChartForgeX.Terminal.TerminalStoryStepKind.Table = 4","assembly-move","ChartForgeX.Stories"
"9cd02a52af97426eab4bf64b9775ce93057e5986","de8ab2a75330edc93f7c3b529463a05c5d2c1b7e","F:ChartForgeX.Terminal.TerminalTabIcon.Bash","ChartForgeX","ChartForgeX.Stories","ChartForgeX.Terminal.TerminalTabIcon.Bash = 3","ChartForgeX.Terminal.TerminalTabIcon.Bash = 3","assembly-move","ChartForgeX.Stories"
"9cd02a52af97426eab4bf64b9775ce93057e5986","de8ab2a75330edc93f7c3b529463a05c5d2c1b7e","F:ChartForgeX.Terminal.TerminalTabIcon.CommandPrompt","ChartForgeX","ChartForgeX.Stories","ChartForgeX.Terminal.TerminalTabIcon.CommandPrompt = 5","ChartForgeX.Terminal.TerminalTabIcon.CommandPrompt = 5","assembly-move","ChartForgeX.Stories"
"9cd02a52af97426eab4bf64b9775ce93057e5986","de8ab2a75330edc93f7c3b529463a05c5d2c1b7e","F:ChartForgeX.Terminal.TerminalTabIcon.None","ChartForgeX","ChartForgeX.Stories","ChartForgeX.Terminal.TerminalTabIcon.None = 6","ChartForgeX.Terminal.TerminalTabIcon.None = 6","assembly-move","ChartForgeX.Stories"
"9cd02a52af97426eab4bf64b9775ce93057e5986","de8ab2a75330edc93f7c3b529463a05c5d2c1b7e","F:ChartForgeX.Terminal.TerminalTabIcon.PowerShell","ChartForgeX","ChartForgeX.Stories","ChartForgeX.Terminal.TerminalTabIcon.PowerShell = 1","ChartForgeX.Terminal.TerminalTabIcon.PowerShell = 1","assembly-move","ChartForgeX.Stories"
"9cd02a52af97426eab4bf64b9775ce93057e5986","de8ab2a75330edc93f7c3b529463a05c5d2c1b7e","F:ChartForgeX.Terminal.TerminalTabIcon.Terminal","ChartForgeX","ChartForgeX.Stories","ChartForgeX.Terminal.TerminalTabIcon.Terminal = 0","ChartForgeX.Terminal.TerminalTabIcon.Terminal = 0","assembly-move","ChartForgeX.Stories"
"9cd02a52af97426eab4bf64b9775ce93057e5986","de8ab2a75330edc93f7c3b529463a05c5d2c1b7e","F:ChartForgeX.Terminal.TerminalTabIcon.Ubuntu","ChartForgeX","ChartForgeX.Stories","ChartForgeX.Terminal.TerminalTabIcon.Ubuntu = 4","ChartForgeX.Terminal.TerminalTabIcon.Ubuntu = 4","assembly-move","ChartForgeX.Stories"
"9cd02a52af97426eab4bf64b9775ce93057e5986","de8ab2a75330edc93f7c3b529463a05c5d2c1b7e","F:ChartForgeX.Terminal.TerminalTabIcon.WindowsPowerShell","ChartForgeX","ChartForgeX.Stories","ChartForgeX.Terminal.TerminalTabIcon.WindowsPowerShell = 2","ChartForgeX.Terminal.TerminalTabIcon.WindowsPowerShell = 2","assembly-move","ChartForgeX.Stories"
"9cd02a52af97426eab4bf64b9775ce93057e5986","de8ab2a75330edc93f7c3b529463a05c5d2c1b7e","F:ChartForgeX.Terminal.TerminalTextTone.Accent","ChartForgeX","ChartForgeX.Stories","ChartForgeX.Terminal.TerminalTextTone.Accent = 2","ChartForgeX.Terminal.TerminalTextTone.Accent = 2","assembly-move","ChartForgeX.Stories"
"9cd02a52af97426eab4bf64b9775ce93057e5986","de8ab2a75330edc93f7c3b529463a05c5d2c1b7e","F:ChartForgeX.Terminal.TerminalTextTone.Default","ChartForgeX","ChartForgeX.Stories","ChartForgeX.Terminal.TerminalTextTone.Default = 0","ChartForgeX.Terminal.TerminalTextTone.Default = 0","assembly-move","ChartForgeX.Stories"
"9cd02a52af97426eab4bf64b9775ce93057e5986","de8ab2a75330edc93f7c3b529463a05c5d2c1b7e","F:ChartForgeX.Terminal.TerminalTextTone.Error","ChartForgeX","ChartForgeX.Stories","ChartForgeX.Terminal.TerminalTextTone.Error = 5","ChartForgeX.Terminal.TerminalTextTone.Error = 5","assembly-move","ChartForgeX.Stories"
"9cd02a52af97426eab4bf64b9775ce93057e5986","de8ab2a75330edc93f7c3b529463a05c5d2c1b7e","F:ChartForgeX.Terminal.TerminalTextTone.Muted","ChartForgeX","ChartForgeX.Stories","ChartForgeX.Terminal.TerminalTextTone.Muted = 1","ChartForgeX.Terminal.TerminalTextTone.Muted = 1","assembly-move","ChartForgeX.Stories"
"9cd02a52af97426eab4bf64b9775ce93057e5986","de8ab2a75330edc93f7c3b529463a05c5d2c1b7e","F:ChartForgeX.Terminal.TerminalTextTone.Success","ChartForgeX","ChartForgeX.Stories","ChartForgeX.Terminal.TerminalTextTone.Success = 3","ChartForgeX.Terminal.TerminalTextTone.Success = 3","assembly-move","ChartForgeX.Stories"
"9cd02a52af97426eab4bf64b9775ce93057e5986","de8ab2a75330edc93f7c3b529463a05c5d2c1b7e","F:ChartForgeX.Terminal.TerminalTextTone.Warning","ChartForgeX","ChartForgeX.Stories","ChartForgeX.Terminal.TerminalTextTone.Warning = 4","ChartForgeX.Terminal.TerminalTextTone.Warning = 4","assembly-move","ChartForgeX.Stories"
"9cd02a52af97426eab4bf64b9775ce93057e5986","de8ab2a75330edc93f7c3b529463a05c5d2c1b7e","F:ChartForgeX.Terminal.TerminalWindowStyle.MacOS","ChartForgeX","ChartForgeX.Stories","ChartForgeX.Terminal.TerminalWindowStyle.MacOS = 0","ChartForgeX.Terminal.TerminalWindowStyle.MacOS = 0","assembly-move","ChartForgeX.Stories"
"9cd02a52af97426eab4bf64b9775ce93057e5986","de8ab2a75330edc93f7c3b529463a05c5d2c1b7e","F:ChartForgeX.Terminal.TerminalWindowStyle.Minimal","ChartForgeX","ChartForgeX.Stories","ChartForgeX.Terminal.TerminalWindowStyle.Minimal = 2","ChartForgeX.Terminal.TerminalWindowStyle.Minimal = 2","assembly-move","ChartForgeX.Stories"
"9cd02a52af97426eab4bf64b9775ce93057e5986","de8ab2a75330edc93f7c3b529463a05c5d2c1b7e","F:ChartForgeX.Terminal.TerminalWindowStyle.None","ChartForgeX","ChartForgeX.Stories","ChartForgeX.Terminal.TerminalWindowStyle.None = 3","ChartForgeX.Terminal.TerminalWindowStyle.None = 3","assembly-move","ChartForgeX.Stories"
"9cd02a52af97426eab4bf64b9775ce93057e5986","de8ab2a75330edc93f7c3b529463a05c5d2c1b7e","F:ChartForgeX.Terminal.TerminalWindowStyle.WindowsTerminal","ChartForgeX","ChartForgeX.Stories","ChartForgeX.Terminal.TerminalWindowStyle.WindowsTerminal = 1","ChartForgeX.Terminal.TerminalWindowStyle.WindowsTerminal = 1","assembly-move","ChartForgeX.Stories"
"9cd02a52af97426eab4bf64b9775ce93057e5986","de8ab2a75330edc93f7c3b529463a05c5d2c1b7e","F:ChartForgeX.VisualArtifacts.VisualWatermarkKind.Image","ChartForgeX","ChartForgeX.Visuals","ChartForgeX.VisualArtifacts.VisualWatermarkKind.Image = 1","ChartForgeX.VisualArtifacts.VisualWatermarkKind.Image = 1","assembly-move","ChartForgeX.Visuals"
"9cd02a52af97426eab4bf64b9775ce93057e5986","de8ab2a75330edc93f7c3b529463a05c5d2c1b7e","F:ChartForgeX.VisualArtifacts.VisualWatermarkKind.Text","ChartForgeX","ChartForgeX.Visuals","ChartForgeX.VisualArtifacts.VisualWatermarkKind.Text = 0","ChartForgeX.VisualArtifacts.VisualWatermarkKind.Text = 0","assembly-move","ChartForgeX.Visuals"
"9cd02a52af97426eab4bf64b9775ce93057e5986","de8ab2a75330edc93f7c3b529463a05c5d2c1b7e","F:ChartForgeX.VisualBlocks.ActivityTimelineItemKind.ChecklistItem","ChartForgeX","ChartForgeX.Visuals","ChartForgeX.VisualBlocks.ActivityTimelineItemKind.ChecklistItem = 2","ChartForgeX.VisualBlocks.ActivityTimelineItemKind.ChecklistItem = 2","assembly-move","ChartForgeX.Visuals"
"9cd02a52af97426eab4bf64b9775ce93057e5986","de8ab2a75330edc93f7c3b529463a05c5d2c1b7e","F:ChartForgeX.VisualBlocks.ActivityTimelineItemKind.Event","ChartForgeX","ChartForgeX.Visuals","ChartForgeX.VisualBlocks.ActivityTimelineItemKind.Event = 1","ChartForgeX.VisualBlocks.ActivityTimelineItemKind.Event = 1","assembly-move","ChartForgeX.Visuals"
"9cd02a52af97426eab4bf64b9775ce93057e5986","de8ab2a75330edc93f7c3b529463a05c5d2c1b7e","F:ChartForgeX.VisualBlocks.ActivityTimelineItemKind.HiddenSummary","ChartForgeX","ChartForgeX.Visuals","ChartForgeX.VisualBlocks.ActivityTimelineItemKind.HiddenSummary = 3","ChartForgeX.VisualBlocks.ActivityTimelineItemKind.HiddenSummary = 3","assembly-move","ChartForgeX.Visuals"
"9cd02a52af97426eab4bf64b9775ce93057e5986","de8ab2a75330edc93f7c3b529463a05c5d2c1b7e","F:ChartForgeX.VisualBlocks.ActivityTimelineItemKind.Section","ChartForgeX","ChartForgeX.Visuals","ChartForgeX.VisualBlocks.ActivityTimelineItemKind.Section = 0","ChartForgeX.VisualBlocks.ActivityTimelineItemKind.Section = 0","assembly-move","ChartForgeX.Visuals"
"9cd02a52af97426eab4bf64b9775ce93057e5986","de8ab2a75330edc93f7c3b529463a05c5d2c1b7e","F:ChartForgeX.VisualBlocks.ChartTableCellMicroVisualKind.MiniBars","ChartForgeX","ChartForgeX.Visuals","ChartForgeX.VisualBlocks.ChartTableCellMicroVisualKind.MiniBars = 1","ChartForgeX.VisualBlocks.ChartTableCellMicroVisualKind.MiniBars = 1","assembly-move","ChartForgeX.Visuals"
"9cd02a52af97426eab4bf64b9775ce93057e5986","de8ab2a75330edc93f7c3b529463a05c5d2c1b7e","F:ChartForgeX.VisualBlocks.ChartTableCellMicroVisualKind.None","ChartForgeX","ChartForgeX.Visuals","ChartForgeX.VisualBlocks.ChartTableCellMicroVisualKind.None = 0","ChartForgeX.VisualBlocks.ChartTableCellMicroVisualKind.None = 0","assembly-move","ChartForgeX.Visuals"
"9cd02a52af97426eab4bf64b9775ce93057e5986","de8ab2a75330edc93f7c3b529463a05c5d2c1b7e","F:ChartForgeX.VisualBlocks.ChartTableCellMicroVisualKind.Sparkline","ChartForgeX","ChartForgeX.Visuals","ChartForgeX.VisualBlocks.ChartTableCellMicroVisualKind.Sparkline = 2","ChartForgeX.VisualBlocks.ChartTableCellMicroVisualKind.Sparkline = 2","assembly-move","ChartForgeX.Visuals"
"9cd02a52af97426eab4bf64b9775ce93057e5986","de8ab2a75330edc93f7c3b529463a05c5d2c1b7e","F:ChartForgeX.VisualBlocks.MetricCardBadgePlacement.TopLeft","ChartForgeX","ChartForgeX.Visuals","ChartForgeX.VisualBlocks.MetricCardBadgePlacement.TopLeft = 1","ChartForgeX.VisualBlocks.MetricCardBadgePlacement.TopLeft = 1","assembly-move","ChartForgeX.Visuals"
"9cd02a52af97426eab4bf64b9775ce93057e5986","de8ab2a75330edc93f7c3b529463a05c5d2c1b7e","F:ChartForgeX.VisualBlocks.MetricCardBadgePlacement.TopRight","ChartForgeX","ChartForgeX.Visuals","ChartForgeX.VisualBlocks.MetricCardBadgePlacement.TopRight = 0","ChartForgeX.VisualBlocks.MetricCardBadgePlacement.TopRight = 0","assembly-move","ChartForgeX.Visuals"
"9cd02a52af97426eab4bf64b9775ce93057e5986","de8ab2a75330edc93f7c3b529463a05c5d2c1b7e","F:ChartForgeX.VisualBlocks.MetricCardMicroVisualPlacement.Hero","ChartForgeX","ChartForgeX.Visuals","ChartForgeX.VisualBlocks.MetricCardMicroVisualPlacement.Hero = 1","ChartForgeX.VisualBlocks.MetricCardMicroVisualPlacement.Hero = 1","assembly-move","ChartForgeX.Visuals"
"9cd02a52af97426eab4bf64b9775ce93057e5986","de8ab2a75330edc93f7c3b529463a05c5d2c1b7e","F:ChartForgeX.VisualBlocks.MetricCardMicroVisualPlacement.Inline","ChartForgeX","ChartForgeX.Visuals","ChartForgeX.VisualBlocks.MetricCardMicroVisualPlacement.Inline = 0","ChartForgeX.VisualBlocks.MetricCardMicroVisualPlacement.Inline = 0","assembly-move","ChartForgeX.Visuals"
"9cd02a52af97426eab4bf64b9775ce93057e5986","de8ab2a75330edc93f7c3b529463a05c5d2c1b7e","F:ChartForgeX.VisualBlocks.MetricCardMicroVisualSurface.Inset","ChartForgeX","ChartForgeX.Visuals","ChartForgeX.VisualBlocks.MetricCardMicroVisualSurface.Inset = 1","ChartForgeX.VisualBlocks.MetricCardMicroVisualSurface.Inset = 1","assembly-move","ChartForgeX.Visuals"
"9cd02a52af97426eab4bf64b9775ce93057e5986","de8ab2a75330edc93f7c3b529463a05c5d2c1b7e","F:ChartForgeX.VisualBlocks.MetricCardMicroVisualSurface.None","ChartForgeX","ChartForgeX.Visuals","ChartForgeX.VisualBlocks.MetricCardMicroVisualSurface.None = 0","ChartForgeX.VisualBlocks.MetricCardMicroVisualSurface.None = 0","assembly-move","ChartForgeX.Visuals"
"9cd02a52af97426eab4bf64b9775ce93057e5986","de8ab2a75330edc93f7c3b529463a05c5d2c1b7e","F:ChartForgeX.VisualBlocks.MetricCardSparklineStyle.Area","ChartForgeX","ChartForgeX.Visuals","ChartForgeX.VisualBlocks.MetricCardSparklineStyle.Area = 0","ChartForgeX.VisualBlocks.MetricCardSparklineStyle.Area = 0","assembly-move","ChartForgeX.Visuals"
"9cd02a52af97426eab4bf64b9775ce93057e5986","de8ab2a75330edc93f7c3b529463a05c5d2c1b7e","F:ChartForgeX.VisualBlocks.MetricCardSparklineStyle.Line","ChartForgeX","ChartForgeX.Visuals","ChartForgeX.VisualBlocks.MetricCardSparklineStyle.Line = 1","ChartForgeX.VisualBlocks.MetricCardSparklineStyle.Line = 1","assembly-move","ChartForgeX.Visuals"
"9cd02a52af97426eab4bf64b9775ce93057e5986","de8ab2a75330edc93f7c3b529463a05c5d2c1b7e","F:ChartForgeX.VisualBlocks.SegmentedMetricStyle.CapsuleLoop","ChartForgeX","ChartForgeX.Visuals","ChartForgeX.VisualBlocks.SegmentedMetricStyle.CapsuleLoop = 1","ChartForgeX.VisualBlocks.SegmentedMetricStyle.CapsuleLoop = 1","assembly-move","ChartForgeX.Visuals"
"9cd02a52af97426eab4bf64b9775ce93057e5986","de8ab2a75330edc93f7c3b529463a05c5d2c1b7e","F:ChartForgeX.VisualBlocks.SegmentedMetricStyle.CompositionStrip","ChartForgeX","ChartForgeX.Visuals","ChartForgeX.VisualBlocks.SegmentedMetricStyle.CompositionStrip = 3","ChartForgeX.VisualBlocks.SegmentedMetricStyle.CompositionStrip = 3","assembly-move","ChartForgeX.Visuals"
"9cd02a52af97426eab4bf64b9775ce93057e5986","de8ab2a75330edc93f7c3b529463a05c5d2c1b7e","F:ChartForgeX.VisualBlocks.SegmentedMetricStyle.DistributionRows","ChartForgeX","ChartForgeX.Visuals","ChartForgeX.VisualBlocks.SegmentedMetricStyle.DistributionRows = 4","ChartForgeX.VisualBlocks.SegmentedMetricStyle.DistributionRows = 4","assembly-move","ChartForgeX.Visuals"
"9cd02a52af97426eab4bf64b9775ce93057e5986","de8ab2a75330edc93f7c3b529463a05c5d2c1b7e","F:ChartForgeX.VisualBlocks.SegmentedMetricStyle.FunnelColumns","ChartForgeX","ChartForgeX.Visuals","ChartForgeX.VisualBlocks.SegmentedMetricStyle.FunnelColumns = 2","ChartForgeX.VisualBlocks.SegmentedMetricStyle.FunnelColumns = 2","assembly-move","ChartForgeX.Visuals"
"9cd02a52af97426eab4bf64b9775ce93057e5986","de8ab2a75330edc93f7c3b529463a05c5d2c1b7e","F:ChartForgeX.VisualBlocks.SegmentedMetricStyle.ProgressRows","ChartForgeX","ChartForgeX.Visuals","ChartForgeX.VisualBlocks.SegmentedMetricStyle.ProgressRows = 0","ChartForgeX.VisualBlocks.SegmentedMetricStyle.ProgressRows = 0","assembly-move","ChartForgeX.Visuals"
"9cd02a52af97426eab4bf64b9775ce93057e5986","de8ab2a75330edc93f7c3b529463a05c5d2c1b7e","F:ChartForgeX.VisualBlocks.VisualBadgeStyle.Outline","ChartForgeX","ChartForgeX.Visuals","ChartForgeX.VisualBlocks.VisualBadgeStyle.Outline = 2","ChartForgeX.VisualBlocks.VisualBadgeStyle.Outline = 2","assembly-move","ChartForgeX.Visuals"
"9cd02a52af97426eab4bf64b9775ce93057e5986","de8ab2a75330edc93f7c3b529463a05c5d2c1b7e","F:ChartForgeX.VisualBlocks.VisualBadgeStyle.Soft","ChartForgeX","ChartForgeX.Visuals","ChartForgeX.VisualBlocks.VisualBadgeStyle.Soft = 0","ChartForgeX.VisualBlocks.VisualBadgeStyle.Soft = 0","assembly-move","ChartForgeX.Visuals"
"9cd02a52af97426eab4bf64b9775ce93057e5986","de8ab2a75330edc93f7c3b529463a05c5d2c1b7e","F:ChartForgeX.VisualBlocks.VisualBadgeStyle.Solid","ChartForgeX","ChartForgeX.Visuals","ChartForgeX.VisualBlocks.VisualBadgeStyle.Solid = 1","ChartForgeX.VisualBlocks.VisualBadgeStyle.Solid = 1","assembly-move","ChartForgeX.Visuals"
"9cd02a52af97426eab4bf64b9775ce93057e5986","de8ab2a75330edc93f7c3b529463a05c5d2c1b7e","F:ChartForgeX.VisualBlocks.VisualIcon.Bicycle","ChartForgeX","ChartForgeX.Visuals","ChartForgeX.VisualBlocks.VisualIcon.Bicycle = 6","ChartForgeX.VisualBlocks.VisualIcon.Bicycle = 6","assembly-move","ChartForgeX.Visuals"
"9cd02a52af97426eab4bf64b9775ce93057e5986","de8ab2a75330edc93f7c3b529463a05c5d2c1b7e","F:ChartForgeX.VisualBlocks.VisualIcon.Droplet","ChartForgeX","ChartForgeX.Visuals","ChartForgeX.VisualBlocks.VisualIcon.Droplet = 4","ChartForgeX.VisualBlocks.VisualIcon.Droplet = 4","assembly-move","ChartForgeX.Visuals"
"9cd02a52af97426eab4bf64b9775ce93057e5986","de8ab2a75330edc93f7c3b529463a05c5d2c1b7e","F:ChartForgeX.VisualBlocks.VisualIcon.Flame","ChartForgeX","ChartForgeX.Visuals","ChartForgeX.VisualBlocks.VisualIcon.Flame = 2","ChartForgeX.VisualBlocks.VisualIcon.Flame = 2","assembly-move","ChartForgeX.Visuals"
"9cd02a52af97426eab4bf64b9775ce93057e5986","de8ab2a75330edc93f7c3b529463a05c5d2c1b7e","F:ChartForgeX.VisualBlocks.VisualIcon.ForkKnife","ChartForgeX","ChartForgeX.Visuals","ChartForgeX.VisualBlocks.VisualIcon.ForkKnife = 1","ChartForgeX.VisualBlocks.VisualIcon.ForkKnife = 1","assembly-move","ChartForgeX.Visuals"
"9cd02a52af97426eab4bf64b9775ce93057e5986","de8ab2a75330edc93f7c3b529463a05c5d2c1b7e","F:ChartForgeX.VisualBlocks.VisualIcon.Lightning","ChartForgeX","ChartForgeX.Visuals","ChartForgeX.VisualBlocks.VisualIcon.Lightning = 3","ChartForgeX.VisualBlocks.VisualIcon.Lightning = 3","assembly-move","ChartForgeX.Visuals"
"9cd02a52af97426eab4bf64b9775ce93057e5986","de8ab2a75330edc93f7c3b529463a05c5d2c1b7e","F:ChartForgeX.VisualBlocks.VisualIcon.None","ChartForgeX","ChartForgeX.Visuals","ChartForgeX.VisualBlocks.VisualIcon.None = 0","ChartForgeX.VisualBlocks.VisualIcon.None = 0","assembly-move","ChartForgeX.Visuals"
"9cd02a52af97426eab4bf64b9775ce93057e5986","de8ab2a75330edc93f7c3b529463a05c5d2c1b7e","F:ChartForgeX.VisualBlocks.VisualIcon.Person","ChartForgeX","ChartForgeX.Visuals","ChartForgeX.VisualBlocks.VisualIcon.Person = 7","ChartForgeX.VisualBlocks.VisualIcon.Person = 7","assembly-move","ChartForgeX.Visuals"
"9cd02a52af97426eab4bf64b9775ce93057e5986","de8ab2a75330edc93f7c3b529463a05c5d2c1b7e","F:ChartForgeX.VisualBlocks.VisualIcon.Runner","ChartForgeX","ChartForgeX.Visuals","ChartForgeX.VisualBlocks.VisualIcon.Runner = 5","ChartForgeX.VisualBlocks.VisualIcon.Runner = 5","assembly-move","ChartForgeX.Visuals"
"9cd02a52af97426eab4bf64b9775ce93057e5986","de8ab2a75330edc93f7c3b529463a05c5d2c1b7e","F:ChartForgeX.VisualBlocks.VisualListMarker.Bullet","ChartForgeX","ChartForgeX.Visuals","ChartForgeX.VisualBlocks.VisualListMarker.Bullet = 1","ChartForgeX.VisualBlocks.VisualListMarker.Bullet = 1","assembly-move","ChartForgeX.Visuals"
"9cd02a52af97426eab4bf64b9775ce93057e5986","de8ab2a75330edc93f7c3b529463a05c5d2c1b7e","F:ChartForgeX.VisualBlocks.VisualListMarker.Check","ChartForgeX","ChartForgeX.Visuals","ChartForgeX.VisualBlocks.VisualListMarker.Check = 3","ChartForgeX.VisualBlocks.VisualListMarker.Check = 3","assembly-move","ChartForgeX.Visuals"
"9cd02a52af97426eab4bf64b9775ce93057e5986","de8ab2a75330edc93f7c3b529463a05c5d2c1b7e","F:ChartForgeX.VisualBlocks.VisualListMarker.None","ChartForgeX","ChartForgeX.Visuals","ChartForgeX.VisualBlocks.VisualListMarker.None = 0","ChartForgeX.VisualBlocks.VisualListMarker.None = 0","assembly-move","ChartForgeX.Visuals"
"9cd02a52af97426eab4bf64b9775ce93057e5986","de8ab2a75330edc93f7c3b529463a05c5d2c1b7e","F:ChartForgeX.VisualBlocks.VisualListMarker.Number","ChartForgeX","ChartForgeX.Visuals","ChartForgeX.VisualBlocks.VisualListMarker.Number = 2","ChartForgeX.VisualBlocks.VisualListMarker.Number = 2","assembly-move","ChartForgeX.Visuals"
"9cd02a52af97426eab4bf64b9775ce93057e5986","de8ab2a75330edc93f7c3b529463a05c5d2c1b7e","F:ChartForgeX.VisualBlocks.VisualListMarker.Status","ChartForgeX","ChartForgeX.Visuals","ChartForgeX.VisualBlocks.VisualListMarker.Status = 4","ChartForgeX.VisualBlocks.VisualListMarker.Status = 4","assembly-move","ChartForgeX.Visuals"
"9cd02a52af97426eab4bf64b9775ce93057e5986","de8ab2a75330edc93f7c3b529463a05c5d2c1b7e","M:ChartForgeX.ChartExtensions.AddChart(ChartForgeX.Composition.VisualCanvas,ChartForgeX.Composition.VisualCanvasPlacement,System.Double,System.Double,ChartForgeX.Core.Chart,ChartForgeX.Composition.VisualCanvasImageFit,System.Double)","ChartForgeX","","public static ChartForgeX.Composition.VisualCanvas ChartForgeX.ChartExtensions.AddChart(this ChartForgeX.Composition.VisualCanvas canvas, ChartForgeX.Composition.VisualCanvasPlacement placement, double width, double height, ChartForgeX.Core.Chart chart, [ChartForgeX.Composition.VisualCanvasImageFit fit = ChartForgeX.Composition.VisualCanvasImageFit.Stretch], [double opacity = 1])","","removed-or-replaced","ChartForgeX.Visuals"
"9cd02a52af97426eab4bf64b9775ce93057e5986","de8ab2a75330edc93f7c3b529463a05c5d2c1b7e","M:ChartForgeX.ChartExtensions.AddChart(ChartForgeX.Composition.VisualCanvas,System.Double,System.Double,System.Double,System.Double,ChartForgeX.Core.Chart,ChartForgeX.Composition.VisualCanvasImageFit,System.Double)","ChartForgeX","","public static ChartForgeX.Composition.VisualCanvas ChartForgeX.ChartExtensions.AddChart(this ChartForgeX.Composition.VisualCanvas canvas, double x, double y, double width, double height, ChartForgeX.Core.Chart chart, [ChartForgeX.Composition.VisualCanvasImageFit fit = ChartForgeX.Composition.VisualCanvasImageFit.Stretch], [double opacity = 1])","","removed-or-replaced","ChartForgeX.Visuals"
"9cd02a52af97426eab4bf64b9775ce93057e5986","de8ab2a75330edc93f7c3b529463a05c5d2c1b7e","M:ChartForgeX.ChartExtensions.AddChartGrid(ChartForgeX.Composition.VisualCanvas,ChartForgeX.Composition.VisualCanvasPlacement,System.Double,System.Double,ChartForgeX.Core.ChartGrid,ChartForgeX.Composition.VisualCanvasImageFit,System.Double)","ChartForgeX","","public static ChartForgeX.Composition.VisualCanvas ChartForgeX.ChartExtensions.AddChartGrid(this ChartForgeX.Composition.VisualCanvas canvas, ChartForgeX.Composition.VisualCanvasPlacement placement, double width, double height, ChartForgeX.Core.ChartGrid grid, [ChartForgeX.Composition.VisualCanvasImageFit fit = ChartForgeX.Composition.VisualCanvasImageFit.Stretch], [double opacity = 1])","","removed-or-replaced","ChartForgeX.Visuals"
"9cd02a52af97426eab4bf64b9775ce93057e5986","de8ab2a75330edc93f7c3b529463a05c5d2c1b7e","M:ChartForgeX.ChartExtensions.AddChartGrid(ChartForgeX.Composition.VisualCanvas,System.Double,System.Double,System.Double,System.Double,ChartForgeX.Core.ChartGrid,ChartForgeX.Composition.VisualCanvasImageFit,System.Double)","ChartForgeX","","public static ChartForgeX.Composition.VisualCanvas ChartForgeX.ChartExtensions.AddChartGrid(this ChartForgeX.Composition.VisualCanvas canvas, double x, double y, double width, double height, ChartForgeX.Core.ChartGrid grid, [ChartForgeX.Composition.VisualCanvasImageFit fit = ChartForgeX.Composition.VisualCanvasImageFit.Stretch], [double opacity = 1])","","removed-or-replaced","ChartForgeX.Visuals"
"9cd02a52af97426eab4bf64b9775ce93057e5986","de8ab2a75330edc93f7c3b529463a05c5d2c1b7e","M:ChartForgeX.ChartExtensions.AddHeroBadgeImageFile(ChartForgeX.Composition.VisualCanvas,ChartForgeX.Composition.VisualCanvasPlacement,System.Double,System.Double,System.String,System.String,System.Nullable{ChartForgeX.Primitives.ChartColor},ChartForgeX.Composition.VisualCanvasImageFit,System.Double,System.Double)","ChartForgeX","","public static ChartForgeX.Composition.VisualCanvas ChartForgeX.ChartExtensions.AddHeroBadgeImageFile(this ChartForgeX.Composition.VisualCanvas canvas, ChartForgeX.Composition.VisualCanvasPlacement placement, double width, double height, string path, [string symbol = """"], [ChartForgeX.Primitives.ChartColor? accent = null], [ChartForgeX.Composition.VisualCanvasImageFit fit = ChartForgeX.Composition.VisualCanvasImageFit.Contain], [double padding = 10], [double opacity = 1])","","removed-or-replaced","ChartForgeX.Visuals"
"9cd02a52af97426eab4bf64b9775ce93057e5986","de8ab2a75330edc93f7c3b529463a05c5d2c1b7e","M:ChartForgeX.ChartExtensions.AddHeroBadgeImageFile(ChartForgeX.Composition.VisualCanvas,System.Double,System.Double,System.Double,System.Double,System.String,System.String,System.Nullable{ChartForgeX.Primitives.ChartColor},ChartForgeX.Composition.VisualCanvasImageFit,System.Double,System.Double)","ChartForgeX","","public static ChartForgeX.Composition.VisualCanvas ChartForgeX.ChartExtensions.AddHeroBadgeImageFile(this ChartForgeX.Composition.VisualCanvas canvas, double x, double y, double width, double height, string path, [string symbol = """"], [ChartForgeX.Primitives.ChartColor? accent = null], [ChartForgeX.Composition.VisualCanvasImageFit fit = ChartForgeX.Composition.VisualCanvasImageFit.Contain], [double padding = 10], [double opacity = 1])","","removed-or-replaced","ChartForgeX.Visuals"
"9cd02a52af97426eab4bf64b9775ce93057e5986","de8ab2a75330edc93f7c3b529463a05c5d2c1b7e","M:ChartForgeX.ChartExtensions.AddImageBytes(ChartForgeX.Composition.VisualCanvas,ChartForgeX.Composition.VisualCanvasPlacement,System.Double,System.Double,System.Byte[],ChartForgeX.Composition.VisualCanvasImageFit,System.Double)","ChartForgeX","","public static ChartForgeX.Composition.VisualCanvas ChartForgeX.ChartExtensions.AddImageBytes(this ChartForgeX.Composition.VisualCanvas canvas, ChartForgeX.Composition.VisualCanvasPlacement placement, double width, double height, byte[] data, [ChartForgeX.Composition.VisualCanvasImageFit fit = ChartForgeX.Composition.VisualCanvasImageFit.Stretch], [double opacity = 1])","","removed-or-replaced","ChartForgeX.Visuals"
"9cd02a52af97426eab4bf64b9775ce93057e5986","de8ab2a75330edc93f7c3b529463a05c5d2c1b7e","M:ChartForgeX.ChartExtensions.AddImageBytes(ChartForgeX.Composition.VisualCanvas,System.Double,System.Double,System.Double,System.Double,System.Byte[],ChartForgeX.Composition.VisualCanvasImageFit,System.Double)","ChartForgeX","","public static ChartForgeX.Composition.VisualCanvas ChartForgeX.ChartExtensions.AddImageBytes(this ChartForgeX.Composition.VisualCanvas canvas, double x, double y, double width, double height, byte[] data, [ChartForgeX.Composition.VisualCanvasImageFit fit = ChartForgeX.Composition.VisualCanvasImageFit.Stretch], [double opacity = 1])","","removed-or-replaced","ChartForgeX.Visuals"
"9cd02a52af97426eab4bf64b9775ce93057e5986","de8ab2a75330edc93f7c3b529463a05c5d2c1b7e","M:ChartForgeX.ChartExtensions.AddImageFile(ChartForgeX.Composition.VisualCanvas,ChartForgeX.Composition.VisualCanvasPlacement,System.Double,System.Double,System.String,ChartForgeX.Composition.VisualCanvasImageFit,System.Double)","ChartForgeX","","public static ChartForgeX.Composition.VisualCanvas ChartForgeX.ChartExtensions.AddImageFile(this ChartForgeX.Composition.VisualCanvas canvas, ChartForgeX.Composition.VisualCanvasPlacement placement, double width, double height, string path, [ChartForgeX.Composition.VisualCanvasImageFit fit = ChartForgeX.Composition.VisualCanvasImageFit.Stretch], [double opacity = 1])","","removed-or-replaced","ChartForgeX.Visuals"
"9cd02a52af97426eab4bf64b9775ce93057e5986","de8ab2a75330edc93f7c3b529463a05c5d2c1b7e","M:ChartForgeX.ChartExtensions.AddImageFile(ChartForgeX.Composition.VisualCanvas,System.Double,System.Double,System.Double,System.Double,System.String,ChartForgeX.Composition.VisualCanvasImageFit,System.Double)","ChartForgeX","","public static ChartForgeX.Composition.VisualCanvas ChartForgeX.ChartExtensions.AddImageFile(this ChartForgeX.Composition.VisualCanvas canvas, double x, double y, double width, double height, string path, [ChartForgeX.Composition.VisualCanvasImageFit fit = ChartForgeX.Composition.VisualCanvasImageFit.Stretch], [double opacity = 1])","","removed-or-replaced","ChartForgeX.Visuals"
"9cd02a52af97426eab4bf64b9775ce93057e5986","de8ab2a75330edc93f7c3b529463a05c5d2c1b7e","M:ChartForgeX.ChartExtensions.AddRasterImage(ChartForgeX.Composition.VisualCanvas,ChartForgeX.Composition.VisualCanvasPlacement,System.Double,System.Double,ChartForgeX.Raster.RgbaImage,ChartForgeX.Composition.VisualCanvasImageFit,System.Double)","ChartForgeX","","public static ChartForgeX.Composition.VisualCanvas ChartForgeX.ChartExtensions.AddRasterImage(this ChartForgeX.Composition.VisualCanvas canvas, ChartForgeX.Composition.VisualCanvasPlacement placement, double width, double height, ChartForgeX.Raster.RgbaImage image, [ChartForgeX.Composition.VisualCanvasImageFit fit = ChartForgeX.Composition.VisualCanvasImageFit.Stretch], [double opacity = 1])","","removed-or-replaced","ChartForgeX.Visuals"
"9cd02a52af97426eab4bf64b9775ce93057e5986","de8ab2a75330edc93f7c3b529463a05c5d2c1b7e","M:ChartForgeX.ChartExtensions.AddRasterImage(ChartForgeX.Composition.VisualCanvas,System.Double,System.Double,System.Double,System.Double,ChartForgeX.Raster.RgbaImage,ChartForgeX.Composition.VisualCanvasImageFit,System.Double)","ChartForgeX","","public static ChartForgeX.Composition.VisualCanvas ChartForgeX.ChartExtensions.AddRasterImage(this ChartForgeX.Composition.VisualCanvas canvas, double x, double y, double width, double height, ChartForgeX.Raster.RgbaImage image, [ChartForgeX.Composition.VisualCanvasImageFit fit = ChartForgeX.Composition.VisualCanvasImageFit.Stretch], [double opacity = 1])","","removed-or-replaced","ChartForgeX.Visuals"
"9cd02a52af97426eab4bf64b9775ce93057e5986","de8ab2a75330edc93f7c3b529463a05c5d2c1b7e","M:ChartForgeX.ChartExtensions.AddTopology(ChartForgeX.Composition.VisualCanvas,ChartForgeX.Composition.VisualCanvasPlacement,System.Double,System.Double,ChartForgeX.Topology.TopologyChart,ChartForgeX.Topology.TopologyRenderOptions,ChartForgeX.Composition.VisualCanvasImageFit,System.Double)","ChartForgeX","","public static ChartForgeX.Composition.VisualCanvas ChartForgeX.ChartExtensions.AddTopology(this ChartForgeX.Composition.VisualCanvas canvas, ChartForgeX.Composition.VisualCanvasPlacement placement, double width, double height, ChartForgeX.Topology.TopologyChart topology, [ChartForgeX.Topology.TopologyRenderOptions? options = null], [ChartForgeX.Composition.VisualCanvasImageFit fit = ChartForgeX.Composition.VisualCanvasImageFit.Stretch], [double opacity = 1])","","removed-or-replaced","ChartForgeX.Visuals"
"9cd02a52af97426eab4bf64b9775ce93057e5986","de8ab2a75330edc93f7c3b529463a05c5d2c1b7e","M:ChartForgeX.ChartExtensions.AddTopology(ChartForgeX.Composition.VisualCanvas,System.Double,System.Double,System.Double,System.Double,ChartForgeX.Topology.TopologyChart,ChartForgeX.Topology.TopologyRenderOptions,ChartForgeX.Composition.VisualCanvasImageFit,System.Double)","ChartForgeX","","public static ChartForgeX.Composition.VisualCanvas ChartForgeX.ChartExtensions.AddTopology(this ChartForgeX.Composition.VisualCanvas canvas, double x, double y, double width, double height, ChartForgeX.Topology.TopologyChart topology, [ChartForgeX.Topology.TopologyRenderOptions? options = null], [ChartForgeX.Composition.VisualCanvasImageFit fit = ChartForgeX.Composition.VisualCanvasImageFit.Stretch], [double opacity = 1])","","removed-or-replaced","ChartForgeX.Visuals"
"9cd02a52af97426eab4bf64b9775ce93057e5986","de8ab2a75330edc93f7c3b529463a05c5d2c1b7e","M:ChartForgeX.ChartExtensions.AddVisualBlock(ChartForgeX.Composition.VisualCanvas,ChartForgeX.Composition.VisualCanvasPlacement,System.Double,System.Double,ChartForgeX.VisualBlocks.IVisualBlock,ChartForgeX.Composition.VisualCanvasImageFit,System.Double)","ChartForgeX","","public static ChartForgeX.Composition.VisualCanvas ChartForgeX.ChartExtensions.AddVisualBlock(this ChartForgeX.Composition.VisualCanvas canvas, ChartForgeX.Composition.VisualCanvasPlacement placement, double width, double height, ChartForgeX.VisualBlocks.IVisualBlock block, [ChartForgeX.Composition.VisualCanvasImageFit fit = ChartForgeX.Composition.VisualCanvasImageFit.Stretch], [double opacity = 1])","","removed-or-replaced","ChartForgeX.Visuals"
"9cd02a52af97426eab4bf64b9775ce93057e5986","de8ab2a75330edc93f7c3b529463a05c5d2c1b7e","M:ChartForgeX.ChartExtensions.AddVisualBlock(ChartForgeX.Composition.VisualCanvas,System.Double,System.Double,System.Double,System.Double,ChartForgeX.VisualBlocks.IVisualBlock,ChartForgeX.Composition.VisualCanvasImageFit,System.Double)","ChartForgeX","","public static ChartForgeX.Composition.VisualCanvas ChartForgeX.ChartExtensions.AddVisualBlock(this ChartForgeX.Composition.VisualCanvas canvas, double x, double y, double width, double height, ChartForgeX.VisualBlocks.IVisualBlock block, [ChartForgeX.Composition.VisualCanvasImageFit fit = ChartForgeX.Composition.VisualCanvasImageFit.Stretch], [double opacity = 1])","","removed-or-replaced","ChartForgeX.Visuals"
"9cd02a52af97426eab4bf64b9775ce93057e5986","de8ab2a75330edc93f7c3b529463a05c5d2c1b7e","M:ChartForgeX.ChartExtensions.AddVisualGrid(ChartForgeX.Composition.VisualCanvas,ChartForgeX.Composition.VisualCanvasPlacement,System.Double,System.Double,ChartForgeX.VisualBlocks.VisualGrid,ChartForgeX.Composition.VisualCanvasImageFit,System.Double)","ChartForgeX","","public static ChartForgeX.Composition.VisualCanvas ChartForgeX.ChartExtensions.AddVisualGrid(this ChartForgeX.Composition.VisualCanvas canvas, ChartForgeX.Composition.VisualCanvasPlacement placement, double width, double height, ChartForgeX.VisualBlocks.VisualGrid grid, [ChartForgeX.Composition.VisualCanvasImageFit fit = ChartForgeX.Composition.VisualCanvasImageFit.Stretch], [double opacity = 1])","","removed-or-replaced","ChartForgeX.Visuals"
"9cd02a52af97426eab4bf64b9775ce93057e5986","de8ab2a75330edc93f7c3b529463a05c5d2c1b7e","M:ChartForgeX.ChartExtensions.AddVisualGrid(ChartForgeX.Composition.VisualCanvas,System.Double,System.Double,System.Double,System.Double,ChartForgeX.VisualBlocks.VisualGrid,ChartForgeX.Composition.VisualCanvasImageFit,System.Double)","ChartForgeX","","public static ChartForgeX.Composition.VisualCanvas ChartForgeX.ChartExtensions.AddVisualGrid(this ChartForgeX.Composition.VisualCanvas canvas, double x, double y, double width, double height, ChartForgeX.VisualBlocks.VisualGrid grid, [ChartForgeX.Composition.VisualCanvasImageFit fit = ChartForgeX.Composition.VisualCanvasImageFit.Stretch], [double opacity = 1])","","removed-or-replaced","ChartForgeX.Visuals"
"9cd02a52af97426eab4bf64b9775ce93057e5986","de8ab2a75330edc93f7c3b529463a05c5d2c1b7e","M:ChartForgeX.ChartExtensions.Save(ChartForgeX.Composition.VisualCanvas,System.String,ChartForgeX.Core.RasterImageOptions)","ChartForgeX","","public static void ChartForgeX.ChartExtensions.Save(this ChartForgeX.Composition.VisualCanvas canvas, string path, [ChartForgeX.Core.RasterImageOptions? rasterOptions = null])","","removed-or-replaced","ChartForgeX.Visuals"
"9cd02a52af97426eab4bf64b9775ce93057e5986","de8ab2a75330edc93f7c3b529463a05c5d2c1b7e","M:ChartForgeX.ChartExtensions.Save(ChartForgeX.VisualBlocks.VisualGrid,System.String,ChartForgeX.Core.RasterImageOptions)","ChartForgeX","","public static void ChartForgeX.ChartExtensions.Save(this ChartForgeX.VisualBlocks.VisualGrid grid, string path, [ChartForgeX.Core.RasterImageOptions? rasterOptions = null])","","removed-or-replaced","ChartForgeX.Visuals"
"9cd02a52af97426eab4bf64b9775ce93057e5986","de8ab2a75330edc93f7c3b529463a05c5d2c1b7e","M:ChartForgeX.ChartExtensions.SaveApng(ChartForgeX.Stories.VisualStory,System.String,ChartForgeX.Stories.VisualStoryAnimationOptions)","ChartForgeX","","public static void ChartForgeX.ChartExtensions.SaveApng(this ChartForgeX.Stories.VisualStory story, string path, [ChartForgeX.Stories.VisualStoryAnimationOptions? options = null])","","removed-or-replaced","ChartForgeX.Stories"
"9cd02a52af97426eab4bf64b9775ce93057e5986","de8ab2a75330edc93f7c3b529463a05c5d2c1b7e","M:ChartForgeX.ChartExtensions.SaveApng(ChartForgeX.Terminal.TerminalStory,System.String,ChartForgeX.Terminal.TerminalStoryAnimationOptions)","ChartForgeX","","public static void ChartForgeX.ChartExtensions.SaveApng(this ChartForgeX.Terminal.TerminalStory story, string path, [ChartForgeX.Terminal.TerminalStoryAnimationOptions? options = null])","","removed-or-replaced","ChartForgeX.Stories"
"9cd02a52af97426eab4bf64b9775ce93057e5986","de8ab2a75330edc93f7c3b529463a05c5d2c1b7e","M:ChartForgeX.ChartExtensions.SaveBmp(ChartForgeX.Composition.VisualCanvas,System.String,ChartForgeX.Core.RasterImageOptions)","ChartForgeX","","public static void ChartForgeX.ChartExtensions.SaveBmp(this ChartForgeX.Composition.VisualCanvas canvas, string path, [ChartForgeX.Core.RasterImageOptions? options = null])","","removed-or-replaced","ChartForgeX.Visuals"
"9cd02a52af97426eab4bf64b9775ce93057e5986","de8ab2a75330edc93f7c3b529463a05c5d2c1b7e","M:ChartForgeX.ChartExtensions.SaveBmp(ChartForgeX.VisualBlocks.VisualGrid,System.String,ChartForgeX.Core.RasterImageOptions)","ChartForgeX","","public static void ChartForgeX.ChartExtensions.SaveBmp(this ChartForgeX.VisualBlocks.VisualGrid grid, string path, [ChartForgeX.Core.RasterImageOptions? options = null])","","removed-or-replaced","ChartForgeX.Visuals"
"9cd02a52af97426eab4bf64b9775ce93057e5986","de8ab2a75330edc93f7c3b529463a05c5d2c1b7e","M:ChartForgeX.ChartExtensions.SaveGif(ChartForgeX.Stories.VisualStory,System.String,ChartForgeX.Stories.VisualStoryAnimationOptions)","ChartForgeX","","public static void ChartForgeX.ChartExtensions.SaveGif(this ChartForgeX.Stories.VisualStory story, string path, [ChartForgeX.Stories.VisualStoryAnimationOptions? options = null])","","removed-or-replaced","ChartForgeX.Stories"
"9cd02a52af97426eab4bf64b9775ce93057e5986","de8ab2a75330edc93f7c3b529463a05c5d2c1b7e","M:ChartForgeX.ChartExtensions.SaveGif(ChartForgeX.Terminal.TerminalStory,System.String,ChartForgeX.Terminal.TerminalStoryAnimationOptions)","ChartForgeX","","public static void ChartForgeX.ChartExtensions.SaveGif(this ChartForgeX.Terminal.TerminalStory story, string path, [ChartForgeX.Terminal.TerminalStoryAnimationOptions? options = null])","","removed-or-replaced","ChartForgeX.Stories"
"9cd02a52af97426eab4bf64b9775ce93057e5986","de8ab2a75330edc93f7c3b529463a05c5d2c1b7e","M:ChartForgeX.ChartExtensions.SaveHtml(ChartForgeX.Composition.VisualCanvas,System.String)","ChartForgeX","","public static void ChartForgeX.ChartExtensions.SaveHtml(this ChartForgeX.Composition.VisualCanvas canvas, string path)","","removed-or-replaced","ChartForgeX.Visuals"
"9cd02a52af97426eab4bf64b9775ce93057e5986","de8ab2a75330edc93f7c3b529463a05c5d2c1b7e","M:ChartForgeX.ChartExtensions.SaveHtml(ChartForgeX.Terminal.TerminalStory,System.String)","ChartForgeX","","public static void ChartForgeX.ChartExtensions.SaveHtml(this ChartForgeX.Terminal.TerminalStory story, string path)","","removed-or-replaced","ChartForgeX.Stories"
"9cd02a52af97426eab4bf64b9775ce93057e5986","de8ab2a75330edc93f7c3b529463a05c5d2c1b7e","M:ChartForgeX.ChartExtensions.SaveHtml(ChartForgeX.VisualBlocks.VisualGrid,System.String)","ChartForgeX","","public static void ChartForgeX.ChartExtensions.SaveHtml(this ChartForgeX.VisualBlocks.VisualGrid grid, string path)","","removed-or-replaced","ChartForgeX.Visuals"
"9cd02a52af97426eab4bf64b9775ce93057e5986","de8ab2a75330edc93f7c3b529463a05c5d2c1b7e","M:ChartForgeX.ChartExtensions.SavePng(ChartForgeX.Composition.VisualCanvas,System.String)","ChartForgeX","","public static void ChartForgeX.ChartExtensions.SavePng(this ChartForgeX.Composition.VisualCanvas canvas, string path)","","removed-or-replaced","ChartForgeX.Visuals"
"9cd02a52af97426eab4bf64b9775ce93057e5986","de8ab2a75330edc93f7c3b529463a05c5d2c1b7e","M:ChartForgeX.ChartExtensions.SavePng(ChartForgeX.Stories.VisualStory,System.String)","ChartForgeX","","public static void ChartForgeX.ChartExtensions.SavePng(this ChartForgeX.Stories.VisualStory story, string path)","","removed-or-replaced","ChartForgeX.Stories"
"9cd02a52af97426eab4bf64b9775ce93057e5986","de8ab2a75330edc93f7c3b529463a05c5d2c1b7e","M:ChartForgeX.ChartExtensions.SavePng(ChartForgeX.Terminal.TerminalStory,System.String)","ChartForgeX","","public static void ChartForgeX.ChartExtensions.SavePng(this ChartForgeX.Terminal.TerminalStory story, string path)","","removed-or-replaced","ChartForgeX.Stories"
"9cd02a52af97426eab4bf64b9775ce93057e5986","de8ab2a75330edc93f7c3b529463a05c5d2c1b7e","M:ChartForgeX.ChartExtensions.SavePng(ChartForgeX.VisualBlocks.VisualGrid,System.String)","ChartForgeX","","public static void ChartForgeX.ChartExtensions.SavePng(this ChartForgeX.VisualBlocks.VisualGrid grid, string path)","","removed-or-replaced","ChartForgeX.Visuals"
"9cd02a52af97426eab4bf64b9775ce93057e5986","de8ab2a75330edc93f7c3b529463a05c5d2c1b7e","M:ChartForgeX.ChartExtensions.SavePpm(ChartForgeX.Composition.VisualCanvas,System.String,ChartForgeX.Core.RasterImageOptions)","ChartForgeX","","public static void ChartForgeX.ChartExtensions.SavePpm(this ChartForgeX.Composition.VisualCanvas canvas, string path, [ChartForgeX.Core.RasterImageOptions? options = null])","","removed-or-replaced","ChartForgeX.Visuals"
"9cd02a52af97426eab4bf64b9775ce93057e5986","de8ab2a75330edc93f7c3b529463a05c5d2c1b7e","M:ChartForgeX.ChartExtensions.SavePpm(ChartForgeX.VisualBlocks.VisualGrid,System.String,ChartForgeX.Core.RasterImageOptions)","ChartForgeX","","public static void ChartForgeX.ChartExtensions.SavePpm(this ChartForgeX.VisualBlocks.VisualGrid grid, string path, [ChartForgeX.Core.RasterImageOptions? options = null])","","removed-or-replaced","ChartForgeX.Visuals"
"9cd02a52af97426eab4bf64b9775ce93057e5986","de8ab2a75330edc93f7c3b529463a05c5d2c1b7e","M:ChartForgeX.ChartExtensions.SaveRasterImage(ChartForgeX.Composition.VisualCanvas,System.String,ChartForgeX.Core.RasterImageFormat,ChartForgeX.Core.RasterImageOptions)","ChartForgeX","","public static void ChartForgeX.ChartExtensions.SaveRasterImage(this ChartForgeX.Composition.VisualCanvas canvas, string path, ChartForgeX.Core.RasterImageFormat format, [ChartForgeX.Core.RasterImageOptions? options = null])","","removed-or-replaced","ChartForgeX.Visuals"
"9cd02a52af97426eab4bf64b9775ce93057e5986","de8ab2a75330edc93f7c3b529463a05c5d2c1b7e","M:ChartForgeX.ChartExtensions.SaveRasterImage(ChartForgeX.Composition.VisualCanvas,System.String,ChartForgeX.Core.RasterImageOptions)","ChartForgeX","","public static void ChartForgeX.ChartExtensions.SaveRasterImage(this ChartForgeX.Composition.VisualCanvas canvas, string path, [ChartForgeX.Core.RasterImageOptions? options = null])","","removed-or-replaced","ChartForgeX.Visuals"
"9cd02a52af97426eab4bf64b9775ce93057e5986","de8ab2a75330edc93f7c3b529463a05c5d2c1b7e","M:ChartForgeX.ChartExtensions.SaveRasterImage(ChartForgeX.VisualBlocks.VisualGrid,System.String,ChartForgeX.Core.RasterImageFormat,ChartForgeX.Core.RasterImageOptions)","ChartForgeX","","public static void ChartForgeX.ChartExtensions.SaveRasterImage(this ChartForgeX.VisualBlocks.VisualGrid grid, string path, ChartForgeX.Core.RasterImageFormat format, [ChartForgeX.Core.RasterImageOptions? options = null])","","removed-or-replaced","ChartForgeX.Visuals"
"9cd02a52af97426eab4bf64b9775ce93057e5986","de8ab2a75330edc93f7c3b529463a05c5d2c1b7e","M:ChartForgeX.ChartExtensions.SaveRasterImage(ChartForgeX.VisualBlocks.VisualGrid,System.String,ChartForgeX.Core.RasterImageOptions)","ChartForgeX","","public static void ChartForgeX.ChartExtensions.SaveRasterImage(this ChartForgeX.VisualBlocks.VisualGrid grid, string path, [ChartForgeX.Core.RasterImageOptions? options = null])","","removed-or-replaced","ChartForgeX.Visuals"
"9cd02a52af97426eab4bf64b9775ce93057e5986","de8ab2a75330edc93f7c3b529463a05c5d2c1b7e","M:ChartForgeX.ChartExtensions.SaveSvg(ChartForgeX.Composition.VisualCanvas,System.String)","ChartForgeX","","public static void ChartForgeX.ChartExtensions.SaveSvg(this ChartForgeX.Composition.VisualCanvas canvas, string path)","","removed-or-replaced","ChartForgeX.Visuals"
"9cd02a52af97426eab4bf64b9775ce93057e5986","de8ab2a75330edc93f7c3b529463a05c5d2c1b7e","M:ChartForgeX.ChartExtensions.SaveSvg(ChartForgeX.Stories.VisualStory,System.String)","ChartForgeX","","public static void ChartForgeX.ChartExtensions.SaveSvg(this ChartForgeX.Stories.VisualStory story, string path)","","removed-or-replaced","ChartForgeX.Stories"
"9cd02a52af97426eab4bf64b9775ce93057e5986","de8ab2a75330edc93f7c3b529463a05c5d2c1b7e","M:ChartForgeX.ChartExtensions.SaveSvg(ChartForgeX.Terminal.TerminalStory,System.String)","ChartForgeX","","public static void ChartForgeX.ChartExtensions.SaveSvg(this ChartForgeX.Terminal.TerminalStory story, string path)","","removed-or-replaced","ChartForgeX.Stories"
"9cd02a52af97426eab4bf64b9775ce93057e5986","de8ab2a75330edc93f7c3b529463a05c5d2c1b7e","M:ChartForgeX.ChartExtensions.SaveSvg(ChartForgeX.VisualBlocks.VisualGrid,System.String)","ChartForgeX","","public static void ChartForgeX.ChartExtensions.SaveSvg(this ChartForgeX.VisualBlocks.VisualGrid grid, string path)","","removed-or-replaced","ChartForgeX.Visuals"
"9cd02a52af97426eab4bf64b9775ce93057e5986","de8ab2a75330edc93f7c3b529463a05c5d2c1b7e","M:ChartForgeX.ChartExtensions.SaveTiff(ChartForgeX.Composition.VisualCanvas,System.String,ChartForgeX.Core.RasterImageOptions)","ChartForgeX","","public static void ChartForgeX.ChartExtensions.SaveTiff(this ChartForgeX.Composition.VisualCanvas canvas, string path, [ChartForgeX.Core.RasterImageOptions? options = null])","","removed-or-replaced","ChartForgeX.Visuals"
"9cd02a52af97426eab4bf64b9775ce93057e5986","de8ab2a75330edc93f7c3b529463a05c5d2c1b7e","M:ChartForgeX.ChartExtensions.SaveTiff(ChartForgeX.VisualBlocks.VisualGrid,System.String,ChartForgeX.Core.RasterImageOptions)","ChartForgeX","","public static void ChartForgeX.ChartExtensions.SaveTiff(this ChartForgeX.VisualBlocks.VisualGrid grid, string path, [ChartForgeX.Core.RasterImageOptions? options = null])","","removed-or-replaced","ChartForgeX.Visuals"
"9cd02a52af97426eab4bf64b9775ce93057e5986","de8ab2a75330edc93f7c3b529463a05c5d2c1b7e","M:ChartForgeX.ChartExtensions.SaveTranscript(ChartForgeX.Stories.VisualStory,System.String)","ChartForgeX","","public static void ChartForgeX.ChartExtensions.SaveTranscript(this ChartForgeX.Stories.VisualStory story, string path)","","removed-or-replaced","ChartForgeX.Stories"
"9cd02a52af97426eab4bf64b9775ce93057e5986","de8ab2a75330edc93f7c3b529463a05c5d2c1b7e","M:ChartForgeX.ChartExtensions.ToApng(ChartForgeX.Stories.VisualStory,ChartForgeX.Stories.VisualStoryAnimationOptions)","ChartForgeX","","public static byte[] ChartForgeX.ChartExtensions.ToApng(this ChartForgeX.Stories.VisualStory story, [ChartForgeX.Stories.VisualStoryAnimationOptions? options = null])","","removed-or-replaced","ChartForgeX.Stories"
"9cd02a52af97426eab4bf64b9775ce93057e5986","de8ab2a75330edc93f7c3b529463a05c5d2c1b7e","M:ChartForgeX.ChartExtensions.ToApng(ChartForgeX.Terminal.TerminalStory,ChartForgeX.Terminal.TerminalStoryAnimationOptions)","ChartForgeX","","public static byte[] ChartForgeX.ChartExtensions.ToApng(this ChartForgeX.Terminal.TerminalStory story, [ChartForgeX.Terminal.TerminalStoryAnimationOptions? options = null])","","removed-or-replaced","ChartForgeX.Stories"
"9cd02a52af97426eab4bf64b9775ce93057e5986","de8ab2a75330edc93f7c3b529463a05c5d2c1b7e","M:ChartForgeX.ChartExtensions.ToBmp(ChartForgeX.Composition.VisualCanvas,ChartForgeX.Core.RasterImageOptions)","ChartForgeX","","public static byte[] ChartForgeX.ChartExtensions.ToBmp(this ChartForgeX.Composition.VisualCanvas canvas, [ChartForgeX.Core.RasterImageOptions? options = null])","","removed-or-replaced","ChartForgeX.Visuals"
"9cd02a52af97426eab4bf64b9775ce93057e5986","de8ab2a75330edc93f7c3b529463a05c5d2c1b7e","M:ChartForgeX.ChartExtensions.ToBmp(ChartForgeX.VisualBlocks.VisualGrid,ChartForgeX.Core.RasterImageOptions)","ChartForgeX","","public static byte[] ChartForgeX.ChartExtensions.ToBmp(this ChartForgeX.VisualBlocks.VisualGrid grid, [ChartForgeX.Core.RasterImageOptions? options = null])","","removed-or-replaced","ChartForgeX.Visuals"
"9cd02a52af97426eab4bf64b9775ce93057e5986","de8ab2a75330edc93f7c3b529463a05c5d2c1b7e","M:ChartForgeX.ChartExtensions.ToGif(ChartForgeX.Raster.RgbaImage)","ChartForgeX","","public static byte[] ChartForgeX.ChartExtensions.ToGif(this ChartForgeX.Raster.RgbaImage image)","","removed-or-replaced","ChartForgeX.Stories"
"9cd02a52af97426eab4bf64b9775ce93057e5986","de8ab2a75330edc93f7c3b529463a05c5d2c1b7e","M:ChartForgeX.ChartExtensions.ToGif(ChartForgeX.Stories.VisualStory,ChartForgeX.Stories.VisualStoryAnimationOptions)","ChartForgeX","","public static byte[] ChartForgeX.ChartExtensions.ToGif(this ChartForgeX.Stories.VisualStory story, [ChartForgeX.Stories.VisualStoryAnimationOptions? options = null])","","removed-or-replaced","ChartForgeX.Stories"
"9cd02a52af97426eab4bf64b9775ce93057e5986","de8ab2a75330edc93f7c3b529463a05c5d2c1b7e","M:ChartForgeX.ChartExtensions.ToGif(ChartForgeX.Terminal.TerminalStory,ChartForgeX.Terminal.TerminalStoryAnimationOptions)","ChartForgeX","","public static byte[] ChartForgeX.ChartExtensions.ToGif(this ChartForgeX.Terminal.TerminalStory story, [ChartForgeX.Terminal.TerminalStoryAnimationOptions? options = null])","","removed-or-replaced","ChartForgeX.Stories"
"9cd02a52af97426eab4bf64b9775ce93057e5986","de8ab2a75330edc93f7c3b529463a05c5d2c1b7e","M:ChartForgeX.ChartExtensions.ToHtmlFragment(ChartForgeX.Stories.VisualStory)","ChartForgeX","","public static string ChartForgeX.ChartExtensions.ToHtmlFragment(this ChartForgeX.Stories.VisualStory story)","","removed-or-replaced","ChartForgeX.Stories"
"9cd02a52af97426eab4bf64b9775ce93057e5986","de8ab2a75330edc93f7c3b529463a05c5d2c1b7e","M:ChartForgeX.ChartExtensions.ToHtmlFragment(ChartForgeX.Terminal.TerminalStory)","ChartForgeX","","public static string ChartForgeX.ChartExtensions.ToHtmlFragment(this ChartForgeX.Terminal.TerminalStory story)","","removed-or-replaced","ChartForgeX.Stories"
"9cd02a52af97426eab4bf64b9775ce93057e5986","de8ab2a75330edc93f7c3b529463a05c5d2c1b7e","M:ChartForgeX.ChartExtensions.ToHtmlFragment(ChartForgeX.Terminal.TerminalStory,System.String)","ChartForgeX","","public static string ChartForgeX.ChartExtensions.ToHtmlFragment(this ChartForgeX.Terminal.TerminalStory story, string idScope)","","removed-or-replaced","ChartForgeX.Stories"
"9cd02a52af97426eab4bf64b9775ce93057e5986","de8ab2a75330edc93f7c3b529463a05c5d2c1b7e","M:ChartForgeX.ChartExtensions.ToHtmlFragment(ChartForgeX.VisualBlocks.VisualGrid)","ChartForgeX","","public static string ChartForgeX.ChartExtensions.ToHtmlFragment(this ChartForgeX.VisualBlocks.VisualGrid grid)","","removed-or-replaced","ChartForgeX.Visuals"
"9cd02a52af97426eab4bf64b9775ce93057e5986","de8ab2a75330edc93f7c3b529463a05c5d2c1b7e","M:ChartForgeX.ChartExtensions.ToHtmlFragment(ChartForgeX.VisualBlocks.VisualGrid,System.String)","ChartForgeX","","public static string ChartForgeX.ChartExtensions.ToHtmlFragment(this ChartForgeX.VisualBlocks.VisualGrid grid, string idScope)","","removed-or-replaced","ChartForgeX.Visuals"
"9cd02a52af97426eab4bf64b9775ce93057e5986","de8ab2a75330edc93f7c3b529463a05c5d2c1b7e","M:ChartForgeX.ChartExtensions.ToHtmlPage(ChartForgeX.Composition.VisualCanvas)","ChartForgeX","","public static string ChartForgeX.ChartExtensions.ToHtmlPage(this ChartForgeX.Composition.VisualCanvas canvas)","","removed-or-replaced","ChartForgeX.Visuals"
"9cd02a52af97426eab4bf64b9775ce93057e5986","de8ab2a75330edc93f7c3b529463a05c5d2c1b7e","M:ChartForgeX.ChartExtensions.ToHtmlPage(ChartForgeX.Stories.VisualStory)","ChartForgeX","","public static string ChartForgeX.ChartExtensions.ToHtmlPage(this ChartForgeX.Stories.VisualStory story)","","removed-or-replaced","ChartForgeX.Stories"
"9cd02a52af97426eab4bf64b9775ce93057e5986","de8ab2a75330edc93f7c3b529463a05c5d2c1b7e","M:ChartForgeX.ChartExtensions.ToHtmlPage(ChartForgeX.Terminal.TerminalStory)","ChartForgeX","","public static string ChartForgeX.ChartExtensions.ToHtmlPage(this ChartForgeX.Terminal.TerminalStory story)","","removed-or-replaced","ChartForgeX.Stories"
"9cd02a52af97426eab4bf64b9775ce93057e5986","de8ab2a75330edc93f7c3b529463a05c5d2c1b7e","M:ChartForgeX.ChartExtensions.ToHtmlPage(ChartForgeX.VisualBlocks.VisualGrid)","ChartForgeX","","public static string ChartForgeX.ChartExtensions.ToHtmlPage(this ChartForgeX.VisualBlocks.VisualGrid grid)","","removed-or-replaced","ChartForgeX.Visuals"
"9cd02a52af97426eab4bf64b9775ce93057e5986","de8ab2a75330edc93f7c3b529463a05c5d2c1b7e","M:ChartForgeX.ChartExtensions.ToPng(ChartForgeX.Composition.VisualCanvas)","ChartForgeX","","public static byte[] ChartForgeX.ChartExtensions.ToPng(this ChartForgeX.Composition.VisualCanvas canvas)","","removed-or-replaced","ChartForgeX.Visuals"
"9cd02a52af97426eab4bf64b9775ce93057e5986","de8ab2a75330edc93f7c3b529463a05c5d2c1b7e","M:ChartForgeX.ChartExtensions.ToPng(ChartForgeX.Stories.VisualStory)","ChartForgeX","","public static byte[] ChartForgeX.ChartExtensions.ToPng(this ChartForgeX.Stories.VisualStory story)","","removed-or-replaced","ChartForgeX.Stories"
"9cd02a52af97426eab4bf64b9775ce93057e5986","de8ab2a75330edc93f7c3b529463a05c5d2c1b7e","M:ChartForgeX.ChartExtensions.ToPng(ChartForgeX.Terminal.TerminalStory)","ChartForgeX","","public static byte[] ChartForgeX.ChartExtensions.ToPng(this ChartForgeX.Terminal.TerminalStory story)","","removed-or-replaced","ChartForgeX.Stories"
"9cd02a52af97426eab4bf64b9775ce93057e5986","de8ab2a75330edc93f7c3b529463a05c5d2c1b7e","M:ChartForgeX.ChartExtensions.ToPng(ChartForgeX.VisualBlocks.VisualGrid)","ChartForgeX","","public static byte[] ChartForgeX.ChartExtensions.ToPng(this ChartForgeX.VisualBlocks.VisualGrid grid)","","removed-or-replaced","ChartForgeX.Visuals"
"9cd02a52af97426eab4bf64b9775ce93057e5986","de8ab2a75330edc93f7c3b529463a05c5d2c1b7e","M:ChartForgeX.ChartExtensions.ToPpm(ChartForgeX.Composition.VisualCanvas,ChartForgeX.Core.RasterImageOptions)","ChartForgeX","","public static byte[] ChartForgeX.ChartExtensions.ToPpm(this ChartForgeX.Composition.VisualCanvas canvas, [ChartForgeX.Core.RasterImageOptions? options = null])","","removed-or-replaced","ChartForgeX.Visuals"
"9cd02a52af97426eab4bf64b9775ce93057e5986","de8ab2a75330edc93f7c3b529463a05c5d2c1b7e","M:ChartForgeX.ChartExtensions.ToPpm(ChartForgeX.VisualBlocks.VisualGrid,ChartForgeX.Core.RasterImageOptions)","ChartForgeX","","public static byte[] ChartForgeX.ChartExtensions.ToPpm(this ChartForgeX.VisualBlocks.VisualGrid grid, [ChartForgeX.Core.RasterImageOptions? options = null])","","removed-or-replaced","ChartForgeX.Visuals"
"9cd02a52af97426eab4bf64b9775ce93057e5986","de8ab2a75330edc93f7c3b529463a05c5d2c1b7e","M:ChartForgeX.ChartExtensions.ToRasterImage(ChartForgeX.Composition.VisualCanvas,ChartForgeX.Core.RasterImageFormat,ChartForgeX.Core.RasterImageOptions)","ChartForgeX","","public static byte[] ChartForgeX.ChartExtensions.ToRasterImage(this ChartForgeX.Composition.VisualCanvas canvas, ChartForgeX.Core.RasterImageFormat format, [ChartForgeX.Core.RasterImageOptions? options = null])","","removed-or-replaced","ChartForgeX.Visuals"
"9cd02a52af97426eab4bf64b9775ce93057e5986","de8ab2a75330edc93f7c3b529463a05c5d2c1b7e","M:ChartForgeX.ChartExtensions.ToRasterImage(ChartForgeX.VisualBlocks.VisualGrid,ChartForgeX.Core.RasterImageFormat,ChartForgeX.Core.RasterImageOptions)","ChartForgeX","","public static byte[] ChartForgeX.ChartExtensions.ToRasterImage(this ChartForgeX.VisualBlocks.VisualGrid grid, ChartForgeX.Core.RasterImageFormat format, [ChartForgeX.Core.RasterImageOptions? options = null])","","removed-or-replaced","ChartForgeX.Visuals"
"9cd02a52af97426eab4bf64b9775ce93057e5986","de8ab2a75330edc93f7c3b529463a05c5d2c1b7e","M:ChartForgeX.ChartExtensions.ToRgbaImage(ChartForgeX.Composition.VisualCanvas)","ChartForgeX","","public static ChartForgeX.Raster.RgbaImage ChartForgeX.ChartExtensions.ToRgbaImage(this ChartForgeX.Composition.VisualCanvas canvas)","","removed-or-replaced","ChartForgeX.Visuals"
"9cd02a52af97426eab4bf64b9775ce93057e5986","de8ab2a75330edc93f7c3b529463a05c5d2c1b7e","M:ChartForgeX.ChartExtensions.ToRgbaImage(ChartForgeX.VisualBlocks.VisualGrid)","ChartForgeX","","public static ChartForgeX.Raster.RgbaImage ChartForgeX.ChartExtensions.ToRgbaImage(this ChartForgeX.VisualBlocks.VisualGrid grid)","","removed-or-replaced","ChartForgeX.Visuals"
"9cd02a52af97426eab4bf64b9775ce93057e5986","de8ab2a75330edc93f7c3b529463a05c5d2c1b7e","M:ChartForgeX.ChartExtensions.ToSvg(ChartForgeX.Composition.VisualCanvas)","ChartForgeX","","public static string ChartForgeX.ChartExtensions.ToSvg(this ChartForgeX.Composition.VisualCanvas canvas)","","removed-or-replaced","ChartForgeX.Visuals"
"9cd02a52af97426eab4bf64b9775ce93057e5986","de8ab2a75330edc93f7c3b529463a05c5d2c1b7e","M:ChartForgeX.ChartExtensions.ToSvg(ChartForgeX.Composition.VisualCanvas,System.String)","ChartForgeX","","public static string ChartForgeX.ChartExtensions.ToSvg(this ChartForgeX.Composition.VisualCanvas canvas, string idScope)","","removed-or-replaced","ChartForgeX.Visuals"
"9cd02a52af97426eab4bf64b9775ce93057e5986","de8ab2a75330edc93f7c3b529463a05c5d2c1b7e","M:ChartForgeX.ChartExtensions.ToSvg(ChartForgeX.Stories.VisualStory)","ChartForgeX","","public static string ChartForgeX.ChartExtensions.ToSvg(this ChartForgeX.Stories.VisualStory story)","","removed-or-replaced","ChartForgeX.Stories"
"9cd02a52af97426eab4bf64b9775ce93057e5986","de8ab2a75330edc93f7c3b529463a05c5d2c1b7e","M:ChartForgeX.ChartExtensions.ToSvg(ChartForgeX.Stories.VisualStory,System.String)","ChartForgeX","","public static string ChartForgeX.ChartExtensions.ToSvg(this ChartForgeX.Stories.VisualStory story, string idScope)","","removed-or-replaced","ChartForgeX.Stories"
"9cd02a52af97426eab4bf64b9775ce93057e5986","de8ab2a75330edc93f7c3b529463a05c5d2c1b7e","M:ChartForgeX.ChartExtensions.ToSvg(ChartForgeX.Terminal.TerminalStory)","ChartForgeX","","public static string ChartForgeX.ChartExtensions.ToSvg(this ChartForgeX.Terminal.TerminalStory story)","","removed-or-replaced","ChartForgeX.Stories"
"9cd02a52af97426eab4bf64b9775ce93057e5986","de8ab2a75330edc93f7c3b529463a05c5d2c1b7e","M:ChartForgeX.ChartExtensions.ToSvg(ChartForgeX.Terminal.TerminalStory,System.String)","ChartForgeX","","public static string ChartForgeX.ChartExtensions.ToSvg(this ChartForgeX.Terminal.TerminalStory story, string idScope)","","removed-or-replaced","ChartForgeX.Stories"
"9cd02a52af97426eab4bf64b9775ce93057e5986","de8ab2a75330edc93f7c3b529463a05c5d2c1b7e","M:ChartForgeX.ChartExtensions.ToSvg(ChartForgeX.VisualBlocks.VisualGrid)","ChartForgeX","","public static string ChartForgeX.ChartExtensions.ToSvg(this ChartForgeX.VisualBlocks.VisualGrid grid)","","removed-or-replaced","ChartForgeX.Visuals"
"9cd02a52af97426eab4bf64b9775ce93057e5986","de8ab2a75330edc93f7c3b529463a05c5d2c1b7e","M:ChartForgeX.ChartExtensions.ToSvg(ChartForgeX.VisualBlocks.VisualGrid,System.String)","ChartForgeX","","public static string ChartForgeX.ChartExtensions.ToSvg(this ChartForgeX.VisualBlocks.VisualGrid grid, string idScope)","","removed-or-replaced","ChartForgeX.Visuals"
"9cd02a52af97426eab4bf64b9775ce93057e5986","de8ab2a75330edc93f7c3b529463a05c5d2c1b7e","M:ChartForgeX.ChartExtensions.ToTiff(ChartForgeX.Composition.VisualCanvas,ChartForgeX.Core.RasterImageOptions)","ChartForgeX","","public static byte[] ChartForgeX.ChartExtensions.ToTiff(this ChartForgeX.Composition.VisualCanvas canvas, [ChartForgeX.Core.RasterImageOptions? options = null])","","removed-or-replaced","ChartForgeX.Visuals"
"9cd02a52af97426eab4bf64b9775ce93057e5986","de8ab2a75330edc93f7c3b529463a05c5d2c1b7e","M:ChartForgeX.ChartExtensions.ToTiff(ChartForgeX.VisualBlocks.VisualGrid,ChartForgeX.Core.RasterImageOptions)","ChartForgeX","","public static byte[] ChartForgeX.ChartExtensions.ToTiff(this ChartForgeX.VisualBlocks.VisualGrid grid, [ChartForgeX.Core.RasterImageOptions? options = null])","","removed-or-replaced","ChartForgeX.Visuals"
"9cd02a52af97426eab4bf64b9775ce93057e5986","de8ab2a75330edc93f7c3b529463a05c5d2c1b7e","M:ChartForgeX.ChartExtensions.ToTranscript(ChartForgeX.Stories.VisualStory)","ChartForgeX","","public static string ChartForgeX.ChartExtensions.ToTranscript(this ChartForgeX.Stories.VisualStory story)","","removed-or-replaced","ChartForgeX.Stories"
"9cd02a52af97426eab4bf64b9775ce93057e5986","de8ab2a75330edc93f7c3b529463a05c5d2c1b7e","M:ChartForgeX.ChartExtensions.ToVisualCanvas(ChartForgeX.Raster.RgbaImage,ChartForgeX.Composition.VisualCanvasImageFit)","ChartForgeX","","public static ChartForgeX.Composition.VisualCanvas ChartForgeX.ChartExtensions.ToVisualCanvas(this ChartForgeX.Raster.RgbaImage image, [ChartForgeX.Composition.VisualCanvasImageFit fit = ChartForgeX.Composition.VisualCanvasImageFit.Stretch])","","removed-or-replaced","ChartForgeX"
"9cd02a52af97426eab4bf64b9775ce93057e5986","de8ab2a75330edc93f7c3b529463a05c5d2c1b7e","M:ChartForgeX.ChartExtensions.WithPngOutputScale(ChartForgeX.VisualBlocks.VisualGrid,ChartForgeX.Core.ChartPngOutputScale)","ChartForgeX","","public static ChartForgeX.VisualBlocks.VisualGrid ChartForgeX.ChartExtensions.WithPngOutputScale(this ChartForgeX.VisualBlocks.VisualGrid grid, ChartForgeX.Core.ChartPngOutputScale scale)","","removed-or-replaced","ChartForgeX.Visuals"
"9cd02a52af97426eab4bf64b9775ce93057e5986","de8ab2a75330edc93f7c3b529463a05c5d2c1b7e","M:ChartForgeX.ChartExtensions.WithTheme(ChartForgeX.VisualBlocks.VisualGrid,System.Action{ChartForgeX.Themes.ChartTheme})","ChartForgeX","","public static ChartForgeX.VisualBlocks.VisualGrid ChartForgeX.ChartExtensions.WithTheme(this ChartForgeX.VisualBlocks.VisualGrid grid, System.Action<ChartForgeX.Themes.ChartTheme> configure)","","removed-or-replaced","ChartForgeX.Visuals"
"9cd02a52af97426eab4bf64b9775ce93057e5986","de8ab2a75330edc93f7c3b529463a05c5d2c1b7e","M:ChartForgeX.ChartExtensions.WriteBmp(ChartForgeX.Composition.VisualCanvas,System.IO.Stream,ChartForgeX.Core.RasterImageOptions)","ChartForgeX","","public static void ChartForgeX.ChartExtensions.WriteBmp(this ChartForgeX.Composition.VisualCanvas canvas, System.IO.Stream stream, [ChartForgeX.Core.RasterImageOptions? options = null])","","removed-or-replaced","ChartForgeX.Visuals"
"9cd02a52af97426eab4bf64b9775ce93057e5986","de8ab2a75330edc93f7c3b529463a05c5d2c1b7e","M:ChartForgeX.ChartExtensions.WriteBmp(ChartForgeX.VisualBlocks.VisualGrid,System.IO.Stream,ChartForgeX.Core.RasterImageOptions)","ChartForgeX","","public static void ChartForgeX.ChartExtensions.WriteBmp(this ChartForgeX.VisualBlocks.VisualGrid grid, System.IO.Stream stream, [ChartForgeX.Core.RasterImageOptions? options = null])","","removed-or-replaced","ChartForgeX.Visuals"
"9cd02a52af97426eab4bf64b9775ce93057e5986","de8ab2a75330edc93f7c3b529463a05c5d2c1b7e","M:ChartForgeX.ChartExtensions.WritePpm(ChartForgeX.Composition.VisualCanvas,System.IO.Stream,ChartForgeX.Core.RasterImageOptions)","ChartForgeX","","public static void ChartForgeX.ChartExtensions.WritePpm(this ChartForgeX.Composition.VisualCanvas canvas, System.IO.Stream stream, [ChartForgeX.Core.RasterImageOptions? options = null])","","removed-or-replaced","ChartForgeX.Visuals"
"9cd02a52af97426eab4bf64b9775ce93057e5986","de8ab2a75330edc93f7c3b529463a05c5d2c1b7e","M:ChartForgeX.ChartExtensions.WritePpm(ChartForgeX.VisualBlocks.VisualGrid,System.IO.Stream,ChartForgeX.Core.RasterImageOptions)","ChartForgeX","","public static void ChartForgeX.ChartExtensions.WritePpm(this ChartForgeX.VisualBlocks.VisualGrid grid, System.IO.Stream stream, [ChartForgeX.Core.RasterImageOptions? options = null])","","removed-or-replaced","ChartForgeX.Visuals"
"9cd02a52af97426eab4bf64b9775ce93057e5986","de8ab2a75330edc93f7c3b529463a05c5d2c1b7e","M:ChartForgeX.ChartExtensions.WriteRasterImage(ChartForgeX.Composition.VisualCanvas,System.IO.Stream,ChartForgeX.Core.RasterImageFormat,ChartForgeX.Core.RasterImageOptions)","ChartForgeX","","public static void ChartForgeX.ChartExtensions.WriteRasterImage(this ChartForgeX.Composition.VisualCanvas canvas, System.IO.Stream stream, ChartForgeX.Core.RasterImageFormat format, [ChartForgeX.Core.RasterImageOptions? options = null])","","removed-or-replaced","ChartForgeX.Visuals"
"9cd02a52af97426eab4bf64b9775ce93057e5986","de8ab2a75330edc93f7c3b529463a05c5d2c1b7e","M:ChartForgeX.ChartExtensions.WriteRasterImage(ChartForgeX.VisualBlocks.VisualGrid,System.IO.Stream,ChartForgeX.Core.RasterImageFormat,ChartForgeX.Core.RasterImageOptions)","ChartForgeX","","public static void ChartForgeX.ChartExtensions.WriteRasterImage(this ChartForgeX.VisualBlocks.VisualGrid grid, System.IO.Stream stream, ChartForgeX.Core.RasterImageFormat format, [ChartForgeX.Core.RasterImageOptions? options = null])","","removed-or-replaced","ChartForgeX.Visuals"
"9cd02a52af97426eab4bf64b9775ce93057e5986","de8ab2a75330edc93f7c3b529463a05c5d2c1b7e","M:ChartForgeX.ChartExtensions.WriteTiff(ChartForgeX.Composition.VisualCanvas,System.IO.Stream,ChartForgeX.Core.RasterImageOptions)","ChartForgeX","","public static void ChartForgeX.ChartExtensions.WriteTiff(this ChartForgeX.Composition.VisualCanvas canvas, System.IO.Stream stream, [ChartForgeX.Core.RasterImageOptions? options = null])","","removed-or-replaced","ChartForgeX.Visuals"
"9cd02a52af97426eab4bf64b9775ce93057e5986","de8ab2a75330edc93f7c3b529463a05c5d2c1b7e","M:ChartForgeX.ChartExtensions.WriteTiff(ChartForgeX.VisualBlocks.VisualGrid,System.IO.Stream,ChartForgeX.Core.RasterImageOptions)","ChartForgeX","","public static void ChartForgeX.ChartExtensions.WriteTiff(this ChartForgeX.VisualBlocks.VisualGrid grid, System.IO.Stream stream, [ChartForgeX.Core.RasterImageOptions? options = null])","","removed-or-replaced","ChartForgeX.Visuals"
"9cd02a52af97426eab4bf64b9775ce93057e5986","de8ab2a75330edc93f7c3b529463a05c5d2c1b7e","M:ChartForgeX.Composition.ImageComposition.Clear(ChartForgeX.Primitives.ChartColor)","ChartForgeX","ChartForgeX.Visuals","public ChartForgeX.Composition.ImageComposition ChartForgeX.Composition.ImageComposition.Clear(ChartForgeX.Primitives.ChartColor color)","public ChartForgeX.Composition.ImageComposition ChartForgeX.Composition.ImageComposition.Clear(ChartForgeX.Primitives.ChartColor color)","assembly-move","ChartForgeX.Visuals"
"9cd02a52af97426eab4bf64b9775ce93057e5986","de8ab2a75330edc93f7c3b529463a05c5d2c1b7e","M:ChartForgeX.Composition.ImageComposition.Create(System.Int32,System.Int32,ChartForgeX.Primitives.ChartColor)","ChartForgeX","ChartForgeX.Visuals","public static ChartForgeX.Composition.ImageComposition ChartForgeX.Composition.ImageComposition.Create(int width, int height, ChartForgeX.Primitives.ChartColor background)","public static ChartForgeX.Composition.ImageComposition ChartForgeX.Composition.ImageComposition.Create(int width, int height, ChartForgeX.Primitives.ChartColor background)","assembly-move","ChartForgeX.Visuals"
"9cd02a52af97426eab4bf64b9775ce93057e5986","de8ab2a75330edc93f7c3b529463a05c5d2c1b7e","M:ChartForgeX.Composition.ImageComposition.CreateTransparent(System.Int32,System.Int32)","ChartForgeX","ChartForgeX.Visuals","public static ChartForgeX.Composition.ImageComposition ChartForgeX.Composition.ImageComposition.CreateTransparent(int width, int height)","public static ChartForgeX.Composition.ImageComposition ChartForgeX.Composition.ImageComposition.CreateTransparent(int width, int height)","assembly-move","ChartForgeX.Visuals"
"9cd02a52af97426eab4bf64b9775ce93057e5986","de8ab2a75330edc93f7c3b529463a05c5d2c1b7e","M:ChartForgeX.Composition.ImageComposition.DrawArc(System.Double,System.Double,System.Double,System.Double,System.Double,ChartForgeX.Primitives.ChartColor,System.Double,ChartForgeX.Composition.ImageLineCap)","ChartForgeX","ChartForgeX.Visuals","public ChartForgeX.Composition.ImageComposition ChartForgeX.Composition.ImageComposition.DrawArc(double centerX, double centerY, double radius, double startAngle, double sweepAngle, ChartForgeX.Primitives.ChartColor color, [double thickness = 1], [ChartForgeX.Composition.ImageLineCap lineCap = ChartForgeX.Composition.ImageLineCap.Round])","public ChartForgeX.Composition.ImageComposition ChartForgeX.Composition.ImageComposition.DrawArc(double centerX, double centerY, double radius, double startAngle, double sweepAngle, ChartForgeX.Primitives.ChartColor color, [double thickness = 1], [ChartForgeX.Composition.ImageLineCap lineCap = ChartForgeX.Composition.ImageLineCap.Round])","assembly-move","ChartForgeX.Visuals"
"9cd02a52af97426eab4bf64b9775ce93057e5986","de8ab2a75330edc93f7c3b529463a05c5d2c1b7e","M:ChartForgeX.Composition.ImageComposition.DrawCallout(System.Double,System.Double,System.Double,System.Double,System.Double,System.Double,System.String,System.Double,ChartForgeX.Primitives.ChartColor,ChartForgeX.Primitives.ChartColor,ChartForgeX.Primitives.ChartColor,System.Double,System.Double,System.Double)","ChartForgeX","ChartForgeX.Visuals","public ChartForgeX.Composition.ImageComposition ChartForgeX.Composition.ImageComposition.DrawCallout(double anchorX, double anchorY, double boxX, double boxY, double boxWidth, double boxHeight, string text, double fontSize, ChartForgeX.Primitives.ChartColor lineColor, ChartForgeX.Primitives.ChartColor fillColor, ChartForgeX.Primitives.ChartColor textColor, [double radius = 4], [double thickness = 1], [double padding = 4])","public ChartForgeX.Composition.ImageComposition ChartForgeX.Composition.ImageComposition.DrawCallout(double anchorX, double anchorY, double boxX, double boxY, double boxWidth, double boxHeight, string text, double fontSize, ChartForgeX.Primitives.ChartColor lineColor, ChartForgeX.Primitives.ChartColor fillColor, ChartForgeX.Primitives.ChartColor textColor, [double radius = 4], [double thickness = 1], [double padding = 4])","assembly-move","ChartForgeX.Visuals"
"9cd02a52af97426eab4bf64b9775ce93057e5986","de8ab2a75330edc93f7c3b529463a05c5d2c1b7e","M:ChartForgeX.Composition.ImageComposition.DrawChart(ChartForgeX.Core.Chart,ChartForgeX.Composition.VisualCanvasPlacement,System.Double,System.Double,ChartForgeX.Composition.VisualCanvasImageFit,System.Double)","ChartForgeX","ChartForgeX.Visuals","public ChartForgeX.Composition.ImageComposition ChartForgeX.Composition.ImageComposition.DrawChart(ChartForgeX.Core.Chart chart, ChartForgeX.Composition.VisualCanvasPlacement placement, double width, double height, [ChartForgeX.Composition.VisualCanvasImageFit fit = ChartForgeX.Composition.VisualCanvasImageFit.Stretch], [double opacity = 1])","public ChartForgeX.Composition.ImageComposition ChartForgeX.Composition.ImageComposition.DrawChart(ChartForgeX.Core.Chart chart, ChartForgeX.Composition.VisualCanvasPlacement placement, double width, double height, [ChartForgeX.Composition.VisualCanvasImageFit fit = ChartForgeX.Composition.VisualCanvasImageFit.Stretch], [double opacity = 1])","assembly-move","ChartForgeX.Visuals"
"9cd02a52af97426eab4bf64b9775ce93057e5986","de8ab2a75330edc93f7c3b529463a05c5d2c1b7e","M:ChartForgeX.Composition.ImageComposition.DrawChart(ChartForgeX.Core.Chart,System.Double,System.Double,System.Double,System.Double,ChartForgeX.Composition.VisualCanvasImageFit,System.Double)","ChartForgeX","ChartForgeX.Visuals","public ChartForgeX.Composition.ImageComposition ChartForgeX.Composition.ImageComposition.DrawChart(ChartForgeX.Core.Chart chart, double x, double y, double width, double height, [ChartForgeX.Composition.VisualCanvasImageFit fit = ChartForgeX.Composition.VisualCanvasImageFit.Stretch], [double opacity = 1])","public ChartForgeX.Composition.ImageComposition ChartForgeX.Composition.ImageComposition.DrawChart(ChartForgeX.Core.Chart chart, double x, double y, double width, double height, [ChartForgeX.Composition.VisualCanvasImageFit fit = ChartForgeX.Composition.VisualCanvasImageFit.Stretch], [double opacity = 1])","assembly-move","ChartForgeX.Visuals"
"9cd02a52af97426eab4bf64b9775ce93057e5986","de8ab2a75330edc93f7c3b529463a05c5d2c1b7e","M:ChartForgeX.Composition.ImageComposition.DrawChartGrid(ChartForgeX.Core.ChartGrid,ChartForgeX.Composition.VisualCanvasPlacement,System.Double,System.Double,ChartForgeX.Composition.VisualCanvasImageFit,System.Double)","ChartForgeX","ChartForgeX.Visuals","public ChartForgeX.Composition.ImageComposition ChartForgeX.Composition.ImageComposition.DrawChartGrid(ChartForgeX.Core.ChartGrid grid, ChartForgeX.Composition.VisualCanvasPlacement placement, double width, double height, [ChartForgeX.Composition.VisualCanvasImageFit fit = ChartForgeX.Composition.VisualCanvasImageFit.Stretch], [double opacity = 1])","public ChartForgeX.Composition.ImageComposition ChartForgeX.Composition.ImageComposition.DrawChartGrid(ChartForgeX.Core.ChartGrid grid, ChartForgeX.Composition.VisualCanvasPlacement placement, double width, double height, [ChartForgeX.Composition.VisualCanvasImageFit fit = ChartForgeX.Composition.VisualCanvasImageFit.Stretch], [double opacity = 1])","assembly-move","ChartForgeX.Visuals"
"9cd02a52af97426eab4bf64b9775ce93057e5986","de8ab2a75330edc93f7c3b529463a05c5d2c1b7e","M:ChartForgeX.Composition.ImageComposition.DrawChartGrid(ChartForgeX.Core.ChartGrid,System.Double,System.Double,System.Double,System.Double,ChartForgeX.Composition.VisualCanvasImageFit,System.Double)","ChartForgeX","ChartForgeX.Visuals","public ChartForgeX.Composition.ImageComposition ChartForgeX.Composition.ImageComposition.DrawChartGrid(ChartForgeX.Core.ChartGrid grid, double x, double y, double width, double height, [ChartForgeX.Composition.VisualCanvasImageFit fit = ChartForgeX.Composition.VisualCanvasImageFit.Stretch], [double opacity = 1])","public ChartForgeX.Composition.ImageComposition ChartForgeX.Composition.ImageComposition.DrawChartGrid(ChartForgeX.Core.ChartGrid grid, double x, double y, double width, double height, [ChartForgeX.Composition.VisualCanvasImageFit fit = ChartForgeX.Composition.VisualCanvasImageFit.Stretch], [double opacity = 1])","assembly-move","ChartForgeX.Visuals"
"9cd02a52af97426eab4bf64b9775ce93057e5986","de8ab2a75330edc93f7c3b529463a05c5d2c1b7e","M:ChartForgeX.Composition.ImageComposition.DrawDashedLine(System.Double,System.Double,System.Double,System.Double,ChartForgeX.Primitives.ChartColor,System.Double,System.Double,System.Double)","ChartForgeX","ChartForgeX.Visuals","public ChartForgeX.Composition.ImageComposition ChartForgeX.Composition.ImageComposition.DrawDashedLine(double x0, double y0, double x1, double y1, ChartForgeX.Primitives.ChartColor color, [double thickness = 1], [double dash = 6], [double gap = 5])","public ChartForgeX.Composition.ImageComposition ChartForgeX.Composition.ImageComposition.DrawDashedLine(double x0, double y0, double x1, double y1, ChartForgeX.Primitives.ChartColor color, [double thickness = 1], [double dash = 6], [double gap = 5])","assembly-move","ChartForgeX.Visuals"
"9cd02a52af97426eab4bf64b9775ce93057e5986","de8ab2a75330edc93f7c3b529463a05c5d2c1b7e","M:ChartForgeX.Composition.ImageComposition.DrawImage(ChartForgeX.Raster.RgbaImage,ChartForgeX.Composition.VisualCanvasPlacement,System.Double,System.Double,ChartForgeX.Composition.VisualCanvasImageFit,System.Double)","ChartForgeX","ChartForgeX.Visuals","public ChartForgeX.Composition.ImageComposition ChartForgeX.Composition.ImageComposition.DrawImage(ChartForgeX.Raster.RgbaImage image, ChartForgeX.Composition.VisualCanvasPlacement placement, double width, double height, [ChartForgeX.Composition.VisualCanvasImageFit fit = ChartForgeX.Composition.VisualCanvasImageFit.Stretch], [double opacity = 1])","public ChartForgeX.Composition.ImageComposition ChartForgeX.Composition.ImageComposition.DrawImage(ChartForgeX.Raster.RgbaImage image, ChartForgeX.Composition.VisualCanvasPlacement placement, double width, double height, [ChartForgeX.Composition.VisualCanvasImageFit fit = ChartForgeX.Composition.VisualCanvasImageFit.Stretch], [double opacity = 1])","assembly-move","ChartForgeX.Visuals"
"9cd02a52af97426eab4bf64b9775ce93057e5986","de8ab2a75330edc93f7c3b529463a05c5d2c1b7e","M:ChartForgeX.Composition.ImageComposition.DrawImage(ChartForgeX.Raster.RgbaImage,System.Double,System.Double,System.Double,System.Double,ChartForgeX.Composition.VisualCanvasImageFit,System.Double)","ChartForgeX","ChartForgeX.Visuals","public ChartForgeX.Composition.ImageComposition ChartForgeX.Composition.ImageComposition.DrawImage(ChartForgeX.Raster.RgbaImage image, double x, double y, double width, double height, [ChartForgeX.Composition.VisualCanvasImageFit fit = ChartForgeX.Composition.VisualCanvasImageFit.Stretch], [double opacity = 1])","public ChartForgeX.Composition.ImageComposition ChartForgeX.Composition.ImageComposition.DrawImage(ChartForgeX.Raster.RgbaImage image, double x, double y, double width, double height, [ChartForgeX.Composition.VisualCanvasImageFit fit = ChartForgeX.Composition.VisualCanvasImageFit.Stretch], [double opacity = 1])","assembly-move","ChartForgeX.Visuals"
"9cd02a52af97426eab4bf64b9775ce93057e5986","de8ab2a75330edc93f7c3b529463a05c5d2c1b7e","M:ChartForgeX.Composition.ImageComposition.DrawImageBytes(System.Byte[],ChartForgeX.Composition.VisualCanvasPlacement,System.Double,System.Double,ChartForgeX.Composition.VisualCanvasImageFit,System.Double)","ChartForgeX","ChartForgeX.Visuals","public ChartForgeX.Composition.ImageComposition ChartForgeX.Composition.ImageComposition.DrawImageBytes(byte[] data, ChartForgeX.Composition.VisualCanvasPlacement placement, double width, double height, [ChartForgeX.Composition.VisualCanvasImageFit fit = ChartForgeX.Composition.VisualCanvasImageFit.Stretch], [double opacity = 1])","public ChartForgeX.Composition.ImageComposition ChartForgeX.Composition.ImageComposition.DrawImageBytes(byte[] data, ChartForgeX.Composition.VisualCanvasPlacement placement, double width, double height, [ChartForgeX.Composition.VisualCanvasImageFit fit = ChartForgeX.Composition.VisualCanvasImageFit.Stretch], [double opacity = 1])","assembly-move","ChartForgeX.Visuals"
"9cd02a52af97426eab4bf64b9775ce93057e5986","de8ab2a75330edc93f7c3b529463a05c5d2c1b7e","M:ChartForgeX.Composition.ImageComposition.DrawImageBytes(System.Byte[],System.Double,System.Double,System.Double,System.Double,ChartForgeX.Composition.VisualCanvasImageFit,System.Double)","ChartForgeX","ChartForgeX.Visuals","public ChartForgeX.Composition.ImageComposition ChartForgeX.Composition.ImageComposition.DrawImageBytes(byte[] data, double x, double y, double width, double height, [ChartForgeX.Composition.VisualCanvasImageFit fit = ChartForgeX.Composition.VisualCanvasImageFit.Stretch], [double opacity = 1])","public ChartForgeX.Composition.ImageComposition ChartForgeX.Composition.ImageComposition.DrawImageBytes(byte[] data, double x, double y, double width, double height, [ChartForgeX.Composition.VisualCanvasImageFit fit = ChartForgeX.Composition.VisualCanvasImageFit.Stretch], [double opacity = 1])","assembly-move","ChartForgeX.Visuals"
"9cd02a52af97426eab4bf64b9775ce93057e5986","de8ab2a75330edc93f7c3b529463a05c5d2c1b7e","M:ChartForgeX.Composition.ImageComposition.DrawImageFile(System.String,ChartForgeX.Composition.VisualCanvasPlacement,System.Double,System.Double,ChartForgeX.Composition.VisualCanvasImageFit,System.Double)","ChartForgeX","ChartForgeX.Visuals","public ChartForgeX.Composition.ImageComposition ChartForgeX.Composition.ImageComposition.DrawImageFile(string path, ChartForgeX.Composition.VisualCanvasPlacement placement, double width, double height, [ChartForgeX.Composition.VisualCanvasImageFit fit = ChartForgeX.Composition.VisualCanvasImageFit.Stretch], [double opacity = 1])","public ChartForgeX.Composition.ImageComposition ChartForgeX.Composition.ImageComposition.DrawImageFile(string path, ChartForgeX.Composition.VisualCanvasPlacement placement, double width, double height, [ChartForgeX.Composition.VisualCanvasImageFit fit = ChartForgeX.Composition.VisualCanvasImageFit.Stretch], [double opacity = 1])","assembly-move","ChartForgeX.Visuals"
"9cd02a52af97426eab4bf64b9775ce93057e5986","de8ab2a75330edc93f7c3b529463a05c5d2c1b7e","M:ChartForgeX.Composition.ImageComposition.DrawImageFile(System.String,System.Double,System.Double,System.Double,System.Double,ChartForgeX.Composition.VisualCanvasImageFit,System.Double)","ChartForgeX","ChartForgeX.Visuals","public ChartForgeX.Composition.ImageComposition ChartForgeX.Composition.ImageComposition.DrawImageFile(string path, double x, double y, double width, double height, [ChartForgeX.Composition.VisualCanvasImageFit fit = ChartForgeX.Composition.VisualCanvasImageFit.Stretch], [double opacity = 1])","public ChartForgeX.Composition.ImageComposition ChartForgeX.Composition.ImageComposition.DrawImageFile(string path, double x, double y, double width, double height, [ChartForgeX.Composition.VisualCanvasImageFit fit = ChartForgeX.Composition.VisualCanvasImageFit.Stretch], [double opacity = 1])","assembly-move","ChartForgeX.Visuals"
"9cd02a52af97426eab4bf64b9775ce93057e5986","de8ab2a75330edc93f7c3b529463a05c5d2c1b7e","M:ChartForgeX.Composition.ImageComposition.DrawLine(System.Double,System.Double,System.Double,System.Double,ChartForgeX.Primitives.ChartColor,System.Double)","ChartForgeX","ChartForgeX.Visuals","public ChartForgeX.Composition.ImageComposition ChartForgeX.Composition.ImageComposition.DrawLine(double x0, double y0, double x1, double y1, ChartForgeX.Primitives.ChartColor color, [double thickness = 1])","public ChartForgeX.Composition.ImageComposition ChartForgeX.Composition.ImageComposition.DrawLine(double x0, double y0, double x1, double y1, ChartForgeX.Primitives.ChartColor color, [double thickness = 1])","assembly-move","ChartForgeX.Visuals"
"9cd02a52af97426eab4bf64b9775ce93057e5986","de8ab2a75330edc93f7c3b529463a05c5d2c1b7e","M:ChartForgeX.Composition.ImageComposition.DrawProgressRing(System.Double,System.Double,System.Double,System.Double,System.Double,ChartForgeX.Primitives.ChartColor,ChartForgeX.Primitives.ChartColor,System.Double)","ChartForgeX","ChartForgeX.Visuals","public ChartForgeX.Composition.ImageComposition ChartForgeX.Composition.ImageComposition.DrawProgressRing(double centerX, double centerY, double radius, double thickness, double fraction, ChartForgeX.Primitives.ChartColor trackColor, ChartForgeX.Primitives.ChartColor color, [double startAngle = -90])","public ChartForgeX.Composition.ImageComposition ChartForgeX.Composition.ImageComposition.DrawProgressRing(double centerX, double centerY, double radius, double thickness, double fraction, ChartForgeX.Primitives.ChartColor trackColor, ChartForgeX.Primitives.ChartColor color, [double startAngle = -90])","assembly-move","ChartForgeX.Visuals"
"9cd02a52af97426eab4bf64b9775ce93057e5986","de8ab2a75330edc93f7c3b529463a05c5d2c1b7e","M:ChartForgeX.Composition.ImageComposition.DrawText(System.Double,System.Double,System.Double,System.String,ChartForgeX.Typography.TextStyle,ChartForgeX.Typography.TextWrapMode,System.Nullable{System.Int32},ChartForgeX.Typography.TextTrimming)","ChartForgeX","ChartForgeX.Visuals","public ChartForgeX.Composition.ImageComposition ChartForgeX.Composition.ImageComposition.DrawText(double x, double y, double width, string text, ChartForgeX.Typography.TextStyle style, [ChartForgeX.Typography.TextWrapMode wrapMode = ChartForgeX.Typography.TextWrapMode.Word], [int? maximumLines = null], [ChartForgeX.Typography.TextTrimming trimming = ChartForgeX.Typography.TextTrimming.Ellipsis])","public ChartForgeX.Composition.ImageComposition ChartForgeX.Composition.ImageComposition.DrawText(double x, double y, double width, string text, ChartForgeX.Typography.TextStyle style, [ChartForgeX.Typography.TextWrapMode wrapMode = ChartForgeX.Typography.TextWrapMode.Word], [int? maximumLines = null], [ChartForgeX.Typography.TextTrimming trimming = ChartForgeX.Typography.TextTrimming.Ellipsis])","assembly-move","ChartForgeX.Visuals"
"9cd02a52af97426eab4bf64b9775ce93057e5986","de8ab2a75330edc93f7c3b529463a05c5d2c1b7e","M:ChartForgeX.Composition.ImageComposition.DrawText(System.Double,System.Double,System.Double,System.String,System.Double,ChartForgeX.Primitives.ChartColor,ChartForgeX.Typography.TextAlignment,System.Boolean)","ChartForgeX","ChartForgeX.Visuals","public ChartForgeX.Composition.ImageComposition ChartForgeX.Composition.ImageComposition.DrawText(double x, double y, double width, string text, double fontSize, ChartForgeX.Primitives.ChartColor color, [ChartForgeX.Typography.TextAlignment alignment = ChartForgeX.Typography.TextAlignment.Left], [bool emphasized = false])","public ChartForgeX.Composition.ImageComposition ChartForgeX.Composition.ImageComposition.DrawText(double x, double y, double width, string text, double fontSize, ChartForgeX.Primitives.ChartColor color, [ChartForgeX.Typography.TextAlignment alignment = ChartForgeX.Typography.TextAlignment.Left], [bool emphasized = false])","assembly-move","ChartForgeX.Visuals"
"9cd02a52af97426eab4bf64b9775ce93057e5986","de8ab2a75330edc93f7c3b529463a05c5d2c1b7e","M:ChartForgeX.Composition.ImageComposition.DrawTopology(ChartForgeX.Topology.TopologyChart,ChartForgeX.Composition.VisualCanvasPlacement,System.Double,System.Double,ChartForgeX.Topology.TopologyRenderOptions,ChartForgeX.Composition.VisualCanvasImageFit,System.Double)","ChartForgeX","ChartForgeX.Visuals","public ChartForgeX.Composition.ImageComposition ChartForgeX.Composition.ImageComposition.DrawTopology(ChartForgeX.Topology.TopologyChart topology, ChartForgeX.Composition.VisualCanvasPlacement placement, double width, double height, [ChartForgeX.Topology.TopologyRenderOptions? options = null], [ChartForgeX.Composition.VisualCanvasImageFit fit = ChartForgeX.Composition.VisualCanvasImageFit.Stretch], [double opacity = 1])","public ChartForgeX.Composition.ImageComposition ChartForgeX.Composition.ImageComposition.DrawTopology(ChartForgeX.Topology.TopologyChart topology, ChartForgeX.Composition.VisualCanvasPlacement placement, double width, double height, [ChartForgeX.Topology.TopologyRenderOptions? options = null], [ChartForgeX.Composition.VisualCanvasImageFit fit = ChartForgeX.Composition.VisualCanvasImageFit.Stretch], [double opacity = 1])","assembly-move","ChartForgeX.Visuals"
"9cd02a52af97426eab4bf64b9775ce93057e5986","de8ab2a75330edc93f7c3b529463a05c5d2c1b7e","M:ChartForgeX.Composition.ImageComposition.DrawTopology(ChartForgeX.Topology.TopologyChart,System.Double,System.Double,System.Double,System.Double,ChartForgeX.Topology.TopologyRenderOptions,ChartForgeX.Composition.VisualCanvasImageFit,System.Double)","ChartForgeX","ChartForgeX.Visuals","public ChartForgeX.Composition.ImageComposition ChartForgeX.Composition.ImageComposition.DrawTopology(ChartForgeX.Topology.TopologyChart topology, double x, double y, double width, double height, [ChartForgeX.Topology.TopologyRenderOptions? options = null], [ChartForgeX.Composition.VisualCanvasImageFit fit = ChartForgeX.Composition.VisualCanvasImageFit.Stretch], [double opacity = 1])","public ChartForgeX.Composition.ImageComposition ChartForgeX.Composition.ImageComposition.DrawTopology(ChartForgeX.Topology.TopologyChart topology, double x, double y, double width, double height, [ChartForgeX.Topology.TopologyRenderOptions? options = null], [ChartForgeX.Composition.VisualCanvasImageFit fit = ChartForgeX.Composition.VisualCanvasImageFit.Stretch], [double opacity = 1])","assembly-move","ChartForgeX.Visuals"
"9cd02a52af97426eab4bf64b9775ce93057e5986","de8ab2a75330edc93f7c3b529463a05c5d2c1b7e","M:ChartForgeX.Composition.ImageComposition.DrawVisualBlock(ChartForgeX.VisualBlocks.IVisualBlock,ChartForgeX.Composition.VisualCanvasPlacement,System.Double,System.Double,ChartForgeX.Composition.VisualCanvasImageFit,System.Double)","ChartForgeX","ChartForgeX.Visuals","public ChartForgeX.Composition.ImageComposition ChartForgeX.Composition.ImageComposition.DrawVisualBlock(ChartForgeX.VisualBlocks.IVisualBlock block, ChartForgeX.Composition.VisualCanvasPlacement placement, double width, double height, [ChartForgeX.Composition.VisualCanvasImageFit fit = ChartForgeX.Composition.VisualCanvasImageFit.Stretch], [double opacity = 1])","public ChartForgeX.Composition.ImageComposition ChartForgeX.Composition.ImageComposition.DrawVisualBlock(ChartForgeX.VisualBlocks.IVisualBlock block, ChartForgeX.Composition.VisualCanvasPlacement placement, double width, double height, [ChartForgeX.Composition.VisualCanvasImageFit fit = ChartForgeX.Composition.VisualCanvasImageFit.Stretch], [double opacity = 1])","assembly-move","ChartForgeX.Visuals"
"9cd02a52af97426eab4bf64b9775ce93057e5986","de8ab2a75330edc93f7c3b529463a05c5d2c1b7e","M:ChartForgeX.Composition.ImageComposition.DrawVisualBlock(ChartForgeX.VisualBlocks.IVisualBlock,System.Double,System.Double,System.Double,System.Double,ChartForgeX.Composition.VisualCanvasImageFit,System.Double)","ChartForgeX","ChartForgeX.Visuals","public ChartForgeX.Composition.ImageComposition ChartForgeX.Composition.ImageComposition.DrawVisualBlock(ChartForgeX.VisualBlocks.IVisualBlock block, double x, double y, double width, double height, [ChartForgeX.Composition.VisualCanvasImageFit fit = ChartForgeX.Composition.VisualCanvasImageFit.Stretch], [double opacity = 1])","public ChartForgeX.Composition.ImageComposition ChartForgeX.Composition.ImageComposition.DrawVisualBlock(ChartForgeX.VisualBlocks.IVisualBlock block, double x, double y, double width, double height, [ChartForgeX.Composition.VisualCanvasImageFit fit = ChartForgeX.Composition.VisualCanvasImageFit.Stretch], [double opacity = 1])","assembly-move","ChartForgeX.Visuals"
"9cd02a52af97426eab4bf64b9775ce93057e5986","de8ab2a75330edc93f7c3b529463a05c5d2c1b7e","M:ChartForgeX.Composition.ImageComposition.DrawVisualCanvas(ChartForgeX.Composition.VisualCanvas,ChartForgeX.Composition.VisualCanvasPlacement,System.Double,System.Double,ChartForgeX.Composition.VisualCanvasImageFit,System.Double)","ChartForgeX","ChartForgeX.Visuals","public ChartForgeX.Composition.ImageComposition ChartForgeX.Composition.ImageComposition.DrawVisualCanvas(ChartForgeX.Composition.VisualCanvas canvas, ChartForgeX.Composition.VisualCanvasPlacement placement, double width, double height, [ChartForgeX.Composition.VisualCanvasImageFit fit = ChartForgeX.Composition.VisualCanvasImageFit.Stretch], [double opacity = 1])","public ChartForgeX.Composition.ImageComposition ChartForgeX.Composition.ImageComposition.DrawVisualCanvas(ChartForgeX.Composition.VisualCanvas canvas, ChartForgeX.Composition.VisualCanvasPlacement placement, double width, double height, [ChartForgeX.Composition.VisualCanvasImageFit fit = ChartForgeX.Composition.VisualCanvasImageFit.Stretch], [double opacity = 1])","assembly-move","ChartForgeX.Visuals"
"9cd02a52af97426eab4bf64b9775ce93057e5986","de8ab2a75330edc93f7c3b529463a05c5d2c1b7e","M:ChartForgeX.Composition.ImageComposition.DrawVisualCanvas(ChartForgeX.Composition.VisualCanvas,System.Double,System.Double,System.Double,System.Double,ChartForgeX.Composition.VisualCanvasImageFit,System.Double)","ChartForgeX","ChartForgeX.Visuals","public ChartForgeX.Composition.ImageComposition ChartForgeX.Composition.ImageComposition.DrawVisualCanvas(ChartForgeX.Composition.VisualCanvas canvas, double x, double y, double width, double height, [ChartForgeX.Composition.VisualCanvasImageFit fit = ChartForgeX.Composition.VisualCanvasImageFit.Stretch], [double opacity = 1])","public ChartForgeX.Composition.ImageComposition ChartForgeX.Composition.ImageComposition.DrawVisualCanvas(ChartForgeX.Composition.VisualCanvas canvas, double x, double y, double width, double height, [ChartForgeX.Composition.VisualCanvasImageFit fit = ChartForgeX.Composition.VisualCanvasImageFit.Stretch], [double opacity = 1])","assembly-move","ChartForgeX.Visuals"
"9cd02a52af97426eab4bf64b9775ce93057e5986","de8ab2a75330edc93f7c3b529463a05c5d2c1b7e","M:ChartForgeX.Composition.ImageComposition.DrawVisualGrid(ChartForgeX.VisualBlocks.VisualGrid,ChartForgeX.Composition.VisualCanvasPlacement,System.Double,System.Double,ChartForgeX.Composition.VisualCanvasImageFit,System.Double)","ChartForgeX","ChartForgeX.Visuals","public ChartForgeX.Composition.ImageComposition ChartForgeX.Composition.ImageComposition.DrawVisualGrid(ChartForgeX.VisualBlocks.VisualGrid grid, ChartForgeX.Composition.VisualCanvasPlacement placement, double width, double height, [ChartForgeX.Composition.VisualCanvasImageFit fit = ChartForgeX.Composition.VisualCanvasImageFit.Stretch], [double opacity = 1])","public ChartForgeX.Composition.ImageComposition ChartForgeX.Composition.ImageComposition.DrawVisualGrid(ChartForgeX.VisualBlocks.VisualGrid grid, ChartForgeX.Composition.VisualCanvasPlacement placement, double width, double height, [ChartForgeX.Composition.VisualCanvasImageFit fit = ChartForgeX.Composition.VisualCanvasImageFit.Stretch], [double opacity = 1])","assembly-move","ChartForgeX.Visuals"
"9cd02a52af97426eab4bf64b9775ce93057e5986","de8ab2a75330edc93f7c3b529463a05c5d2c1b7e","M:ChartForgeX.Composition.ImageComposition.DrawVisualGrid(ChartForgeX.VisualBlocks.VisualGrid,System.Double,System.Double,System.Double,System.Double,ChartForgeX.Composition.VisualCanvasImageFit,System.Double)","ChartForgeX","ChartForgeX.Visuals","public ChartForgeX.Composition.ImageComposition ChartForgeX.Composition.ImageComposition.DrawVisualGrid(ChartForgeX.VisualBlocks.VisualGrid grid, double x, double y, double width, double height, [ChartForgeX.Composition.VisualCanvasImageFit fit = ChartForgeX.Composition.VisualCanvasImageFit.Stretch], [double opacity = 1])","public ChartForgeX.Composition.ImageComposition ChartForgeX.Composition.ImageComposition.DrawVisualGrid(ChartForgeX.VisualBlocks.VisualGrid grid, double x, double y, double width, double height, [ChartForgeX.Composition.VisualCanvasImageFit fit = ChartForgeX.Composition.VisualCanvasImageFit.Stretch], [double opacity = 1])","assembly-move","ChartForgeX.Visuals"
"9cd02a52af97426eab4bf64b9775ce93057e5986","de8ab2a75330edc93f7c3b529463a05c5d2c1b7e","M:ChartForgeX.Composition.ImageComposition.FillCircle(System.Double,System.Double,System.Double,ChartForgeX.Primitives.ChartColor)","ChartForgeX","ChartForgeX.Visuals","public ChartForgeX.Composition.ImageComposition ChartForgeX.Composition.ImageComposition.FillCircle(double centerX, double centerY, double radius, ChartForgeX.Primitives.ChartColor color)","public ChartForgeX.Composition.ImageComposition ChartForgeX.Composition.ImageComposition.FillCircle(double centerX, double centerY, double radius, ChartForgeX.Primitives.ChartColor color)","assembly-move","ChartForgeX.Visuals"
"9cd02a52af97426eab4bf64b9775ce93057e5986","de8ab2a75330edc93f7c3b529463a05c5d2c1b7e","M:ChartForgeX.Composition.ImageComposition.FillEllipse(System.Double,System.Double,System.Double,System.Double,ChartForgeX.Primitives.ChartColor)","ChartForgeX","ChartForgeX.Visuals","public ChartForgeX.Composition.ImageComposition ChartForgeX.Composition.ImageComposition.FillEllipse(double centerX, double centerY, double radiusX, double radiusY, ChartForgeX.Primitives.ChartColor color)","public ChartForgeX.Composition.ImageComposition ChartForgeX.Composition.ImageComposition.FillEllipse(double centerX, double centerY, double radiusX, double radiusY, ChartForgeX.Primitives.ChartColor color)","assembly-move","ChartForgeX.Visuals"
"9cd02a52af97426eab4bf64b9775ce93057e5986","de8ab2a75330edc93f7c3b529463a05c5d2c1b7e","M:ChartForgeX.Composition.ImageComposition.FillRectangle(System.Double,System.Double,System.Double,System.Double,ChartForgeX.Primitives.ChartColor)","ChartForgeX","ChartForgeX.Visuals","public ChartForgeX.Composition.ImageComposition ChartForgeX.Composition.ImageComposition.FillRectangle(double x, double y, double width, double height, ChartForgeX.Primitives.ChartColor color)","public ChartForgeX.Composition.ImageComposition ChartForgeX.Composition.ImageComposition.FillRectangle(double x, double y, double width, double height, ChartForgeX.Primitives.ChartColor color)","assembly-move","ChartForgeX.Visuals"
"9cd02a52af97426eab4bf64b9775ce93057e5986","de8ab2a75330edc93f7c3b529463a05c5d2c1b7e","M:ChartForgeX.Composition.ImageComposition.FillRectangleLinearGradient(System.Double,System.Double,System.Double,System.Double,ChartForgeX.Primitives.ChartColor,ChartForgeX.Primitives.ChartColor,System.Double,System.Double)","ChartForgeX","ChartForgeX.Visuals","public ChartForgeX.Composition.ImageComposition ChartForgeX.Composition.ImageComposition.FillRectangleLinearGradient(double x, double y, double width, double height, ChartForgeX.Primitives.ChartColor startColor, ChartForgeX.Primitives.ChartColor endColor, [double angle = 90], [double radius = 0])","public ChartForgeX.Composition.ImageComposition ChartForgeX.Composition.ImageComposition.FillRectangleLinearGradient(double x, double y, double width, double height, ChartForgeX.Primitives.ChartColor startColor, ChartForgeX.Primitives.ChartColor endColor, [double angle = 90], [double radius = 0])","assembly-move","ChartForgeX.Visuals"
"9cd02a52af97426eab4bf64b9775ce93057e5986","de8ab2a75330edc93f7c3b529463a05c5d2c1b7e","M:ChartForgeX.Composition.ImageComposition.FillRectangleRadialGradient(System.Double,System.Double,System.Double,System.Double,System.Double,System.Double,System.Double,ChartForgeX.Primitives.ChartColor,ChartForgeX.Primitives.ChartColor,System.Double)","ChartForgeX","ChartForgeX.Visuals","public ChartForgeX.Composition.ImageComposition ChartForgeX.Composition.ImageComposition.FillRectangleRadialGradient(double x, double y, double width, double height, double gradientCenterX, double gradientCenterY, double gradientRadius, ChartForgeX.Primitives.ChartColor innerColor, ChartForgeX.Primitives.ChartColor outerColor, [double radius = 0])","public ChartForgeX.Composition.ImageComposition ChartForgeX.Composition.ImageComposition.FillRectangleRadialGradient(double x, double y, double width, double height, double gradientCenterX, double gradientCenterY, double gradientRadius, ChartForgeX.Primitives.ChartColor innerColor, ChartForgeX.Primitives.ChartColor outerColor, [double radius = 0])","assembly-move","ChartForgeX.Visuals"
"9cd02a52af97426eab4bf64b9775ce93057e5986","de8ab2a75330edc93f7c3b529463a05c5d2c1b7e","M:ChartForgeX.Composition.ImageComposition.FillRoundedRectangle(System.Double,System.Double,System.Double,System.Double,System.Double,ChartForgeX.Primitives.ChartColor)","ChartForgeX","ChartForgeX.Visuals","public ChartForgeX.Composition.ImageComposition ChartForgeX.Composition.ImageComposition.FillRoundedRectangle(double x, double y, double width, double height, double radius, ChartForgeX.Primitives.ChartColor color)","public ChartForgeX.Composition.ImageComposition ChartForgeX.Composition.ImageComposition.FillRoundedRectangle(double x, double y, double width, double height, double radius, ChartForgeX.Primitives.ChartColor color)","assembly-move","ChartForgeX.Visuals"
"9cd02a52af97426eab4bf64b9775ce93057e5986","de8ab2a75330edc93f7c3b529463a05c5d2c1b7e","M:ChartForgeX.Composition.ImageComposition.FromBytes(System.Byte[])","ChartForgeX","ChartForgeX.Visuals","public static ChartForgeX.Composition.ImageComposition ChartForgeX.Composition.ImageComposition.FromBytes(byte[] data)","public static ChartForgeX.Composition.ImageComposition ChartForgeX.Composition.ImageComposition.FromBytes(byte[] data)","assembly-move","ChartForgeX.Visuals"
"9cd02a52af97426eab4bf64b9775ce93057e5986","de8ab2a75330edc93f7c3b529463a05c5d2c1b7e","M:ChartForgeX.Composition.ImageComposition.FromFile(System.String)","ChartForgeX","ChartForgeX.Visuals","public static ChartForgeX.Composition.ImageComposition ChartForgeX.Composition.ImageComposition.FromFile(string path)","public static ChartForgeX.Composition.ImageComposition ChartForgeX.Composition.ImageComposition.FromFile(string path)","assembly-move","ChartForgeX.Visuals"
"9cd02a52af97426eab4bf64b9775ce93057e5986","de8ab2a75330edc93f7c3b529463a05c5d2c1b7e","M:ChartForgeX.Composition.ImageComposition.FromImage(ChartForgeX.Raster.RgbaImage)","ChartForgeX","ChartForgeX.Visuals","public static ChartForgeX.Composition.ImageComposition ChartForgeX.Composition.ImageComposition.FromImage(ChartForgeX.Raster.RgbaImage image)","public static ChartForgeX.Composition.ImageComposition ChartForgeX.Composition.ImageComposition.FromImage(ChartForgeX.Raster.RgbaImage image)","assembly-move","ChartForgeX.Visuals"
"9cd02a52af97426eab4bf64b9775ce93057e5986","de8ab2a75330edc93f7c3b529463a05c5d2c1b7e","M:ChartForgeX.Composition.ImageComposition.Save(System.String,ChartForgeX.Core.RasterImageFormat,ChartForgeX.Core.RasterImageOptions)","ChartForgeX","ChartForgeX.Visuals","public void ChartForgeX.Composition.ImageComposition.Save(string path, ChartForgeX.Core.RasterImageFormat format, [ChartForgeX.Core.RasterImageOptions? options = null])","public void ChartForgeX.Composition.ImageComposition.Save(string path, ChartForgeX.Core.RasterImageFormat format, [ChartForgeX.Core.RasterImageOptions? options = null])","assembly-move","ChartForgeX.Visuals"
"9cd02a52af97426eab4bf64b9775ce93057e5986","de8ab2a75330edc93f7c3b529463a05c5d2c1b7e","M:ChartForgeX.Composition.ImageComposition.Save(System.String,ChartForgeX.Core.RasterImageOptions)","ChartForgeX","ChartForgeX.Visuals","public void ChartForgeX.Composition.ImageComposition.Save(string path, [ChartForgeX.Core.RasterImageOptions? options = null])","public void ChartForgeX.Composition.ImageComposition.Save(string path, [ChartForgeX.Core.RasterImageOptions? options = null])","assembly-move","ChartForgeX.Visuals"
"9cd02a52af97426eab4bf64b9775ce93057e5986","de8ab2a75330edc93f7c3b529463a05c5d2c1b7e","M:ChartForgeX.Composition.ImageComposition.StrokeCircle(System.Double,System.Double,System.Double,ChartForgeX.Primitives.ChartColor,System.Double)","ChartForgeX","ChartForgeX.Visuals","public ChartForgeX.Composition.ImageComposition ChartForgeX.Composition.ImageComposition.StrokeCircle(double centerX, double centerY, double radius, ChartForgeX.Primitives.ChartColor color, [double thickness = 1])","public ChartForgeX.Composition.ImageComposition ChartForgeX.Composition.ImageComposition.StrokeCircle(double centerX, double centerY, double radius, ChartForgeX.Primitives.ChartColor color, [double thickness = 1])","assembly-move","ChartForgeX.Visuals"
"9cd02a52af97426eab4bf64b9775ce93057e5986","de8ab2a75330edc93f7c3b529463a05c5d2c1b7e","M:ChartForgeX.Composition.ImageComposition.StrokeEllipse(System.Double,System.Double,System.Double,System.Double,ChartForgeX.Primitives.ChartColor,System.Double)","ChartForgeX","ChartForgeX.Visuals","public ChartForgeX.Composition.ImageComposition ChartForgeX.Composition.ImageComposition.StrokeEllipse(double centerX, double centerY, double radiusX, double radiusY, ChartForgeX.Primitives.ChartColor color, [double thickness = 1])","public ChartForgeX.Composition.ImageComposition ChartForgeX.Composition.ImageComposition.StrokeEllipse(double centerX, double centerY, double radiusX, double radiusY, ChartForgeX.Primitives.ChartColor color, [double thickness = 1])","assembly-move","ChartForgeX.Visuals"
"9cd02a52af97426eab4bf64b9775ce93057e5986","de8ab2a75330edc93f7c3b529463a05c5d2c1b7e","M:ChartForgeX.Composition.ImageComposition.StrokeRectangle(System.Double,System.Double,System.Double,System.Double,ChartForgeX.Primitives.ChartColor,System.Double)","ChartForgeX","ChartForgeX.Visuals","public ChartForgeX.Composition.ImageComposition ChartForgeX.Composition.ImageComposition.StrokeRectangle(double x, double y, double width, double height, ChartForgeX.Primitives.ChartColor color, [double thickness = 1])","public ChartForgeX.Composition.ImageComposition ChartForgeX.Composition.ImageComposition.StrokeRectangle(double x, double y, double width, double height, ChartForgeX.Primitives.ChartColor color, [double thickness = 1])","assembly-move","ChartForgeX.Visuals"
"9cd02a52af97426eab4bf64b9775ce93057e5986","de8ab2a75330edc93f7c3b529463a05c5d2c1b7e","M:ChartForgeX.Composition.ImageComposition.StrokeRoundedRectangle(System.Double,System.Double,System.Double,System.Double,System.Double,ChartForgeX.Primitives.ChartColor,System.Double)","ChartForgeX","ChartForgeX.Visuals","public ChartForgeX.Composition.ImageComposition ChartForgeX.Composition.ImageComposition.StrokeRoundedRectangle(double x, double y, double width, double height, double radius, ChartForgeX.Primitives.ChartColor color, [double thickness = 1])","public ChartForgeX.Composition.ImageComposition ChartForgeX.Composition.ImageComposition.StrokeRoundedRectangle(double x, double y, double width, double height, double radius, ChartForgeX.Primitives.ChartColor color, [double thickness = 1])","assembly-move","ChartForgeX.Visuals"
"9cd02a52af97426eab4bf64b9775ce93057e5986","de8ab2a75330edc93f7c3b529463a05c5d2c1b7e","M:ChartForgeX.Composition.ImageComposition.ToGif","ChartForgeX","","public byte[] ChartForgeX.Composition.ImageComposition.ToGif()","","removed-or-replaced","ChartForgeX.Stories"
"9cd02a52af97426eab4bf64b9775ce93057e5986","de8ab2a75330edc93f7c3b529463a05c5d2c1b7e","M:ChartForgeX.Composition.ImageComposition.ToImage","ChartForgeX","ChartForgeX.Visuals","public ChartForgeX.Raster.RgbaImage ChartForgeX.Composition.ImageComposition.ToImage()","public ChartForgeX.Raster.RgbaImage ChartForgeX.Composition.ImageComposition.ToImage()","assembly-move","ChartForgeX.Visuals"
"9cd02a52af97426eab4bf64b9775ce93057e5986","de8ab2a75330edc93f7c3b529463a05c5d2c1b7e","M:ChartForgeX.Composition.ImageComposition.ToJpeg(ChartForgeX.Core.RasterImageOptions)","ChartForgeX","ChartForgeX.Visuals","public byte[] ChartForgeX.Composition.ImageComposition.ToJpeg([ChartForgeX.Core.RasterImageOptions? options = null])","public byte[] ChartForgeX.Composition.ImageComposition.ToJpeg([ChartForgeX.Core.RasterImageOptions? options = null])","assembly-move","ChartForgeX.Visuals"
"9cd02a52af97426eab4bf64b9775ce93057e5986","de8ab2a75330edc93f7c3b529463a05c5d2c1b7e","M:ChartForgeX.Composition.ImageComposition.ToPng","ChartForgeX","ChartForgeX.Visuals","public byte[] ChartForgeX.Composition.ImageComposition.ToPng()","public byte[] ChartForgeX.Composition.ImageComposition.ToPng()","assembly-move","ChartForgeX.Visuals"
"9cd02a52af97426eab4bf64b9775ce93057e5986","de8ab2a75330edc93f7c3b529463a05c5d2c1b7e","M:ChartForgeX.Composition.ImageComposition.ToPng(ChartForgeX.Core.RasterImageOptions)","ChartForgeX","ChartForgeX.Visuals","public byte[] ChartForgeX.Composition.ImageComposition.ToPng(ChartForgeX.Core.RasterImageOptions? options)","public byte[] ChartForgeX.Composition.ImageComposition.ToPng(ChartForgeX.Core.RasterImageOptions? options)","assembly-move","ChartForgeX.Visuals"
"9cd02a52af97426eab4bf64b9775ce93057e5986","de8ab2a75330edc93f7c3b529463a05c5d2c1b7e","M:ChartForgeX.Composition.ImageComposition.ToRasterImage(ChartForgeX.Core.RasterImageFormat,ChartForgeX.Core.RasterImageOptions)","ChartForgeX","ChartForgeX.Visuals","public byte[] ChartForgeX.Composition.ImageComposition.ToRasterImage(ChartForgeX.Core.RasterImageFormat format, [ChartForgeX.Core.RasterImageOptions? options = null])","public byte[] ChartForgeX.Composition.ImageComposition.ToRasterImage(ChartForgeX.Core.RasterImageFormat format, [ChartForgeX.Core.RasterImageOptions? options = null])","assembly-move","ChartForgeX.Visuals"
"9cd02a52af97426eab4bf64b9775ce93057e5986","de8ab2a75330edc93f7c3b529463a05c5d2c1b7e","M:ChartForgeX.Composition.ImageComposition.TryFromBytes(System.Byte[],ChartForgeX.Composition.ImageComposition@)","ChartForgeX","ChartForgeX.Visuals","public static bool ChartForgeX.Composition.ImageComposition.TryFromBytes(byte[]? data, out ChartForgeX.Composition.ImageComposition? composition)","public static bool ChartForgeX.Composition.ImageComposition.TryFromBytes(byte[]? data, out ChartForgeX.Composition.ImageComposition? composition)","assembly-move","ChartForgeX.Visuals"
"9cd02a52af97426eab4bf64b9775ce93057e5986","de8ab2a75330edc93f7c3b529463a05c5d2c1b7e","M:ChartForgeX.Composition.ImageComposition.TryFromFile(System.String,ChartForgeX.Composition.ImageComposition@)","ChartForgeX","ChartForgeX.Visuals","public static bool ChartForgeX.Composition.ImageComposition.TryFromFile(string? path, out ChartForgeX.Composition.ImageComposition? composition)","public static bool ChartForgeX.Composition.ImageComposition.TryFromFile(string? path, out ChartForgeX.Composition.ImageComposition? composition)","assembly-move","ChartForgeX.Visuals"
"9cd02a52af97426eab4bf64b9775ce93057e5986","de8ab2a75330edc93f7c3b529463a05c5d2c1b7e","M:ChartForgeX.Composition.ImageComposition.Write(System.IO.Stream,ChartForgeX.Core.RasterImageFormat,ChartForgeX.Core.RasterImageOptions)","ChartForgeX","ChartForgeX.Visuals","public void ChartForgeX.Composition.ImageComposition.Write(System.IO.Stream stream, ChartForgeX.Core.RasterImageFormat format, [ChartForgeX.Core.RasterImageOptions? options = null])","public void ChartForgeX.Composition.ImageComposition.Write(System.IO.Stream stream, ChartForgeX.Core.RasterImageFormat format, [ChartForgeX.Core.RasterImageOptions? options = null])","assembly-move","ChartForgeX.Visuals"
"9cd02a52af97426eab4bf64b9775ce93057e5986","de8ab2a75330edc93f7c3b529463a05c5d2c1b7e","M:ChartForgeX.Composition.ImageLineCap.#ctor","ChartForgeX","ChartForgeX.Visuals","public ChartForgeX.Composition.ImageLineCap.ImageLineCap()","public ChartForgeX.Composition.ImageLineCap.ImageLineCap()","assembly-move","ChartForgeX.Visuals"
"9cd02a52af97426eab4bf64b9775ce93057e5986","de8ab2a75330edc93f7c3b529463a05c5d2c1b7e","M:ChartForgeX.Composition.PngVisualCanvasRenderer.#ctor","ChartForgeX","ChartForgeX.Visuals","public ChartForgeX.Composition.PngVisualCanvasRenderer.PngVisualCanvasRenderer()","public ChartForgeX.Composition.PngVisualCanvasRenderer.PngVisualCanvasRenderer()","assembly-move","ChartForgeX.Visuals"
"9cd02a52af97426eab4bf64b9775ce93057e5986","de8ab2a75330edc93f7c3b529463a05c5d2c1b7e","M:ChartForgeX.Composition.PngVisualCanvasRenderer.Render(ChartForgeX.Composition.VisualCanvas)","ChartForgeX","ChartForgeX.Visuals","public byte[] ChartForgeX.Composition.PngVisualCanvasRenderer.Render(ChartForgeX.Composition.VisualCanvas canvas)","public byte[] ChartForgeX.Composition.PngVisualCanvasRenderer.Render(ChartForgeX.Composition.VisualCanvas canvas)","assembly-move","ChartForgeX.Visuals"
"9cd02a52af97426eab4bf64b9775ce93057e5986","de8ab2a75330edc93f7c3b529463a05c5d2c1b7e","M:ChartForgeX.Composition.SvgVisualCanvasRenderer.#ctor","ChartForgeX","ChartForgeX.Visuals","public ChartForgeX.Composition.SvgVisualCanvasRenderer.SvgVisualCanvasRenderer()","public ChartForgeX.Composition.SvgVisualCanvasRenderer.SvgVisualCanvasRenderer()","assembly-move","ChartForgeX.Visuals"
"9cd02a52af97426eab4bf64b9775ce93057e5986","de8ab2a75330edc93f7c3b529463a05c5d2c1b7e","M:ChartForgeX.Composition.SvgVisualCanvasRenderer.Render(ChartForgeX.Composition.VisualCanvas)","ChartForgeX","ChartForgeX.Visuals","public string ChartForgeX.Composition.SvgVisualCanvasRenderer.Render(ChartForgeX.Composition.VisualCanvas canvas)","public string ChartForgeX.Composition.SvgVisualCanvasRenderer.Render(ChartForgeX.Composition.VisualCanvas canvas)","assembly-move","ChartForgeX.Visuals"
"9cd02a52af97426eab4bf64b9775ce93057e5986","de8ab2a75330edc93f7c3b529463a05c5d2c1b7e","M:ChartForgeX.Composition.SvgVisualCanvasRenderer.Render(ChartForgeX.Composition.VisualCanvas,System.String)","ChartForgeX","ChartForgeX.Visuals","public string ChartForgeX.Composition.SvgVisualCanvasRenderer.Render(ChartForgeX.Composition.VisualCanvas canvas, string idScope)","public string ChartForgeX.Composition.SvgVisualCanvasRenderer.Render(ChartForgeX.Composition.VisualCanvas canvas, string idScope)","assembly-move","ChartForgeX.Visuals"
"9cd02a52af97426eab4bf64b9775ce93057e5986","de8ab2a75330edc93f7c3b529463a05c5d2c1b7e","M:ChartForgeX.Composition.VisualCanvas.AddFeatureStrip(ChartForgeX.Composition.VisualCanvasPlacement,System.Double,System.Double,System.Collections.Generic.IEnumerable{ChartForgeX.Composition.VisualCanvasFeatureItem})","ChartForgeX","ChartForgeX.Visuals","public ChartForgeX.Composition.VisualCanvas ChartForgeX.Composition.VisualCanvas.AddFeatureStrip(ChartForgeX.Composition.VisualCanvasPlacement placement, double width, double height, System.Collections.Generic.IEnumerable<ChartForgeX.Composition.VisualCanvasFeatureItem> items)","public ChartForgeX.Composition.VisualCanvas ChartForgeX.Composition.VisualCanvas.AddFeatureStrip(ChartForgeX.Composition.VisualCanvasPlacement placement, double width, double height, System.Collections.Generic.IEnumerable<ChartForgeX.Composition.VisualCanvasFeatureItem> items)","assembly-move","ChartForgeX.Visuals"
"9cd02a52af97426eab4bf64b9775ce93057e5986","de8ab2a75330edc93f7c3b529463a05c5d2c1b7e","M:ChartForgeX.Composition.VisualCanvas.AddFeatureStrip(System.Double,System.Double,System.Double,System.Double,System.Collections.Generic.IEnumerable{ChartForgeX.Composition.VisualCanvasFeatureItem})","ChartForgeX","ChartForgeX.Visuals","public ChartForgeX.Composition.VisualCanvas ChartForgeX.Composition.VisualCanvas.AddFeatureStrip(double x, double y, double width, double height, System.Collections.Generic.IEnumerable<ChartForgeX.Composition.VisualCanvasFeatureItem> items)","public ChartForgeX.Composition.VisualCanvas ChartForgeX.Composition.VisualCanvas.AddFeatureStrip(double x, double y, double width, double height, System.Collections.Generic.IEnumerable<ChartForgeX.Composition.VisualCanvasFeatureItem> items)","assembly-move","ChartForgeX.Visuals"
"9cd02a52af97426eab4bf64b9775ce93057e5986","de8ab2a75330edc93f7c3b529463a05c5d2c1b7e","M:ChartForgeX.Composition.VisualCanvas.AddHeroBadge(ChartForgeX.Composition.VisualCanvasPlacement,System.Double,System.Double,System.String,System.Nullable{ChartForgeX.Primitives.ChartColor})","ChartForgeX","ChartForgeX.Visuals","public ChartForgeX.Composition.VisualCanvas ChartForgeX.Composition.VisualCanvas.AddHeroBadge(ChartForgeX.Composition.VisualCanvasPlacement placement, double width, double height, string symbol, [ChartForgeX.Primitives.ChartColor? accent = null])","public ChartForgeX.Composition.VisualCanvas ChartForgeX.Composition.VisualCanvas.AddHeroBadge(ChartForgeX.Composition.VisualCanvasPlacement placement, double width, double height, string symbol, [ChartForgeX.Primitives.ChartColor? accent = null])","assembly-move","ChartForgeX.Visuals"
"9cd02a52af97426eab4bf64b9775ce93057e5986","de8ab2a75330edc93f7c3b529463a05c5d2c1b7e","M:ChartForgeX.Composition.VisualCanvas.AddHeroBadge(ChartForgeX.Composition.VisualCanvasPlacement,System.Double,System.Double,System.String,System.Nullable{ChartForgeX.Primitives.ChartColor},System.String,System.Byte[],System.Int32,System.Int32,ChartForgeX.Composition.VisualCanvasImageFit,System.Double,System.Double)","ChartForgeX","ChartForgeX.Visuals","public ChartForgeX.Composition.VisualCanvas ChartForgeX.Composition.VisualCanvas.AddHeroBadge(ChartForgeX.Composition.VisualCanvasPlacement placement, double width, double height, string symbol, ChartForgeX.Primitives.ChartColor? accent, string? imageHref, [byte[]? imageRgba = null], [int imageSourceWidth = 0], [int imageSourceHeight = 0], [ChartForgeX.Composition.VisualCanvasImageFit imageFit = ChartForgeX.Composition.VisualCanvasImageFit.Contain], [double imagePadding = 10], [double imageOpacity = 1])","public ChartForgeX.Composition.VisualCanvas ChartForgeX.Composition.VisualCanvas.AddHeroBadge(ChartForgeX.Composition.VisualCanvasPlacement placement, double width, double height, string symbol, ChartForgeX.Primitives.ChartColor? accent, string? imageHref, [byte[]? imageRgba = null], [int imageSourceWidth = 0], [int imageSourceHeight = 0], [ChartForgeX.Composition.VisualCanvasImageFit imageFit = ChartForgeX.Composition.VisualCanvasImageFit.Contain], [double imagePadding = 10], [double imageOpacity = 1])","assembly-move","ChartForgeX.Visuals"
"9cd02a52af97426eab4bf64b9775ce93057e5986","de8ab2a75330edc93f7c3b529463a05c5d2c1b7e","M:ChartForgeX.Composition.VisualCanvas.AddHeroBadge(System.Double,System.Double,System.Double,System.Double,System.String,System.Nullable{ChartForgeX.Primitives.ChartColor})","ChartForgeX","ChartForgeX.Visuals","public ChartForgeX.Composition.VisualCanvas ChartForgeX.Composition.VisualCanvas.AddHeroBadge(double x, double y, double width, double height, string symbol, [ChartForgeX.Primitives.ChartColor? accent = null])","public ChartForgeX.Composition.VisualCanvas ChartForgeX.Composition.VisualCanvas.AddHeroBadge(double x, double y, double width, double height, string symbol, [ChartForgeX.Primitives.ChartColor? accent = null])","assembly-move","ChartForgeX.Visuals"
"9cd02a52af97426eab4bf64b9775ce93057e5986","de8ab2a75330edc93f7c3b529463a05c5d2c1b7e","M:ChartForgeX.Composition.VisualCanvas.AddHeroBadge(System.Double,System.Double,System.Double,System.Double,System.String,System.Nullable{ChartForgeX.Primitives.ChartColor},System.String,System.Byte[],System.Int32,System.Int32,ChartForgeX.Composition.VisualCanvasImageFit,System.Double,System.Double)","ChartForgeX","ChartForgeX.Visuals","public ChartForgeX.Composition.VisualCanvas ChartForgeX.Composition.VisualCanvas.AddHeroBadge(double x, double y, double width, double height, string symbol, ChartForgeX.Primitives.ChartColor? accent, string? imageHref, [byte[]? imageRgba = null], [int imageSourceWidth = 0], [int imageSourceHeight = 0], [ChartForgeX.Composition.VisualCanvasImageFit imageFit = ChartForgeX.Composition.VisualCanvasImageFit.Contain], [double imagePadding = 10], [double imageOpacity = 1])","public ChartForgeX.Composition.VisualCanvas ChartForgeX.Composition.VisualCanvas.AddHeroBadge(double x, double y, double width, double height, string symbol, ChartForgeX.Primitives.ChartColor? accent, string? imageHref, [byte[]? imageRgba = null], [int imageSourceWidth = 0], [int imageSourceHeight = 0], [ChartForgeX.Composition.VisualCanvasImageFit imageFit = ChartForgeX.Composition.VisualCanvasImageFit.Contain], [double imagePadding = 10], [double imageOpacity = 1])","assembly-move","ChartForgeX.Visuals"
"9cd02a52af97426eab4bf64b9775ce93057e5986","de8ab2a75330edc93f7c3b529463a05c5d2c1b7e","M:ChartForgeX.Composition.VisualCanvas.AddHeroTitle(ChartForgeX.Composition.VisualCanvasPlacement,System.Double,System.Double,System.Collections.Generic.IEnumerable{ChartForgeX.Composition.VisualCanvasTextRun},ChartForgeX.Typography.TextAlignment)","ChartForgeX","ChartForgeX.Visuals","public ChartForgeX.Composition.VisualCanvas ChartForgeX.Composition.VisualCanvas.AddHeroTitle(ChartForgeX.Composition.VisualCanvasPlacement placement, double width, double fontSize, System.Collections.Generic.IEnumerable<ChartForgeX.Composition.VisualCanvasTextRun> runs, [ChartForgeX.Typography.TextAlignment alignment = ChartForgeX.Typography.TextAlignment.Center])","public ChartForgeX.Composition.VisualCanvas ChartForgeX.Composition.VisualCanvas.AddHeroTitle(ChartForgeX.Composition.VisualCanvasPlacement placement, double width, double fontSize, System.Collections.Generic.IEnumerable<ChartForgeX.Composition.VisualCanvasTextRun> runs, [ChartForgeX.Typography.TextAlignment alignment = ChartForgeX.Typography.TextAlignment.Center])","assembly-move","ChartForgeX.Visuals"
"9cd02a52af97426eab4bf64b9775ce93057e5986","de8ab2a75330edc93f7c3b529463a05c5d2c1b7e","M:ChartForgeX.Composition.VisualCanvas.AddHeroTitle(System.Double,System.Double,System.Double,System.Double,System.Collections.Generic.IEnumerable{ChartForgeX.Composition.VisualCanvasTextRun},ChartForgeX.Typography.TextAlignment)","ChartForgeX","ChartForgeX.Visuals","public ChartForgeX.Composition.VisualCanvas ChartForgeX.Composition.VisualCanvas.AddHeroTitle(double x, double y, double width, double fontSize, System.Collections.Generic.IEnumerable<ChartForgeX.Composition.VisualCanvasTextRun> runs, [ChartForgeX.Typography.TextAlignment alignment = ChartForgeX.Typography.TextAlignment.Center])","public ChartForgeX.Composition.VisualCanvas ChartForgeX.Composition.VisualCanvas.AddHeroTitle(double x, double y, double width, double fontSize, System.Collections.Generic.IEnumerable<ChartForgeX.Composition.VisualCanvasTextRun> runs, [ChartForgeX.Typography.TextAlignment alignment = ChartForgeX.Typography.TextAlignment.Center])","assembly-move","ChartForgeX.Visuals"
"9cd02a52af97426eab4bf64b9775ce93057e5986","de8ab2a75330edc93f7c3b529463a05c5d2c1b7e","M:ChartForgeX.Composition.VisualCanvas.AddImage(ChartForgeX.Composition.VisualCanvasPlacement,System.Double,System.Double,System.String,System.Byte[],System.Int32,System.Int32,System.Double,ChartForgeX.Composition.VisualCanvasImageFit)","ChartForgeX","ChartForgeX.Visuals","public ChartForgeX.Composition.VisualCanvas ChartForgeX.Composition.VisualCanvas.AddImage(ChartForgeX.Composition.VisualCanvasPlacement placement, double width, double height, [string? href = null], [byte[]? rgba = null], [int sourceWidth = 0], [int sourceHeight = 0], [double opacity = 1], [ChartForgeX.Composition.VisualCanvasImageFit fit = ChartForgeX.Composition.VisualCanvasImageFit.Stretch])","public ChartForgeX.Composition.VisualCanvas ChartForgeX.Composition.VisualCanvas.AddImage(ChartForgeX.Composition.VisualCanvasPlacement placement, double width, double height, [string? href = null], [byte[]? rgba = null], [int sourceWidth = 0], [int sourceHeight = 0], [double opacity = 1], [ChartForgeX.Composition.VisualCanvasImageFit fit = ChartForgeX.Composition.VisualCanvasImageFit.Stretch])","assembly-move","ChartForgeX.Visuals"
"9cd02a52af97426eab4bf64b9775ce93057e5986","de8ab2a75330edc93f7c3b529463a05c5d2c1b7e","M:ChartForgeX.Composition.VisualCanvas.AddImage(System.Double,System.Double,System.Double,System.Double,System.String,System.Byte[],System.Int32,System.Int32,System.Double,ChartForgeX.Composition.VisualCanvasImageFit)","ChartForgeX","ChartForgeX.Visuals","public ChartForgeX.Composition.VisualCanvas ChartForgeX.Composition.VisualCanvas.AddImage(double x, double y, double width, double height, [string? href = null], [byte[]? rgba = null], [int sourceWidth = 0], [int sourceHeight = 0], [double opacity = 1], [ChartForgeX.Composition.VisualCanvasImageFit fit = ChartForgeX.Composition.VisualCanvasImageFit.Stretch])","public ChartForgeX.Composition.VisualCanvas ChartForgeX.Composition.VisualCanvas.AddImage(double x, double y, double width, double height, [string? href = null], [byte[]? rgba = null], [int sourceWidth = 0], [int sourceHeight = 0], [double opacity = 1], [ChartForgeX.Composition.VisualCanvasImageFit fit = ChartForgeX.Composition.VisualCanvasImageFit.Stretch])","assembly-move","ChartForgeX.Visuals"
"9cd02a52af97426eab4bf64b9775ce93057e5986","de8ab2a75330edc93f7c3b529463a05c5d2c1b7e","M:ChartForgeX.Composition.VisualCanvas.AddInfoTile(ChartForgeX.Composition.VisualCanvasPlacement,System.Double,System.Double,System.String,System.String,System.String,System.String,System.Nullable{ChartForgeX.Primitives.ChartColor},System.Nullable{System.Double},ChartForgeX.Composition.VisualCanvasInfoTileSurfaceStyle,ChartForgeX.Composition.VisualCanvasInfoTileIconKind,ChartForgeX.Composition.VisualCanvasInfoTileMiniChartKind,System.Collections.Generic.IEnumerable{System.Double},System.Nullable{System.Double},ChartForgeX.Composition.VisualCanvasTextFitPolicy)","ChartForgeX","ChartForgeX.Visuals","public ChartForgeX.Composition.VisualCanvas ChartForgeX.Composition.VisualCanvas.AddInfoTile(ChartForgeX.Composition.VisualCanvasPlacement placement, double width, double height, string icon, string label, string value, [string? detail = null], [ChartForgeX.Primitives.ChartColor? accent = null], [double? progress = null], [ChartForgeX.Composition.VisualCanvasInfoTileSurfaceStyle surfaceStyle = ChartForgeX.Composition.VisualCanvasInfoTileSurfaceStyle.Glass], [ChartForgeX.Composition.VisualCanvasInfoTileIconKind iconKind = ChartForgeX.Composition.VisualCanvasInfoTileIconKind.Text], [ChartForgeX.Composition.VisualCanvasInfoTileMiniChartKind miniChartKind = ChartForgeX.Composition.VisualCanvasInfoTileMiniChartKind.None], [System.Collections.Generic.IEnumerable<double>? miniChartValues = null], [double? miniChartMaximum = null], [ChartForgeX.Composition.VisualCanvasTextFitPolicy textFitPolicy = ChartForgeX.Composition.VisualCanvasTextFitPolicy.Auto])","public ChartForgeX.Composition.VisualCanvas ChartForgeX.Composition.VisualCanvas.AddInfoTile(ChartForgeX.Composition.VisualCanvasPlacement placement, double width, double height, string icon, string label, string value, [string? detail = null], [ChartForgeX.Primitives.ChartColor? accent = null], [double? progress = null], [ChartForgeX.Composition.VisualCanvasInfoTileSurfaceStyle surfaceStyle = ChartForgeX.Composition.VisualCanvasInfoTileSurfaceStyle.Glass], [ChartForgeX.Composition.VisualCanvasInfoTileIconKind iconKind = ChartForgeX.Composition.VisualCanvasInfoTileIconKind.Text], [ChartForgeX.Composition.VisualCanvasInfoTileMiniChartKind miniChartKind = ChartForgeX.Composition.VisualCanvasInfoTileMiniChartKind.None], [System.Collections.Generic.IEnumerable<double>? miniChartValues = null], [double? miniChartMaximum = null], [ChartForgeX.Composition.VisualCanvasTextFitPolicy textFitPolicy = ChartForgeX.Composition.VisualCanvasTextFitPolicy.Auto])","assembly-move","ChartForgeX.Visuals"
"9cd02a52af97426eab4bf64b9775ce93057e5986","de8ab2a75330edc93f7c3b529463a05c5d2c1b7e","M:ChartForgeX.Composition.VisualCanvas.AddInfoTile(System.Double,System.Double,System.Double,System.Double,System.String,System.String,System.String,System.String,System.Nullable{ChartForgeX.Primitives.ChartColor},System.Nullable{System.Double},ChartForgeX.Composition.VisualCanvasInfoTileSurfaceStyle,ChartForgeX.Composition.VisualCanvasInfoTileIconKind,ChartForgeX.Composition.VisualCanvasInfoTileMiniChartKind,System.Collections.Generic.IEnumerable{System.Double},System.Nullable{System.Double},ChartForgeX.Composition.VisualCanvasTextFitPolicy)","ChartForgeX","ChartForgeX.Visuals","public ChartForgeX.Composition.VisualCanvas ChartForgeX.Composition.VisualCanvas.AddInfoTile(double x, double y, double width, double height, string icon, string label, string value, [string? detail = null], [ChartForgeX.Primitives.ChartColor? accent = null], [double? progress = null], [ChartForgeX.Composition.VisualCanvasInfoTileSurfaceStyle surfaceStyle = ChartForgeX.Composition.VisualCanvasInfoTileSurfaceStyle.Glass], [ChartForgeX.Composition.VisualCanvasInfoTileIconKind iconKind = ChartForgeX.Composition.VisualCanvasInfoTileIconKind.Text], [ChartForgeX.Composition.VisualCanvasInfoTileMiniChartKind miniChartKind = ChartForgeX.Composition.VisualCanvasInfoTileMiniChartKind.None], [System.Collections.Generic.IEnumerable<double>? miniChartValues = null], [double? miniChartMaximum = null], [ChartForgeX.Composition.VisualCanvasTextFitPolicy textFitPolicy = ChartForgeX.Composition.VisualCanvasTextFitPolicy.Auto])","public ChartForgeX.Composition.VisualCanvas ChartForgeX.Composition.VisualCanvas.AddInfoTile(double x, double y, double width, double height, string icon, string label, string value, [string? detail = null], [ChartForgeX.Primitives.ChartColor? accent = null], [double? progress = null], [ChartForgeX.Composition.VisualCanvasInfoTileSurfaceStyle surfaceStyle = ChartForgeX.Composition.VisualCanvasInfoTileSurfaceStyle.Glass], [ChartForgeX.Composition.VisualCanvasInfoTileIconKind iconKind = ChartForgeX.Composition.VisualCanvasInfoTileIconKind.Text], [ChartForgeX.Composition.VisualCanvasInfoTileMiniChartKind miniChartKind = ChartForgeX.Composition.VisualCanvasInfoTileMiniChartKind.None], [System.Collections.Generic.IEnumerable<double>? miniChartValues = null], [double? miniChartMaximum = null], [ChartForgeX.Composition.VisualCanvasTextFitPolicy textFitPolicy = ChartForgeX.Composition.VisualCanvasTextFitPolicy.Auto])","assembly-move","ChartForgeX.Visuals"
"9cd02a52af97426eab4bf64b9775ce93057e5986","de8ab2a75330edc93f7c3b529463a05c5d2c1b7e","M:ChartForgeX.Composition.VisualCanvas.AddKeyValueBlock(ChartForgeX.Composition.VisualCanvasPlacement,System.Double,System.Collections.Generic.IEnumerable{ChartForgeX.Composition.VisualCanvasKeyValueItem},System.Double,System.Double,System.Double,System.Double,System.Nullable{System.Double},System.Nullable{System.Double},System.Nullable{ChartForgeX.Primitives.ChartColor},System.Nullable{ChartForgeX.Primitives.ChartColor},System.String)","ChartForgeX","ChartForgeX.Visuals","public ChartForgeX.Composition.VisualCanvas ChartForgeX.Composition.VisualCanvas.AddKeyValueBlock(ChartForgeX.Composition.VisualCanvasPlacement placement, double width, System.Collections.Generic.IEnumerable<ChartForgeX.Composition.VisualCanvasKeyValueItem> items, [double labelFontSize = 16], [double valueFontSize = 16], [double columnGap = 24], [double rowGap = 4], [double? labelWidth = null], [double? valueWrapWidth = null], [ChartForgeX.Primitives.ChartColor? labelColor = null], [ChartForgeX.Primitives.ChartColor? valueColor = null], [string? fontFamilyName = null])","public ChartForgeX.Composition.VisualCanvas ChartForgeX.Composition.VisualCanvas.AddKeyValueBlock(ChartForgeX.Composition.VisualCanvasPlacement placement, double width, System.Collections.Generic.IEnumerable<ChartForgeX.Composition.VisualCanvasKeyValueItem> items, [double labelFontSize = 16], [double valueFontSize = 16], [double columnGap = 24], [double rowGap = 4], [double? labelWidth = null], [double? valueWrapWidth = null], [ChartForgeX.Primitives.ChartColor? labelColor = null], [ChartForgeX.Primitives.ChartColor? valueColor = null], [string? fontFamilyName = null])","assembly-move","ChartForgeX.Visuals"
"9cd02a52af97426eab4bf64b9775ce93057e5986","de8ab2a75330edc93f7c3b529463a05c5d2c1b7e","M:ChartForgeX.Composition.VisualCanvas.AddKeyValueBlock(System.Double,System.Double,System.Double,System.Collections.Generic.IEnumerable{ChartForgeX.Composition.VisualCanvasKeyValueItem},System.Double,System.Double,System.Double,System.Double,System.Nullable{System.Double},System.Nullable{System.Double},System.Nullable{ChartForgeX.Primitives.ChartColor},System.Nullable{ChartForgeX.Primitives.ChartColor},System.String)","ChartForgeX","ChartForgeX.Visuals","public ChartForgeX.Composition.VisualCanvas ChartForgeX.Composition.VisualCanvas.AddKeyValueBlock(double x, double y, double width, System.Collections.Generic.IEnumerable<ChartForgeX.Composition.VisualCanvasKeyValueItem> items, [double labelFontSize = 16], [double valueFontSize = 16], [double columnGap = 24], [double rowGap = 4], [double? labelWidth = null], [double? valueWrapWidth = null], [ChartForgeX.Primitives.ChartColor? labelColor = null], [ChartForgeX.Primitives.ChartColor? valueColor = null], [string? fontFamilyName = null])","public ChartForgeX.Composition.VisualCanvas ChartForgeX.Composition.VisualCanvas.AddKeyValueBlock(double x, double y, double width, System.Collections.Generic.IEnumerable<ChartForgeX.Composition.VisualCanvasKeyValueItem> items, [double labelFontSize = 16], [double valueFontSize = 16], [double columnGap = 24], [double rowGap = 4], [double? labelWidth = null], [double? valueWrapWidth = null], [ChartForgeX.Primitives.ChartColor? labelColor = null], [ChartForgeX.Primitives.ChartColor? valueColor = null], [string? fontFamilyName = null])","assembly-move","ChartForgeX.Visuals"
"9cd02a52af97426eab4bf64b9775ce93057e5986","de8ab2a75330edc93f7c3b529463a05c5d2c1b7e","M:ChartForgeX.Composition.VisualCanvas.AddLayer(ChartForgeX.Composition.VisualCanvasLayer)","ChartForgeX","ChartForgeX.Visuals","public ChartForgeX.Composition.VisualCanvas ChartForgeX.Composition.VisualCanvas.AddLayer(ChartForgeX.Composition.VisualCanvasLayer layer)","public ChartForgeX.Composition.VisualCanvas ChartForgeX.Composition.VisualCanvas.AddLayer(ChartForgeX.Composition.VisualCanvasLayer layer)","assembly-move","ChartForgeX.Visuals"
"9cd02a52af97426eab4bf64b9775ce93057e5986","de8ab2a75330edc93f7c3b529463a05c5d2c1b7e","M:ChartForgeX.Composition.VisualCanvas.AddText(ChartForgeX.Composition.VisualCanvasPlacement,System.Double,System.String,System.Double,ChartForgeX.Primitives.ChartColor,ChartForgeX.Typography.TextAlignment,System.Boolean)","ChartForgeX","ChartForgeX.Visuals","public ChartForgeX.Composition.VisualCanvas ChartForgeX.Composition.VisualCanvas.AddText(ChartForgeX.Composition.VisualCanvasPlacement placement, double width, string text, double fontSize, ChartForgeX.Primitives.ChartColor color, [ChartForgeX.Typography.TextAlignment alignment = ChartForgeX.Typography.TextAlignment.Left], [bool emphasized = false])","public ChartForgeX.Composition.VisualCanvas ChartForgeX.Composition.VisualCanvas.AddText(ChartForgeX.Composition.VisualCanvasPlacement placement, double width, string text, double fontSize, ChartForgeX.Primitives.ChartColor color, [ChartForgeX.Typography.TextAlignment alignment = ChartForgeX.Typography.TextAlignment.Left], [bool emphasized = false])","assembly-move","ChartForgeX.Visuals"
"9cd02a52af97426eab4bf64b9775ce93057e5986","de8ab2a75330edc93f7c3b529463a05c5d2c1b7e","M:ChartForgeX.Composition.VisualCanvas.AddText(System.Double,System.Double,System.Double,System.String,System.Double,ChartForgeX.Primitives.ChartColor,ChartForgeX.Typography.TextAlignment,System.Boolean)","ChartForgeX","ChartForgeX.Visuals","public ChartForgeX.Composition.VisualCanvas ChartForgeX.Composition.VisualCanvas.AddText(double x, double y, double width, string text, double fontSize, ChartForgeX.Primitives.ChartColor color, [ChartForgeX.Typography.TextAlignment alignment = ChartForgeX.Typography.TextAlignment.Left], [bool emphasized = false])","public ChartForgeX.Composition.VisualCanvas ChartForgeX.Composition.VisualCanvas.AddText(double x, double y, double width, string text, double fontSize, ChartForgeX.Primitives.ChartColor color, [ChartForgeX.Typography.TextAlignment alignment = ChartForgeX.Typography.TextAlignment.Left], [bool emphasized = false])","assembly-move","ChartForgeX.Visuals"
"9cd02a52af97426eab4bf64b9775ce93057e5986","de8ab2a75330edc93f7c3b529463a05c5d2c1b7e","M:ChartForgeX.Composition.VisualCanvas.AnalyzeLayout","ChartForgeX","ChartForgeX.Visuals","public ChartForgeX.Composition.VisualCanvasLayoutReport ChartForgeX.Composition.VisualCanvas.AnalyzeLayout()","public ChartForgeX.Composition.VisualCanvasLayoutReport ChartForgeX.Composition.VisualCanvas.AnalyzeLayout()","assembly-move","ChartForgeX.Visuals"
"9cd02a52af97426eab4bf64b9775ce93057e5986","de8ab2a75330edc93f7c3b529463a05c5d2c1b7e","M:ChartForgeX.Composition.VisualCanvas.AsDecorative(System.Boolean)","ChartForgeX","ChartForgeX.Visuals","public ChartForgeX.Composition.VisualCanvas ChartForgeX.Composition.VisualCanvas.AsDecorative([bool decorative = true])","public ChartForgeX.Composition.VisualCanvas ChartForgeX.Composition.VisualCanvas.AsDecorative([bool decorative = true])","assembly-move","ChartForgeX.Visuals"
"9cd02a52af97426eab4bf64b9775ce93057e5986","de8ab2a75330edc93f7c3b529463a05c5d2c1b7e","M:ChartForgeX.Composition.VisualCanvas.Create(System.Int32,System.Int32)","ChartForgeX","ChartForgeX.Visuals","public static ChartForgeX.Composition.VisualCanvas ChartForgeX.Composition.VisualCanvas.Create(int width, int height)","public static ChartForgeX.Composition.VisualCanvas ChartForgeX.Composition.VisualCanvas.Create(int width, int height)","assembly-move","ChartForgeX.Visuals"
"9cd02a52af97426eab4bf64b9775ce93057e5986","de8ab2a75330edc93f7c3b529463a05c5d2c1b7e","M:ChartForgeX.Composition.VisualCanvas.CreateDesktopWallpaper","ChartForgeX","ChartForgeX.Visuals","public static ChartForgeX.Composition.VisualCanvas ChartForgeX.Composition.VisualCanvas.CreateDesktopWallpaper()","public static ChartForgeX.Composition.VisualCanvas ChartForgeX.Composition.VisualCanvas.CreateDesktopWallpaper()","assembly-move","ChartForgeX.Visuals"
"9cd02a52af97426eab4bf64b9775ce93057e5986","de8ab2a75330edc93f7c3b529463a05c5d2c1b7e","M:ChartForgeX.Composition.VisualCanvas.CreateSocialPreview","ChartForgeX","ChartForgeX.Visuals","public static ChartForgeX.Composition.VisualCanvas ChartForgeX.Composition.VisualCanvas.CreateSocialPreview()","public static ChartForgeX.Composition.VisualCanvas ChartForgeX.Composition.VisualCanvas.CreateSocialPreview()","assembly-move","ChartForgeX.Visuals"
"9cd02a52af97426eab4bf64b9775ce93057e5986","de8ab2a75330edc93f7c3b529463a05c5d2c1b7e","M:ChartForgeX.Composition.VisualCanvas.ResolvePlacement(ChartForgeX.Composition.VisualCanvasPlacement,System.Double,System.Double)","ChartForgeX","ChartForgeX.Visuals","public ChartForgeX.Primitives.ChartRect ChartForgeX.Composition.VisualCanvas.ResolvePlacement(ChartForgeX.Composition.VisualCanvasPlacement placement, double width, double height)","public ChartForgeX.Primitives.ChartRect ChartForgeX.Composition.VisualCanvas.ResolvePlacement(ChartForgeX.Composition.VisualCanvasPlacement placement, double width, double height)","assembly-move","ChartForgeX.Visuals"
"9cd02a52af97426eab4bf64b9775ce93057e5986","de8ab2a75330edc93f7c3b529463a05c5d2c1b7e","M:ChartForgeX.Composition.VisualCanvas.WithAccessibility(System.Action{ChartForgeX.Accessibility.VisualAccessibility})","ChartForgeX","ChartForgeX.Visuals","public ChartForgeX.Composition.VisualCanvas ChartForgeX.Composition.VisualCanvas.WithAccessibility(System.Action<ChartForgeX.Accessibility.VisualAccessibility> configure)","public ChartForgeX.Composition.VisualCanvas ChartForgeX.Composition.VisualCanvas.WithAccessibility(System.Action<ChartForgeX.Accessibility.VisualAccessibility> configure)","assembly-move","ChartForgeX.Visuals"
"9cd02a52af97426eab4bf64b9775ce93057e5986","de8ab2a75330edc93f7c3b529463a05c5d2c1b7e","M:ChartForgeX.Composition.VisualCanvas.WithBackdrop(ChartForgeX.Composition.VisualCanvasBackdropStyle)","ChartForgeX","ChartForgeX.Visuals","public ChartForgeX.Composition.VisualCanvas ChartForgeX.Composition.VisualCanvas.WithBackdrop(ChartForgeX.Composition.VisualCanvasBackdropStyle style)","public ChartForgeX.Composition.VisualCanvas ChartForgeX.Composition.VisualCanvas.WithBackdrop(ChartForgeX.Composition.VisualCanvasBackdropStyle style)","assembly-move","ChartForgeX.Visuals"
"9cd02a52af97426eab4bf64b9775ce93057e5986","de8ab2a75330edc93f7c3b529463a05c5d2c1b7e","M:ChartForgeX.Composition.VisualCanvas.WithBackground(ChartForgeX.Primitives.ChartColor)","ChartForgeX","ChartForgeX.Visuals","public ChartForgeX.Composition.VisualCanvas ChartForgeX.Composition.VisualCanvas.WithBackground(ChartForgeX.Primitives.ChartColor color)","public ChartForgeX.Composition.VisualCanvas ChartForgeX.Composition.VisualCanvas.WithBackground(ChartForgeX.Primitives.ChartColor color)","assembly-move","ChartForgeX.Visuals"
"9cd02a52af97426eab4bf64b9775ce93057e5986","de8ab2a75330edc93f7c3b529463a05c5d2c1b7e","M:ChartForgeX.Composition.VisualCanvas.WithBackground(ChartForgeX.Primitives.ChartColor,ChartForgeX.Primitives.ChartColor)","ChartForgeX","ChartForgeX.Visuals","public ChartForgeX.Composition.VisualCanvas ChartForgeX.Composition.VisualCanvas.WithBackground(ChartForgeX.Primitives.ChartColor top, ChartForgeX.Primitives.ChartColor bottom)","public ChartForgeX.Composition.VisualCanvas ChartForgeX.Composition.VisualCanvas.WithBackground(ChartForgeX.Primitives.ChartColor top, ChartForgeX.Primitives.ChartColor bottom)","assembly-move","ChartForgeX.Visuals"
"9cd02a52af97426eab4bf64b9775ce93057e5986","de8ab2a75330edc93f7c3b529463a05c5d2c1b7e","M:ChartForgeX.Composition.VisualCanvas.WithDesignTokens(ChartForgeX.Themes.VisualDesignTokens)","ChartForgeX","ChartForgeX.Visuals","public ChartForgeX.Composition.VisualCanvas ChartForgeX.Composition.VisualCanvas.WithDesignTokens(ChartForgeX.Themes.VisualDesignTokens tokens)","public ChartForgeX.Composition.VisualCanvas ChartForgeX.Composition.VisualCanvas.WithDesignTokens(ChartForgeX.Themes.VisualDesignTokens tokens)","assembly-move","ChartForgeX.Visuals"
"9cd02a52af97426eab4bf64b9775ce93057e5986","de8ab2a75330edc93f7c3b529463a05c5d2c1b7e","M:ChartForgeX.Composition.VisualCanvas.WithFixedLayout","ChartForgeX","ChartForgeX.Visuals","public ChartForgeX.Composition.VisualCanvas ChartForgeX.Composition.VisualCanvas.WithFixedLayout()","public ChartForgeX.Composition.VisualCanvas ChartForgeX.Composition.VisualCanvas.WithFixedLayout()","assembly-move","ChartForgeX.Visuals"
"9cd02a52af97426eab4bf64b9775ce93057e5986","de8ab2a75330edc93f7c3b529463a05c5d2c1b7e","M:ChartForgeX.Composition.VisualCanvas.WithOutputSize(System.Int32,System.Int32)","ChartForgeX","ChartForgeX.Visuals","public ChartForgeX.Composition.VisualCanvas ChartForgeX.Composition.VisualCanvas.WithOutputSize(int width, int height)","public ChartForgeX.Composition.VisualCanvas ChartForgeX.Composition.VisualCanvas.WithOutputSize(int width, int height)","assembly-move","ChartForgeX.Visuals"
"9cd02a52af97426eab4bf64b9775ce93057e5986","de8ab2a75330edc93f7c3b529463a05c5d2c1b7e","M:ChartForgeX.Composition.VisualCanvas.WithPngOutputScale(System.Int32)","ChartForgeX","ChartForgeX.Visuals","public ChartForgeX.Composition.VisualCanvas ChartForgeX.Composition.VisualCanvas.WithPngOutputScale(int scale)","public ChartForgeX.Composition.VisualCanvas ChartForgeX.Composition.VisualCanvas.WithPngOutputScale(int scale)","assembly-move","ChartForgeX.Visuals"
"9cd02a52af97426eab4bf64b9775ce93057e5986","de8ab2a75330edc93f7c3b529463a05c5d2c1b7e","M:ChartForgeX.Composition.VisualCanvas.WithResponsiveLayout(System.Int32,System.Int32,ChartForgeX.Composition.VisualCanvasImageFit)","ChartForgeX","ChartForgeX.Visuals","public ChartForgeX.Composition.VisualCanvas ChartForgeX.Composition.VisualCanvas.WithResponsiveLayout(int designWidth, int designHeight, [ChartForgeX.Composition.VisualCanvasImageFit fit = ChartForgeX.Composition.VisualCanvasImageFit.Contain])","public ChartForgeX.Composition.VisualCanvas ChartForgeX.Composition.VisualCanvas.WithResponsiveLayout(int designWidth, int designHeight, [ChartForgeX.Composition.VisualCanvasImageFit fit = ChartForgeX.Composition.VisualCanvasImageFit.Contain])","assembly-move","ChartForgeX.Visuals"
"9cd02a52af97426eab4bf64b9775ce93057e5986","de8ab2a75330edc93f7c3b529463a05c5d2c1b7e","M:ChartForgeX.Composition.VisualCanvas.WithTheme(ChartForgeX.Composition.VisualCanvasTheme)","ChartForgeX","ChartForgeX.Visuals","public ChartForgeX.Composition.VisualCanvas ChartForgeX.Composition.VisualCanvas.WithTheme(ChartForgeX.Composition.VisualCanvasTheme theme)","public ChartForgeX.Composition.VisualCanvas ChartForgeX.Composition.VisualCanvas.WithTheme(ChartForgeX.Composition.VisualCanvasTheme theme)","assembly-move","ChartForgeX.Visuals"
"9cd02a52af97426eab4bf64b9775ce93057e5986","de8ab2a75330edc93f7c3b529463a05c5d2c1b7e","M:ChartForgeX.Composition.VisualCanvas.WithTitle(System.String)","ChartForgeX","ChartForgeX.Visuals","public ChartForgeX.Composition.VisualCanvas ChartForgeX.Composition.VisualCanvas.WithTitle(string title)","public ChartForgeX.Composition.VisualCanvas ChartForgeX.Composition.VisualCanvas.WithTitle(string title)","assembly-move","ChartForgeX.Visuals"
"9cd02a52af97426eab4bf64b9775ce93057e5986","de8ab2a75330edc93f7c3b529463a05c5d2c1b7e","M:ChartForgeX.Composition.VisualCanvasAnchor.#ctor","ChartForgeX","ChartForgeX.Visuals","public ChartForgeX.Composition.VisualCanvasAnchor.VisualCanvasAnchor()","public ChartForgeX.Composition.VisualCanvasAnchor.VisualCanvasAnchor()","assembly-move","ChartForgeX.Visuals"
"9cd02a52af97426eab4bf64b9775ce93057e5986","de8ab2a75330edc93f7c3b529463a05c5d2c1b7e","M:ChartForgeX.Composition.VisualCanvasBackdropStyle.#ctor","ChartForgeX","ChartForgeX.Visuals","public ChartForgeX.Composition.VisualCanvasBackdropStyle.VisualCanvasBackdropStyle()","public ChartForgeX.Composition.VisualCanvasBackdropStyle.VisualCanvasBackdropStyle()","assembly-move","ChartForgeX.Visuals"
"9cd02a52af97426eab4bf64b9775ce93057e5986","de8ab2a75330edc93f7c3b529463a05c5d2c1b7e","M:ChartForgeX.Composition.VisualCanvasFeatureItem.#ctor(System.String,System.String)","ChartForgeX","ChartForgeX.Visuals","public ChartForgeX.Composition.VisualCanvasFeatureItem.VisualCanvasFeatureItem(string icon, string label)","public ChartForgeX.Composition.VisualCanvasFeatureItem.VisualCanvasFeatureItem(string icon, string label)","assembly-move","ChartForgeX.Visuals"
"9cd02a52af97426eab4bf64b9775ce93057e5986","de8ab2a75330edc93f7c3b529463a05c5d2c1b7e","M:ChartForgeX.Composition.VisualCanvasFeatureStripLayer.#ctor(System.Double,System.Double,System.Double,System.Double,System.Collections.Generic.IEnumerable{ChartForgeX.Composition.VisualCanvasFeatureItem})","ChartForgeX","ChartForgeX.Visuals","public ChartForgeX.Composition.VisualCanvasFeatureStripLayer.VisualCanvasFeatureStripLayer(double x, double y, double width, double height, System.Collections.Generic.IEnumerable<ChartForgeX.Composition.VisualCanvasFeatureItem> items)","public ChartForgeX.Composition.VisualCanvasFeatureStripLayer.VisualCanvasFeatureStripLayer(double x, double y, double width, double height, System.Collections.Generic.IEnumerable<ChartForgeX.Composition.VisualCanvasFeatureItem> items)","assembly-move","ChartForgeX.Visuals"
"9cd02a52af97426eab4bf64b9775ce93057e5986","de8ab2a75330edc93f7c3b529463a05c5d2c1b7e","M:ChartForgeX.Composition.VisualCanvasHeroBadgeLayer.#ctor(System.Double,System.Double,System.Double,System.Double,System.String)","ChartForgeX","ChartForgeX.Visuals","public ChartForgeX.Composition.VisualCanvasHeroBadgeLayer.VisualCanvasHeroBadgeLayer(double x, double y, double width, double height, string symbol)","public ChartForgeX.Composition.VisualCanvasHeroBadgeLayer.VisualCanvasHeroBadgeLayer(double x, double y, double width, double height, string symbol)","assembly-move","ChartForgeX.Visuals"
"9cd02a52af97426eab4bf64b9775ce93057e5986","de8ab2a75330edc93f7c3b529463a05c5d2c1b7e","M:ChartForgeX.Composition.VisualCanvasHeroTitleLayer.#ctor(System.Double,System.Double,System.Double,System.Double,System.Collections.Generic.IEnumerable{ChartForgeX.Composition.VisualCanvasTextRun})","ChartForgeX","ChartForgeX.Visuals","public ChartForgeX.Composition.VisualCanvasHeroTitleLayer.VisualCanvasHeroTitleLayer(double x, double y, double width, double fontSize, System.Collections.Generic.IEnumerable<ChartForgeX.Composition.VisualCanvasTextRun> runs)","public ChartForgeX.Composition.VisualCanvasHeroTitleLayer.VisualCanvasHeroTitleLayer(double x, double y, double width, double fontSize, System.Collections.Generic.IEnumerable<ChartForgeX.Composition.VisualCanvasTextRun> runs)","assembly-move","ChartForgeX.Visuals"
"9cd02a52af97426eab4bf64b9775ce93057e5986","de8ab2a75330edc93f7c3b529463a05c5d2c1b7e","M:ChartForgeX.Composition.VisualCanvasImageFit.#ctor","ChartForgeX","ChartForgeX.Visuals","public ChartForgeX.Composition.VisualCanvasImageFit.VisualCanvasImageFit()","public ChartForgeX.Composition.VisualCanvasImageFit.VisualCanvasImageFit()","assembly-move","ChartForgeX.Visuals"
"9cd02a52af97426eab4bf64b9775ce93057e5986","de8ab2a75330edc93f7c3b529463a05c5d2c1b7e","M:ChartForgeX.Composition.VisualCanvasImageLayer.#ctor(System.Double,System.Double,System.Double,System.Double)","ChartForgeX","ChartForgeX.Visuals","public ChartForgeX.Composition.VisualCanvasImageLayer.VisualCanvasImageLayer(double x, double y, double width, double height)","public ChartForgeX.Composition.VisualCanvasImageLayer.VisualCanvasImageLayer(double x, double y, double width, double height)","assembly-move","ChartForgeX.Visuals"
"9cd02a52af97426eab4bf64b9775ce93057e5986","de8ab2a75330edc93f7c3b529463a05c5d2c1b7e","M:ChartForgeX.Composition.VisualCanvasInfoTileIconKind.#ctor","ChartForgeX","ChartForgeX.Visuals","public ChartForgeX.Composition.VisualCanvasInfoTileIconKind.VisualCanvasInfoTileIconKind()","public ChartForgeX.Composition.VisualCanvasInfoTileIconKind.VisualCanvasInfoTileIconKind()","assembly-move","ChartForgeX.Visuals"
"9cd02a52af97426eab4bf64b9775ce93057e5986","de8ab2a75330edc93f7c3b529463a05c5d2c1b7e","M:ChartForgeX.Composition.VisualCanvasInfoTileLayer.#ctor(System.Double,System.Double,System.Double,System.Double,System.String,System.String,System.String)","ChartForgeX","ChartForgeX.Visuals","public ChartForgeX.Composition.VisualCanvasInfoTileLayer.VisualCanvasInfoTileLayer(double x, double y, double width, double height, string icon, string label, string value)","public ChartForgeX.Composition.VisualCanvasInfoTileLayer.VisualCanvasInfoTileLayer(double x, double y, double width, double height, string icon, string label, string value)","assembly-move","ChartForgeX.Visuals"
"9cd02a52af97426eab4bf64b9775ce93057e5986","de8ab2a75330edc93f7c3b529463a05c5d2c1b7e","M:ChartForgeX.Composition.VisualCanvasInfoTileLayer.WithMiniChart(ChartForgeX.Composition.VisualCanvasInfoTileMiniChartKind,System.Collections.Generic.IEnumerable{System.Double},System.Nullable{System.Double})","ChartForgeX","ChartForgeX.Visuals","public ChartForgeX.Composition.VisualCanvasInfoTileLayer ChartForgeX.Composition.VisualCanvasInfoTileLayer.WithMiniChart(ChartForgeX.Composition.VisualCanvasInfoTileMiniChartKind kind, System.Collections.Generic.IEnumerable<double>? values, [double? maximum = null])","public ChartForgeX.Composition.VisualCanvasInfoTileLayer ChartForgeX.Composition.VisualCanvasInfoTileLayer.WithMiniChart(ChartForgeX.Composition.VisualCanvasInfoTileMiniChartKind kind, System.Collections.Generic.IEnumerable<double>? values, [double? maximum = null])","assembly-move","ChartForgeX.Visuals"
"9cd02a52af97426eab4bf64b9775ce93057e5986","de8ab2a75330edc93f7c3b529463a05c5d2c1b7e","M:ChartForgeX.Composition.VisualCanvasInfoTileLayer.WithSparkline(ChartForgeX.Core.SparklineData,ChartForgeX.Core.SparklineStyle)","ChartForgeX","ChartForgeX.Visuals","public ChartForgeX.Composition.VisualCanvasInfoTileLayer ChartForgeX.Composition.VisualCanvasInfoTileLayer.WithSparkline(ChartForgeX.Core.SparklineData data, [ChartForgeX.Core.SparklineStyle style = ChartForgeX.Core.SparklineStyle.Line])","public ChartForgeX.Composition.VisualCanvasInfoTileLayer ChartForgeX.Composition.VisualCanvasInfoTileLayer.WithSparkline(ChartForgeX.Core.SparklineData data, [ChartForgeX.Core.SparklineStyle style = ChartForgeX.Core.SparklineStyle.Line])","assembly-move","ChartForgeX.Visuals"
"9cd02a52af97426eab4bf64b9775ce93057e5986","de8ab2a75330edc93f7c3b529463a05c5d2c1b7e","M:ChartForgeX.Composition.VisualCanvasInfoTileLayer.WithTextFitPolicy(ChartForgeX.Composition.VisualCanvasTextFitPolicy)","ChartForgeX","ChartForgeX.Visuals","public ChartForgeX.Composition.VisualCanvasInfoTileLayer ChartForgeX.Composition.VisualCanvasInfoTileLayer.WithTextFitPolicy(ChartForgeX.Composition.VisualCanvasTextFitPolicy policy)","public ChartForgeX.Composition.VisualCanvasInfoTileLayer ChartForgeX.Composition.VisualCanvasInfoTileLayer.WithTextFitPolicy(ChartForgeX.Composition.VisualCanvasTextFitPolicy policy)","assembly-move","ChartForgeX.Visuals"
"9cd02a52af97426eab4bf64b9775ce93057e5986","de8ab2a75330edc93f7c3b529463a05c5d2c1b7e","M:ChartForgeX.Composition.VisualCanvasInfoTileMiniChartKind.#ctor","ChartForgeX","ChartForgeX.Visuals","public ChartForgeX.Composition.VisualCanvasInfoTileMiniChartKind.VisualCanvasInfoTileMiniChartKind()","public ChartForgeX.Composition.VisualCanvasInfoTileMiniChartKind.VisualCanvasInfoTileMiniChartKind()","assembly-move","ChartForgeX.Visuals"
"9cd02a52af97426eab4bf64b9775ce93057e5986","de8ab2a75330edc93f7c3b529463a05c5d2c1b7e","M:ChartForgeX.Composition.VisualCanvasInfoTileSurfaceStyle.#ctor","ChartForgeX","ChartForgeX.Visuals","public ChartForgeX.Composition.VisualCanvasInfoTileSurfaceStyle.VisualCanvasInfoTileSurfaceStyle()","public ChartForgeX.Composition.VisualCanvasInfoTileSurfaceStyle.VisualCanvasInfoTileSurfaceStyle()","assembly-move","ChartForgeX.Visuals"
"9cd02a52af97426eab4bf64b9775ce93057e5986","de8ab2a75330edc93f7c3b529463a05c5d2c1b7e","M:ChartForgeX.Composition.VisualCanvasKeyValueBlockLayer.#ctor(System.Double,System.Double,System.Double,System.Double,System.Collections.Generic.IEnumerable{ChartForgeX.Composition.VisualCanvasKeyValueItem})","ChartForgeX","ChartForgeX.Visuals","public ChartForgeX.Composition.VisualCanvasKeyValueBlockLayer.VisualCanvasKeyValueBlockLayer(double x, double y, double width, double height, System.Collections.Generic.IEnumerable<ChartForgeX.Composition.VisualCanvasKeyValueItem> items)","public ChartForgeX.Composition.VisualCanvasKeyValueBlockLayer.VisualCanvasKeyValueBlockLayer(double x, double y, double width, double height, System.Collections.Generic.IEnumerable<ChartForgeX.Composition.VisualCanvasKeyValueItem> items)","assembly-move","ChartForgeX.Visuals"
"9cd02a52af97426eab4bf64b9775ce93057e5986","de8ab2a75330edc93f7c3b529463a05c5d2c1b7e","M:ChartForgeX.Composition.VisualCanvasKeyValueBlockLayer.MeasureHeight","ChartForgeX","ChartForgeX.Visuals","public double ChartForgeX.Composition.VisualCanvasKeyValueBlockLayer.MeasureHeight()","public double ChartForgeX.Composition.VisualCanvasKeyValueBlockLayer.MeasureHeight()","assembly-move","ChartForgeX.Visuals"
"9cd02a52af97426eab4bf64b9775ce93057e5986","de8ab2a75330edc93f7c3b529463a05c5d2c1b7e","M:ChartForgeX.Composition.VisualCanvasKeyValueBlockLayer.MeasureHeight(ChartForgeX.Composition.VisualCanvasTheme)","ChartForgeX","ChartForgeX.Visuals","public double ChartForgeX.Composition.VisualCanvasKeyValueBlockLayer.MeasureHeight(ChartForgeX.Composition.VisualCanvasTheme theme)","public double ChartForgeX.Composition.VisualCanvasKeyValueBlockLayer.MeasureHeight(ChartForgeX.Composition.VisualCanvasTheme theme)","assembly-move","ChartForgeX.Visuals"
"9cd02a52af97426eab4bf64b9775ce93057e5986","de8ab2a75330edc93f7c3b529463a05c5d2c1b7e","M:ChartForgeX.Composition.VisualCanvasKeyValueItem.#ctor(System.String)","ChartForgeX","ChartForgeX.Visuals","public ChartForgeX.Composition.VisualCanvasKeyValueItem.VisualCanvasKeyValueItem(string label)","public ChartForgeX.Composition.VisualCanvasKeyValueItem.VisualCanvasKeyValueItem(string label)","assembly-move","ChartForgeX.Visuals"
"9cd02a52af97426eab4bf64b9775ce93057e5986","de8ab2a75330edc93f7c3b529463a05c5d2c1b7e","M:ChartForgeX.Composition.VisualCanvasKeyValueItem.#ctor(System.String,System.String)","ChartForgeX","ChartForgeX.Visuals","public ChartForgeX.Composition.VisualCanvasKeyValueItem.VisualCanvasKeyValueItem(string label, string? value)","public ChartForgeX.Composition.VisualCanvasKeyValueItem.VisualCanvasKeyValueItem(string label, string? value)","assembly-move","ChartForgeX.Visuals"
"9cd02a52af97426eab4bf64b9775ce93057e5986","de8ab2a75330edc93f7c3b529463a05c5d2c1b7e","M:ChartForgeX.Composition.VisualCanvasKeyValueItem.LabelRow(System.String)","ChartForgeX","ChartForgeX.Visuals","public static ChartForgeX.Composition.VisualCanvasKeyValueItem ChartForgeX.Composition.VisualCanvasKeyValueItem.LabelRow(string label)","public static ChartForgeX.Composition.VisualCanvasKeyValueItem ChartForgeX.Composition.VisualCanvasKeyValueItem.LabelRow(string label)","assembly-move","ChartForgeX.Visuals"
"9cd02a52af97426eab4bf64b9775ce93057e5986","de8ab2a75330edc93f7c3b529463a05c5d2c1b7e","M:ChartForgeX.Composition.VisualCanvasKeyValueItem.Pair(System.String,System.String)","ChartForgeX","ChartForgeX.Visuals","public static ChartForgeX.Composition.VisualCanvasKeyValueItem ChartForgeX.Composition.VisualCanvasKeyValueItem.Pair(string label, string? value)","public static ChartForgeX.Composition.VisualCanvasKeyValueItem ChartForgeX.Composition.VisualCanvasKeyValueItem.Pair(string label, string? value)","assembly-move","ChartForgeX.Visuals"
"9cd02a52af97426eab4bf64b9775ce93057e5986","de8ab2a75330edc93f7c3b529463a05c5d2c1b7e","M:ChartForgeX.Composition.VisualCanvasLayer.#ctor(System.Double,System.Double,System.Double,System.Double)","ChartForgeX","ChartForgeX.Visuals","protected ChartForgeX.Composition.VisualCanvasLayer.VisualCanvasLayer(double x, double y, double width, double height)","protected ChartForgeX.Composition.VisualCanvasLayer.VisualCanvasLayer(double x, double y, double width, double height)","assembly-move","ChartForgeX.Visuals"
"9cd02a52af97426eab4bf64b9775ce93057e5986","de8ab2a75330edc93f7c3b529463a05c5d2c1b7e","M:ChartForgeX.Composition.VisualCanvasLayer.ValidateFinite(System.Double,System.String)","ChartForgeX","ChartForgeX.Visuals","protected static void ChartForgeX.Composition.VisualCanvasLayer.ValidateFinite(double value, string parameterName)","protected static void ChartForgeX.Composition.VisualCanvasLayer.ValidateFinite(double value, string parameterName)","assembly-move","ChartForgeX.Visuals"
"9cd02a52af97426eab4bf64b9775ce93057e5986","de8ab2a75330edc93f7c3b529463a05c5d2c1b7e","M:ChartForgeX.Composition.VisualCanvasLayer.ValidateNonNegative(System.Double,System.String)","ChartForgeX","ChartForgeX.Visuals","protected static void ChartForgeX.Composition.VisualCanvasLayer.ValidateNonNegative(double value, string parameterName)","protected static void ChartForgeX.Composition.VisualCanvasLayer.ValidateNonNegative(double value, string parameterName)","assembly-move","ChartForgeX.Visuals"
"9cd02a52af97426eab4bf64b9775ce93057e5986","de8ab2a75330edc93f7c3b529463a05c5d2c1b7e","M:ChartForgeX.Composition.VisualCanvasLayer.ValidatePositive(System.Double,System.String)","ChartForgeX","ChartForgeX.Visuals","protected static void ChartForgeX.Composition.VisualCanvasLayer.ValidatePositive(double value, string parameterName)","protected static void ChartForgeX.Composition.VisualCanvasLayer.ValidatePositive(double value, string parameterName)","assembly-move","ChartForgeX.Visuals"
"9cd02a52af97426eab4bf64b9775ce93057e5986","de8ab2a75330edc93f7c3b529463a05c5d2c1b7e","M:ChartForgeX.Composition.VisualCanvasLayoutDiagnosticSeverity.#ctor","ChartForgeX","ChartForgeX.Visuals","public ChartForgeX.Composition.VisualCanvasLayoutDiagnosticSeverity.VisualCanvasLayoutDiagnosticSeverity()","public ChartForgeX.Composition.VisualCanvasLayoutDiagnosticSeverity.VisualCanvasLayoutDiagnosticSeverity()","assembly-move","ChartForgeX.Visuals"
"9cd02a52af97426eab4bf64b9775ce93057e5986","de8ab2a75330edc93f7c3b529463a05c5d2c1b7e","M:ChartForgeX.Composition.VisualCanvasPlacement.#ctor","ChartForgeX","ChartForgeX.Visuals","public ChartForgeX.Composition.VisualCanvasPlacement.VisualCanvasPlacement()","public ChartForgeX.Composition.VisualCanvasPlacement.VisualCanvasPlacement()","assembly-move","ChartForgeX.Visuals"
"9cd02a52af97426eab4bf64b9775ce93057e5986","de8ab2a75330edc93f7c3b529463a05c5d2c1b7e","M:ChartForgeX.Composition.VisualCanvasPlacement.#ctor(ChartForgeX.Composition.VisualCanvasAnchor,System.Double,System.Double)","ChartForgeX","ChartForgeX.Visuals","public ChartForgeX.Composition.VisualCanvasPlacement.VisualCanvasPlacement(ChartForgeX.Composition.VisualCanvasAnchor anchor, [double offsetX = 0], [double offsetY = 0])","public ChartForgeX.Composition.VisualCanvasPlacement.VisualCanvasPlacement(ChartForgeX.Composition.VisualCanvasAnchor anchor, [double offsetX = 0], [double offsetY = 0])","assembly-move","ChartForgeX.Visuals"
"9cd02a52af97426eab4bf64b9775ce93057e5986","de8ab2a75330edc93f7c3b529463a05c5d2c1b7e","M:ChartForgeX.Composition.VisualCanvasPlacement.At(ChartForgeX.Composition.VisualCanvasAnchor,System.Double,System.Double)","ChartForgeX","ChartForgeX.Visuals","public static ChartForgeX.Composition.VisualCanvasPlacement ChartForgeX.Composition.VisualCanvasPlacement.At(ChartForgeX.Composition.VisualCanvasAnchor anchor, [double offsetX = 0], [double offsetY = 0])","public static ChartForgeX.Composition.VisualCanvasPlacement ChartForgeX.Composition.VisualCanvasPlacement.At(ChartForgeX.Composition.VisualCanvasAnchor anchor, [double offsetX = 0], [double offsetY = 0])","assembly-move","ChartForgeX.Visuals"
"9cd02a52af97426eab4bf64b9775ce93057e5986","de8ab2a75330edc93f7c3b529463a05c5d2c1b7e","M:ChartForgeX.Composition.VisualCanvasPlacement.Resolve(ChartForgeX.Primitives.ChartRect,System.Double,System.Double)","ChartForgeX","ChartForgeX.Visuals","public ChartForgeX.Primitives.ChartRect ChartForgeX.Composition.VisualCanvasPlacement.Resolve(ChartForgeX.Primitives.ChartRect container, double width, double height)","public ChartForgeX.Primitives.ChartRect ChartForgeX.Composition.VisualCanvasPlacement.Resolve(ChartForgeX.Primitives.ChartRect container, double width, double height)","assembly-move","ChartForgeX.Visuals"
"9cd02a52af97426eab4bf64b9775ce93057e5986","de8ab2a75330edc93f7c3b529463a05c5d2c1b7e","M:ChartForgeX.Composition.VisualCanvasPlacement.Resolve(System.Double,System.Double,System.Double,System.Double)","ChartForgeX","ChartForgeX.Visuals","public ChartForgeX.Primitives.ChartRect ChartForgeX.Composition.VisualCanvasPlacement.Resolve(double containerWidth, double containerHeight, double width, double height)","public ChartForgeX.Primitives.ChartRect ChartForgeX.Composition.VisualCanvasPlacement.Resolve(double containerWidth, double containerHeight, double width, double height)","assembly-move","ChartForgeX.Visuals"
"9cd02a52af97426eab4bf64b9775ce93057e5986","de8ab2a75330edc93f7c3b529463a05c5d2c1b7e","M:ChartForgeX.Composition.VisualCanvasTextFitPolicy.#ctor","ChartForgeX","ChartForgeX.Visuals","public ChartForgeX.Composition.VisualCanvasTextFitPolicy.VisualCanvasTextFitPolicy()","public ChartForgeX.Composition.VisualCanvasTextFitPolicy.VisualCanvasTextFitPolicy()","assembly-move","ChartForgeX.Visuals"
"9cd02a52af97426eab4bf64b9775ce93057e5986","de8ab2a75330edc93f7c3b529463a05c5d2c1b7e","M:ChartForgeX.Composition.VisualCanvasTextLayer.#ctor(System.Double,System.Double,System.Double,System.String,System.Double,ChartForgeX.Primitives.ChartColor)","ChartForgeX","ChartForgeX.Visuals","public ChartForgeX.Composition.VisualCanvasTextLayer.VisualCanvasTextLayer(double x, double y, double width, string text, double fontSize, ChartForgeX.Primitives.ChartColor color)","public ChartForgeX.Composition.VisualCanvasTextLayer.VisualCanvasTextLayer(double x, double y, double width, string text, double fontSize, ChartForgeX.Primitives.ChartColor color)","assembly-move","ChartForgeX.Visuals"
"9cd02a52af97426eab4bf64b9775ce93057e5986","de8ab2a75330edc93f7c3b529463a05c5d2c1b7e","M:ChartForgeX.Composition.VisualCanvasTextRun.#ctor(System.String,ChartForgeX.Primitives.ChartColor)","ChartForgeX","ChartForgeX.Visuals","public ChartForgeX.Composition.VisualCanvasTextRun.VisualCanvasTextRun(string text, ChartForgeX.Primitives.ChartColor color)","public ChartForgeX.Composition.VisualCanvasTextRun.VisualCanvasTextRun(string text, ChartForgeX.Primitives.ChartColor color)","assembly-move","ChartForgeX.Visuals"
"9cd02a52af97426eab4bf64b9775ce93057e5986","de8ab2a75330edc93f7c3b529463a05c5d2c1b7e","M:ChartForgeX.Composition.VisualCanvasTheme.#ctor","ChartForgeX","ChartForgeX.Visuals","public ChartForgeX.Composition.VisualCanvasTheme.VisualCanvasTheme()","public ChartForgeX.Composition.VisualCanvasTheme.VisualCanvasTheme()","assembly-move","ChartForgeX.Visuals"
"9cd02a52af97426eab4bf64b9775ce93057e5986","de8ab2a75330edc93f7c3b529463a05c5d2c1b7e","M:ChartForgeX.Composition.VisualCanvasTheme.Clone","ChartForgeX","ChartForgeX.Visuals","public ChartForgeX.Composition.VisualCanvasTheme ChartForgeX.Composition.VisualCanvasTheme.Clone()","public ChartForgeX.Composition.VisualCanvasTheme ChartForgeX.Composition.VisualCanvasTheme.Clone()","assembly-move","ChartForgeX.Visuals"
"9cd02a52af97426eab4bf64b9775ce93057e5986","de8ab2a75330edc93f7c3b529463a05c5d2c1b7e","M:ChartForgeX.Motion.VisualMotionCue.#ctor(System.String,ChartForgeX.Motion.VisualMotionEffect)","ChartForgeX","ChartForgeX.Stories","public ChartForgeX.Motion.VisualMotionCue.VisualMotionCue(string targetId, ChartForgeX.Motion.VisualMotionEffect effect)","public ChartForgeX.Motion.VisualMotionCue.VisualMotionCue(string targetId, ChartForgeX.Motion.VisualMotionEffect effect)","assembly-move","ChartForgeX.Stories"
"9cd02a52af97426eab4bf64b9775ce93057e5986","de8ab2a75330edc93f7c3b529463a05c5d2c1b7e","M:ChartForgeX.Motion.VisualMotionCue.WithDistance(System.Double)","ChartForgeX","ChartForgeX.Stories","public ChartForgeX.Motion.VisualMotionCue ChartForgeX.Motion.VisualMotionCue.WithDistance(double pixels)","public ChartForgeX.Motion.VisualMotionCue ChartForgeX.Motion.VisualMotionCue.WithDistance(double pixels)","assembly-move","ChartForgeX.Stories"
"9cd02a52af97426eab4bf64b9775ce93057e5986","de8ab2a75330edc93f7c3b529463a05c5d2c1b7e","M:ChartForgeX.Motion.VisualMotionCue.WithEasing(ChartForgeX.Motion.VisualMotionEasing)","ChartForgeX","ChartForgeX.Stories","public ChartForgeX.Motion.VisualMotionCue ChartForgeX.Motion.VisualMotionCue.WithEasing(ChartForgeX.Motion.VisualMotionEasing easing)","public ChartForgeX.Motion.VisualMotionCue ChartForgeX.Motion.VisualMotionCue.WithEasing(ChartForgeX.Motion.VisualMotionEasing easing)","assembly-move","ChartForgeX.Stories"
"9cd02a52af97426eab4bf64b9775ce93057e5986","de8ab2a75330edc93f7c3b529463a05c5d2c1b7e","M:ChartForgeX.Motion.VisualMotionCue.WithTiming(System.Double,System.Double)","ChartForgeX","ChartForgeX.Stories","public ChartForgeX.Motion.VisualMotionCue ChartForgeX.Motion.VisualMotionCue.WithTiming(double delaySeconds, double durationSeconds)","public ChartForgeX.Motion.VisualMotionCue ChartForgeX.Motion.VisualMotionCue.WithTiming(double delaySeconds, double durationSeconds)","assembly-move","ChartForgeX.Stories"
"9cd02a52af97426eab4bf64b9775ce93057e5986","de8ab2a75330edc93f7c3b529463a05c5d2c1b7e","M:ChartForgeX.Motion.VisualMotionEasing.#ctor","ChartForgeX","ChartForgeX.Stories","public ChartForgeX.Motion.VisualMotionEasing.VisualMotionEasing()","public ChartForgeX.Motion.VisualMotionEasing.VisualMotionEasing()","assembly-move","ChartForgeX.Stories"
"9cd02a52af97426eab4bf64b9775ce93057e5986","de8ab2a75330edc93f7c3b529463a05c5d2c1b7e","M:ChartForgeX.Motion.VisualMotionEffect.#ctor","ChartForgeX","ChartForgeX.Stories","public ChartForgeX.Motion.VisualMotionEffect.VisualMotionEffect()","public ChartForgeX.Motion.VisualMotionEffect.VisualMotionEffect()","assembly-move","ChartForgeX.Stories"
"9cd02a52af97426eab4bf64b9775ce93057e5986","de8ab2a75330edc93f7c3b529463a05c5d2c1b7e","M:ChartForgeX.Motion.VisualMotionTimeline.#ctor","ChartForgeX","ChartForgeX.Stories","public ChartForgeX.Motion.VisualMotionTimeline.VisualMotionTimeline()","public ChartForgeX.Motion.VisualMotionTimeline.VisualMotionTimeline()","assembly-move","ChartForgeX.Stories"
"9cd02a52af97426eab4bf64b9775ce93057e5986","de8ab2a75330edc93f7c3b529463a05c5d2c1b7e","M:ChartForgeX.Motion.VisualMotionTimeline.Add(ChartForgeX.Motion.VisualMotionCue)","ChartForgeX","ChartForgeX.Stories","public ChartForgeX.Motion.VisualMotionTimeline ChartForgeX.Motion.VisualMotionTimeline.Add(ChartForgeX.Motion.VisualMotionCue cue)","public ChartForgeX.Motion.VisualMotionTimeline ChartForgeX.Motion.VisualMotionTimeline.Add(ChartForgeX.Motion.VisualMotionCue cue)","assembly-move","ChartForgeX.Stories"
"9cd02a52af97426eab4bf64b9775ce93057e5986","de8ab2a75330edc93f7c3b529463a05c5d2c1b7e","M:ChartForgeX.Motion.VisualMotionTimeline.Add(System.String,ChartForgeX.Motion.VisualMotionEffect,System.Double,System.Double,ChartForgeX.Motion.VisualMotionEasing,System.Double)","ChartForgeX","ChartForgeX.Stories","public ChartForgeX.Motion.VisualMotionTimeline ChartForgeX.Motion.VisualMotionTimeline.Add(string targetId, ChartForgeX.Motion.VisualMotionEffect effect, [double delaySeconds = 0], [double durationSeconds = 0.7], [ChartForgeX.Motion.VisualMotionEasing easing = ChartForgeX.Motion.VisualMotionEasing.Emphasized], [double distancePixels = 12])","public ChartForgeX.Motion.VisualMotionTimeline ChartForgeX.Motion.VisualMotionTimeline.Add(string targetId, ChartForgeX.Motion.VisualMotionEffect effect, [double delaySeconds = 0], [double durationSeconds = 0.7], [ChartForgeX.Motion.VisualMotionEasing easing = ChartForgeX.Motion.VisualMotionEasing.Emphasized], [double distancePixels = 12])","assembly-move","ChartForgeX.Stories"
"9cd02a52af97426eab4bf64b9775ce93057e5986","de8ab2a75330edc93f7c3b529463a05c5d2c1b7e","M:ChartForgeX.Motion.VisualMotionTimeline.Cascade(System.Collections.Generic.IEnumerable{System.String},ChartForgeX.Motion.VisualMotionEffect,System.Double,System.Double,System.Double)","ChartForgeX","ChartForgeX.Stories","public ChartForgeX.Motion.VisualMotionTimeline ChartForgeX.Motion.VisualMotionTimeline.Cascade(System.Collections.Generic.IEnumerable<string> targetIds, [ChartForgeX.Motion.VisualMotionEffect effect = ChartForgeX.Motion.VisualMotionEffect.Rise], [double initialDelaySeconds = 0], [double intervalSeconds = 0.12], [double durationSeconds = 0.7])","public ChartForgeX.Motion.VisualMotionTimeline ChartForgeX.Motion.VisualMotionTimeline.Cascade(System.Collections.Generic.IEnumerable<string> targetIds, [ChartForgeX.Motion.VisualMotionEffect effect = ChartForgeX.Motion.VisualMotionEffect.Rise], [double initialDelaySeconds = 0], [double intervalSeconds = 0.12], [double durationSeconds = 0.7])","assembly-move","ChartForgeX.Stories"
"9cd02a52af97426eab4bf64b9775ce93057e5986","de8ab2a75330edc93f7c3b529463a05c5d2c1b7e","M:ChartForgeX.Motion.VisualMotionTimeline.Create","ChartForgeX","ChartForgeX.Stories","public static ChartForgeX.Motion.VisualMotionTimeline ChartForgeX.Motion.VisualMotionTimeline.Create()","public static ChartForgeX.Motion.VisualMotionTimeline ChartForgeX.Motion.VisualMotionTimeline.Create()","assembly-move","ChartForgeX.Stories"
"9cd02a52af97426eab4bf64b9775ce93057e5986","de8ab2a75330edc93f7c3b529463a05c5d2c1b7e","M:ChartForgeX.Motion.VisualMotionTimeline.Fade(System.String,System.Double,System.Double)","ChartForgeX","ChartForgeX.Stories","public ChartForgeX.Motion.VisualMotionTimeline ChartForgeX.Motion.VisualMotionTimeline.Fade(string targetId, [double delaySeconds = 0], [double durationSeconds = 0.7])","public ChartForgeX.Motion.VisualMotionTimeline ChartForgeX.Motion.VisualMotionTimeline.Fade(string targetId, [double delaySeconds = 0], [double durationSeconds = 0.7])","assembly-move","ChartForgeX.Stories"
"9cd02a52af97426eab4bf64b9775ce93057e5986","de8ab2a75330edc93f7c3b529463a05c5d2c1b7e","M:ChartForgeX.Motion.VisualMotionTimeline.Pulse(System.String,System.Double,System.Double)","ChartForgeX","ChartForgeX.Stories","public ChartForgeX.Motion.VisualMotionTimeline ChartForgeX.Motion.VisualMotionTimeline.Pulse(string targetId, [double delaySeconds = 0], [double durationSeconds = 0.8])","public ChartForgeX.Motion.VisualMotionTimeline ChartForgeX.Motion.VisualMotionTimeline.Pulse(string targetId, [double delaySeconds = 0], [double durationSeconds = 0.8])","assembly-move","ChartForgeX.Stories"
"9cd02a52af97426eab4bf64b9775ce93057e5986","de8ab2a75330edc93f7c3b529463a05c5d2c1b7e","M:ChartForgeX.Motion.VisualMotionTimeline.Reveal(System.String,System.Double,System.Double)","ChartForgeX","ChartForgeX.Stories","public ChartForgeX.Motion.VisualMotionTimeline ChartForgeX.Motion.VisualMotionTimeline.Reveal(string targetId, [double delaySeconds = 0], [double durationSeconds = 0.8])","public ChartForgeX.Motion.VisualMotionTimeline ChartForgeX.Motion.VisualMotionTimeline.Reveal(string targetId, [double delaySeconds = 0], [double durationSeconds = 0.8])","assembly-move","ChartForgeX.Stories"
"9cd02a52af97426eab4bf64b9775ce93057e5986","de8ab2a75330edc93f7c3b529463a05c5d2c1b7e","M:ChartForgeX.Motion.VisualMotionTimeline.Rise(System.String,System.Double,System.Double,System.Double)","ChartForgeX","ChartForgeX.Stories","public ChartForgeX.Motion.VisualMotionTimeline ChartForgeX.Motion.VisualMotionTimeline.Rise(string targetId, [double delaySeconds = 0], [double durationSeconds = 0.7], [double distancePixels = 12])","public ChartForgeX.Motion.VisualMotionTimeline ChartForgeX.Motion.VisualMotionTimeline.Rise(string targetId, [double delaySeconds = 0], [double durationSeconds = 0.7], [double distancePixels = 12])","assembly-move","ChartForgeX.Stories"
"9cd02a52af97426eab4bf64b9775ce93057e5986","de8ab2a75330edc93f7c3b529463a05c5d2c1b7e","M:ChartForgeX.Motion.VisualMotionTimeline.Scale(System.String,System.Double,System.Double)","ChartForgeX","ChartForgeX.Stories","public ChartForgeX.Motion.VisualMotionTimeline ChartForgeX.Motion.VisualMotionTimeline.Scale(string targetId, [double delaySeconds = 0], [double durationSeconds = 0.7])","public ChartForgeX.Motion.VisualMotionTimeline ChartForgeX.Motion.VisualMotionTimeline.Scale(string targetId, [double delaySeconds = 0], [double durationSeconds = 0.7])","assembly-move","ChartForgeX.Stories"
"9cd02a52af97426eab4bf64b9775ce93057e5986","de8ab2a75330edc93f7c3b529463a05c5d2c1b7e","M:ChartForgeX.Stories.HtmlVisualStoryRenderer.#ctor","ChartForgeX","ChartForgeX.Stories","public ChartForgeX.Stories.HtmlVisualStoryRenderer.HtmlVisualStoryRenderer()","public ChartForgeX.Stories.HtmlVisualStoryRenderer.HtmlVisualStoryRenderer()","assembly-move","ChartForgeX.Stories"
"9cd02a52af97426eab4bf64b9775ce93057e5986","de8ab2a75330edc93f7c3b529463a05c5d2c1b7e","M:ChartForgeX.Stories.HtmlVisualStoryRenderer.RenderFragment(ChartForgeX.Stories.VisualStory)","ChartForgeX","ChartForgeX.Stories","public string ChartForgeX.Stories.HtmlVisualStoryRenderer.RenderFragment(ChartForgeX.Stories.VisualStory story)","public string ChartForgeX.Stories.HtmlVisualStoryRenderer.RenderFragment(ChartForgeX.Stories.VisualStory story)","assembly-move","ChartForgeX.Stories"
"9cd02a52af97426eab4bf64b9775ce93057e5986","de8ab2a75330edc93f7c3b529463a05c5d2c1b7e","M:ChartForgeX.Stories.HtmlVisualStoryRenderer.RenderFragment(ChartForgeX.Stories.VisualStory,System.String)","ChartForgeX","ChartForgeX.Stories","public string ChartForgeX.Stories.HtmlVisualStoryRenderer.RenderFragment(ChartForgeX.Stories.VisualStory story, string idScope)","public string ChartForgeX.Stories.HtmlVisualStoryRenderer.RenderFragment(ChartForgeX.Stories.VisualStory story, string idScope)","assembly-move","ChartForgeX.Stories"
"9cd02a52af97426eab4bf64b9775ce93057e5986","de8ab2a75330edc93f7c3b529463a05c5d2c1b7e","M:ChartForgeX.Stories.HtmlVisualStoryRenderer.RenderPage(ChartForgeX.Stories.VisualStory)","ChartForgeX","ChartForgeX.Stories","public string ChartForgeX.Stories.HtmlVisualStoryRenderer.RenderPage(ChartForgeX.Stories.VisualStory story)","public string ChartForgeX.Stories.HtmlVisualStoryRenderer.RenderPage(ChartForgeX.Stories.VisualStory story)","assembly-move","ChartForgeX.Stories"
"9cd02a52af97426eab4bf64b9775ce93057e5986","de8ab2a75330edc93f7c3b529463a05c5d2c1b7e","M:ChartForgeX.Stories.IStorySourceTokenizer.Tokenize(System.String)","ChartForgeX","ChartForgeX.Stories","ChartForgeX.Stories.StorySourceText ChartForgeX.Stories.IStorySourceTokenizer.Tokenize(string source)","ChartForgeX.Stories.StorySourceText ChartForgeX.Stories.IStorySourceTokenizer.Tokenize(string source)","assembly-move","ChartForgeX.Stories"
"9cd02a52af97426eab4bf64b9775ce93057e5986","de8ab2a75330edc93f7c3b529463a05c5d2c1b7e","M:ChartForgeX.Stories.PngVisualStoryRenderer.#ctor","ChartForgeX","ChartForgeX.Stories","public ChartForgeX.Stories.PngVisualStoryRenderer.PngVisualStoryRenderer()","public ChartForgeX.Stories.PngVisualStoryRenderer.PngVisualStoryRenderer()","assembly-move","ChartForgeX.Stories"
"9cd02a52af97426eab4bf64b9775ce93057e5986","de8ab2a75330edc93f7c3b529463a05c5d2c1b7e","M:ChartForgeX.Stories.PngVisualStoryRenderer.Render(ChartForgeX.Stories.VisualStory)","ChartForgeX","ChartForgeX.Stories","public byte[] ChartForgeX.Stories.PngVisualStoryRenderer.Render(ChartForgeX.Stories.VisualStory story)","public byte[] ChartForgeX.Stories.PngVisualStoryRenderer.Render(ChartForgeX.Stories.VisualStory story)","assembly-move","ChartForgeX.Stories"
"9cd02a52af97426eab4bf64b9775ce93057e5986","de8ab2a75330edc93f7c3b529463a05c5d2c1b7e","M:ChartForgeX.Stories.StorySourceSpan.#ctor","ChartForgeX","ChartForgeX.Stories","public ChartForgeX.Stories.StorySourceSpan.StorySourceSpan()","public ChartForgeX.Stories.StorySourceSpan.StorySourceSpan()","assembly-move","ChartForgeX.Stories"
"9cd02a52af97426eab4bf64b9775ce93057e5986","de8ab2a75330edc93f7c3b529463a05c5d2c1b7e","M:ChartForgeX.Stories.StorySourceSpan.#ctor(System.Int32,System.Int32,ChartForgeX.Stories.StorySyntaxKind)","ChartForgeX","ChartForgeX.Stories","public ChartForgeX.Stories.StorySourceSpan.StorySourceSpan(int start, int length, ChartForgeX.Stories.StorySyntaxKind kind)","public ChartForgeX.Stories.StorySourceSpan.StorySourceSpan(int start, int length, ChartForgeX.Stories.StorySyntaxKind kind)","assembly-move","ChartForgeX.Stories"
"9cd02a52af97426eab4bf64b9775ce93057e5986","de8ab2a75330edc93f7c3b529463a05c5d2c1b7e","M:ChartForgeX.Stories.StorySourceText.AddSpan(ChartForgeX.Stories.StorySourceSpan)","ChartForgeX","ChartForgeX.Stories","public ChartForgeX.Stories.StorySourceText ChartForgeX.Stories.StorySourceText.AddSpan(ChartForgeX.Stories.StorySourceSpan span)","public ChartForgeX.Stories.StorySourceText ChartForgeX.Stories.StorySourceText.AddSpan(ChartForgeX.Stories.StorySourceSpan span)","assembly-move","ChartForgeX.Stories"
"9cd02a52af97426eab4bf64b9775ce93057e5986","de8ab2a75330edc93f7c3b529463a05c5d2c1b7e","M:ChartForgeX.Stories.StorySourceText.AddSpan(System.Int32,System.Int32,ChartForgeX.Stories.StorySyntaxKind)","ChartForgeX","ChartForgeX.Stories","public ChartForgeX.Stories.StorySourceText ChartForgeX.Stories.StorySourceText.AddSpan(int start, int length, ChartForgeX.Stories.StorySyntaxKind kind)","public ChartForgeX.Stories.StorySourceText ChartForgeX.Stories.StorySourceText.AddSpan(int start, int length, ChartForgeX.Stories.StorySyntaxKind kind)","assembly-move","ChartForgeX.Stories"
"9cd02a52af97426eab4bf64b9775ce93057e5986","de8ab2a75330edc93f7c3b529463a05c5d2c1b7e","M:ChartForgeX.Stories.StorySourceText.Create(System.String,System.String)","ChartForgeX","ChartForgeX.Stories","public static ChartForgeX.Stories.StorySourceText ChartForgeX.Stories.StorySourceText.Create(string text, [string? language = null])","public static ChartForgeX.Stories.StorySourceText ChartForgeX.Stories.StorySourceText.Create(string text, [string? language = null])","assembly-move","ChartForgeX.Stories"
"9cd02a52af97426eab4bf64b9775ce93057e5986","de8ab2a75330edc93f7c3b529463a05c5d2c1b7e","M:ChartForgeX.Stories.StorySourceText.WithLanguage(System.String)","ChartForgeX","ChartForgeX.Stories","public ChartForgeX.Stories.StorySourceText ChartForgeX.Stories.StorySourceText.WithLanguage(string? language)","public ChartForgeX.Stories.StorySourceText ChartForgeX.Stories.StorySourceText.WithLanguage(string? language)","assembly-move","ChartForgeX.Stories"
"9cd02a52af97426eab4bf64b9775ce93057e5986","de8ab2a75330edc93f7c3b529463a05c5d2c1b7e","M:ChartForgeX.Stories.StorySyntaxKind.#ctor","ChartForgeX","ChartForgeX.Stories","public ChartForgeX.Stories.StorySyntaxKind.StorySyntaxKind()","public ChartForgeX.Stories.StorySyntaxKind.StorySyntaxKind()","assembly-move","ChartForgeX.Stories"
"9cd02a52af97426eab4bf64b9775ce93057e5986","de8ab2a75330edc93f7c3b529463a05c5d2c1b7e","M:ChartForgeX.Stories.StorySyntaxPalette.#ctor","ChartForgeX","ChartForgeX.Stories","public ChartForgeX.Stories.StorySyntaxPalette.StorySyntaxPalette()","public ChartForgeX.Stories.StorySyntaxPalette.StorySyntaxPalette()","assembly-move","ChartForgeX.Stories"
"9cd02a52af97426eab4bf64b9775ce93057e5986","de8ab2a75330edc93f7c3b529463a05c5d2c1b7e","M:ChartForgeX.Stories.StorySyntaxPalette.Clone","ChartForgeX","ChartForgeX.Stories","public ChartForgeX.Stories.StorySyntaxPalette ChartForgeX.Stories.StorySyntaxPalette.Clone()","public ChartForgeX.Stories.StorySyntaxPalette ChartForgeX.Stories.StorySyntaxPalette.Clone()","assembly-move","ChartForgeX.Stories"
"9cd02a52af97426eab4bf64b9775ce93057e5986","de8ab2a75330edc93f7c3b529463a05c5d2c1b7e","M:ChartForgeX.Stories.StorySyntaxPalette.Resolve(ChartForgeX.Stories.StorySyntaxKind)","ChartForgeX","ChartForgeX.Stories","public ChartForgeX.Primitives.ChartColor ChartForgeX.Stories.StorySyntaxPalette.Resolve(ChartForgeX.Stories.StorySyntaxKind kind)","public ChartForgeX.Primitives.ChartColor ChartForgeX.Stories.StorySyntaxPalette.Resolve(ChartForgeX.Stories.StorySyntaxKind kind)","assembly-move","ChartForgeX.Stories"
"9cd02a52af97426eab4bf64b9775ce93057e5986","de8ab2a75330edc93f7c3b529463a05c5d2c1b7e","M:ChartForgeX.Stories.SvgVisualStoryRenderer.#ctor","ChartForgeX","ChartForgeX.Stories","public ChartForgeX.Stories.SvgVisualStoryRenderer.SvgVisualStoryRenderer()","public ChartForgeX.Stories.SvgVisualStoryRenderer.SvgVisualStoryRenderer()","assembly-move","ChartForgeX.Stories"
"9cd02a52af97426eab4bf64b9775ce93057e5986","de8ab2a75330edc93f7c3b529463a05c5d2c1b7e","M:ChartForgeX.Stories.SvgVisualStoryRenderer.Render(ChartForgeX.Stories.VisualStory)","ChartForgeX","ChartForgeX.Stories","public string ChartForgeX.Stories.SvgVisualStoryRenderer.Render(ChartForgeX.Stories.VisualStory story)","public string ChartForgeX.Stories.SvgVisualStoryRenderer.Render(ChartForgeX.Stories.VisualStory story)","assembly-move","ChartForgeX.Stories"
"9cd02a52af97426eab4bf64b9775ce93057e5986","de8ab2a75330edc93f7c3b529463a05c5d2c1b7e","M:ChartForgeX.Stories.SvgVisualStoryRenderer.Render(ChartForgeX.Stories.VisualStory,System.String)","ChartForgeX","ChartForgeX.Stories","public string ChartForgeX.Stories.SvgVisualStoryRenderer.Render(ChartForgeX.Stories.VisualStory story, string idScope)","public string ChartForgeX.Stories.SvgVisualStoryRenderer.Render(ChartForgeX.Stories.VisualStory story, string idScope)","assembly-move","ChartForgeX.Stories"
"9cd02a52af97426eab4bf64b9775ce93057e5986","de8ab2a75330edc93f7c3b529463a05c5d2c1b7e","M:ChartForgeX.Stories.VisualStory.Create(System.String)","ChartForgeX","ChartForgeX.Stories","public static ChartForgeX.Stories.VisualStory ChartForgeX.Stories.VisualStory.Create(string title)","public static ChartForgeX.Stories.VisualStory ChartForgeX.Stories.VisualStory.Create(string title)","assembly-move","ChartForgeX.Stories"
"9cd02a52af97426eab4bf64b9775ce93057e5986","de8ab2a75330edc93f7c3b529463a05c5d2c1b7e","M:ChartForgeX.Stories.VisualStory.Outcome(System.String,System.String,System.String)","ChartForgeX","ChartForgeX.Stories","public ChartForgeX.Stories.VisualStory ChartForgeX.Stories.VisualStory.Outcome(string id, string label, string completedPanelId)","public ChartForgeX.Stories.VisualStory ChartForgeX.Stories.VisualStory.Outcome(string id, string label, string completedPanelId)","assembly-move","ChartForgeX.Stories"
"9cd02a52af97426eab4bf64b9775ce93057e5986","de8ab2a75330edc93f7c3b529463a05c5d2c1b7e","M:ChartForgeX.Stories.VisualStory.Scene(System.String,System.String,System.Double,ChartForgeX.Stories.VisualStorySceneLayout)","ChartForgeX","ChartForgeX.Stories","public ChartForgeX.Stories.VisualStoryScene ChartForgeX.Stories.VisualStory.Scene(string id, string title, [double durationSeconds = 2.5], [ChartForgeX.Stories.VisualStorySceneLayout layout = ChartForgeX.Stories.VisualStorySceneLayout.Focus])","public ChartForgeX.Stories.VisualStoryScene ChartForgeX.Stories.VisualStory.Scene(string id, string title, [double durationSeconds = 2.5], [ChartForgeX.Stories.VisualStorySceneLayout layout = ChartForgeX.Stories.VisualStorySceneLayout.Focus])","assembly-move","ChartForgeX.Stories"
"9cd02a52af97426eab4bf64b9775ce93057e5986","de8ab2a75330edc93f7c3b529463a05c5d2c1b7e","M:ChartForgeX.Stories.VisualStory.WithDescription(System.String)","ChartForgeX","ChartForgeX.Stories","public ChartForgeX.Stories.VisualStory ChartForgeX.Stories.VisualStory.WithDescription(string description)","public ChartForgeX.Stories.VisualStory ChartForgeX.Stories.VisualStory.WithDescription(string description)","assembly-move","ChartForgeX.Stories"
"9cd02a52af97426eab4bf64b9775ce93057e5986","de8ab2a75330edc93f7c3b529463a05c5d2c1b7e","M:ChartForgeX.Stories.VisualStory.WithSize(System.Int32,System.Int32)","ChartForgeX","ChartForgeX.Stories","public ChartForgeX.Stories.VisualStory ChartForgeX.Stories.VisualStory.WithSize(int width, int height)","public ChartForgeX.Stories.VisualStory ChartForgeX.Stories.VisualStory.WithSize(int width, int height)","assembly-move","ChartForgeX.Stories"
"9cd02a52af97426eab4bf64b9775ce93057e5986","de8ab2a75330edc93f7c3b529463a05c5d2c1b7e","M:ChartForgeX.Stories.VisualStory.WithTheme(ChartForgeX.Stories.VisualStoryTheme)","ChartForgeX","ChartForgeX.Stories","public ChartForgeX.Stories.VisualStory ChartForgeX.Stories.VisualStory.WithTheme(ChartForgeX.Stories.VisualStoryTheme theme)","public ChartForgeX.Stories.VisualStory ChartForgeX.Stories.VisualStory.WithTheme(ChartForgeX.Stories.VisualStoryTheme theme)","assembly-move","ChartForgeX.Stories"
"9cd02a52af97426eab4bf64b9775ce93057e5986","de8ab2a75330edc93f7c3b529463a05c5d2c1b7e","M:ChartForgeX.Stories.VisualStoryAnimationOptions.#ctor","ChartForgeX","ChartForgeX.Stories","public ChartForgeX.Stories.VisualStoryAnimationOptions.VisualStoryAnimationOptions()","public ChartForgeX.Stories.VisualStoryAnimationOptions.VisualStoryAnimationOptions()","assembly-move","ChartForgeX.Stories"
"9cd02a52af97426eab4bf64b9775ce93057e5986","de8ab2a75330edc93f7c3b529463a05c5d2c1b7e","M:ChartForgeX.Stories.VisualStoryAnimationOptions.Create","ChartForgeX","ChartForgeX.Stories","public static ChartForgeX.Stories.VisualStoryAnimationOptions ChartForgeX.Stories.VisualStoryAnimationOptions.Create()","public static ChartForgeX.Stories.VisualStoryAnimationOptions ChartForgeX.Stories.VisualStoryAnimationOptions.Create()","assembly-move","ChartForgeX.Stories"
"9cd02a52af97426eab4bf64b9775ce93057e5986","de8ab2a75330edc93f7c3b529463a05c5d2c1b7e","M:ChartForgeX.Stories.VisualStoryAnimationOptions.WithEndHold(System.Double)","ChartForgeX","ChartForgeX.Stories","public ChartForgeX.Stories.VisualStoryAnimationOptions ChartForgeX.Stories.VisualStoryAnimationOptions.WithEndHold(double seconds)","public ChartForgeX.Stories.VisualStoryAnimationOptions ChartForgeX.Stories.VisualStoryAnimationOptions.WithEndHold(double seconds)","assembly-move","ChartForgeX.Stories"
"9cd02a52af97426eab4bf64b9775ce93057e5986","de8ab2a75330edc93f7c3b529463a05c5d2c1b7e","M:ChartForgeX.Stories.VisualStoryAnimationOptions.WithFramesPerSecond(System.Int32)","ChartForgeX","ChartForgeX.Stories","public ChartForgeX.Stories.VisualStoryAnimationOptions ChartForgeX.Stories.VisualStoryAnimationOptions.WithFramesPerSecond(int framesPerSecond)","public ChartForgeX.Stories.VisualStoryAnimationOptions ChartForgeX.Stories.VisualStoryAnimationOptions.WithFramesPerSecond(int framesPerSecond)","assembly-move","ChartForgeX.Stories"
"9cd02a52af97426eab4bf64b9775ce93057e5986","de8ab2a75330edc93f7c3b529463a05c5d2c1b7e","M:ChartForgeX.Stories.VisualStoryAnimationOptions.WithLoop(System.Boolean)","ChartForgeX","ChartForgeX.Stories","public ChartForgeX.Stories.VisualStoryAnimationOptions ChartForgeX.Stories.VisualStoryAnimationOptions.WithLoop([bool loop = true])","public ChartForgeX.Stories.VisualStoryAnimationOptions ChartForgeX.Stories.VisualStoryAnimationOptions.WithLoop([bool loop = true])","assembly-move","ChartForgeX.Stories"
"9cd02a52af97426eab4bf64b9775ce93057e5986","de8ab2a75330edc93f7c3b529463a05c5d2c1b7e","M:ChartForgeX.Stories.VisualStoryAnimationOptions.WithMaximumFrames(System.Int32)","ChartForgeX","ChartForgeX.Stories","public ChartForgeX.Stories.VisualStoryAnimationOptions ChartForgeX.Stories.VisualStoryAnimationOptions.WithMaximumFrames(int maximumFrames)","public ChartForgeX.Stories.VisualStoryAnimationOptions ChartForgeX.Stories.VisualStoryAnimationOptions.WithMaximumFrames(int maximumFrames)","assembly-move","ChartForgeX.Stories"
"9cd02a52af97426eab4bf64b9775ce93057e5986","de8ab2a75330edc93f7c3b529463a05c5d2c1b7e","M:ChartForgeX.Stories.VisualStoryAnimationOptions.WithOutputScale(System.Int32)","ChartForgeX","ChartForgeX.Stories","public ChartForgeX.Stories.VisualStoryAnimationOptions ChartForgeX.Stories.VisualStoryAnimationOptions.WithOutputScale(int scale)","public ChartForgeX.Stories.VisualStoryAnimationOptions ChartForgeX.Stories.VisualStoryAnimationOptions.WithOutputScale(int scale)","assembly-move","ChartForgeX.Stories"
"9cd02a52af97426eab4bf64b9775ce93057e5986","de8ab2a75330edc93f7c3b529463a05c5d2c1b7e","M:ChartForgeX.Stories.VisualStoryAnimationOptions.WithTransition(System.Double)","ChartForgeX","ChartForgeX.Stories","public ChartForgeX.Stories.VisualStoryAnimationOptions ChartForgeX.Stories.VisualStoryAnimationOptions.WithTransition(double seconds)","public ChartForgeX.Stories.VisualStoryAnimationOptions ChartForgeX.Stories.VisualStoryAnimationOptions.WithTransition(double seconds)","assembly-move","ChartForgeX.Stories"
"9cd02a52af97426eab4bf64b9775ce93057e5986","de8ab2a75330edc93f7c3b529463a05c5d2c1b7e","M:ChartForgeX.Stories.VisualStoryMediaSurface.#ctor(ChartForgeX.Raster.RgbaImage,System.String,System.String)","ChartForgeX","ChartForgeX.Stories","public ChartForgeX.Stories.VisualStoryMediaSurface.VisualStoryMediaSurface(ChartForgeX.Raster.RgbaImage raster, string accessibleText, [string? svg = null])","public ChartForgeX.Stories.VisualStoryMediaSurface.VisualStoryMediaSurface(ChartForgeX.Raster.RgbaImage raster, string accessibleText, [string? svg = null])","assembly-move","ChartForgeX.Stories"
"9cd02a52af97426eab4bf64b9775ce93057e5986","de8ab2a75330edc93f7c3b529463a05c5d2c1b7e","M:ChartForgeX.Stories.VisualStoryMediaSurface.#ctor(System.Byte[],System.String,System.String)","ChartForgeX","ChartForgeX.Stories","public ChartForgeX.Stories.VisualStoryMediaSurface.VisualStoryMediaSurface(byte[] rasterBytes, string accessibleText, [string? svg = null])","public ChartForgeX.Stories.VisualStoryMediaSurface.VisualStoryMediaSurface(byte[] rasterBytes, string accessibleText, [string? svg = null])","assembly-move","ChartForgeX.Stories"
"9cd02a52af97426eab4bf64b9775ce93057e5986","de8ab2a75330edc93f7c3b529463a05c5d2c1b7e","M:ChartForgeX.Stories.VisualStoryScene.Panel(System.String,ChartForgeX.Stories.VisualStorySurface,System.String,System.Double)","ChartForgeX","ChartForgeX.Stories","public ChartForgeX.Stories.VisualStoryScene ChartForgeX.Stories.VisualStoryScene.Panel(string id, ChartForgeX.Stories.VisualStorySurface surface, [string? title = null], [double weight = 1])","public ChartForgeX.Stories.VisualStoryScene ChartForgeX.Stories.VisualStoryScene.Panel(string id, ChartForgeX.Stories.VisualStorySurface surface, [string? title = null], [double weight = 1])","assembly-move","ChartForgeX.Stories"
"9cd02a52af97426eab4bf64b9775ce93057e5986","de8ab2a75330edc93f7c3b529463a05c5d2c1b7e","M:ChartForgeX.Stories.VisualStorySceneLayout.#ctor","ChartForgeX","ChartForgeX.Stories","public ChartForgeX.Stories.VisualStorySceneLayout.VisualStorySceneLayout()","public ChartForgeX.Stories.VisualStorySceneLayout.VisualStorySceneLayout()","assembly-move","ChartForgeX.Stories"
"9cd02a52af97426eab4bf64b9775ce93057e5986","de8ab2a75330edc93f7c3b529463a05c5d2c1b7e","M:ChartForgeX.Stories.VisualStorySourceSurface.#ctor(ChartForgeX.Stories.StorySourceText,System.String)","ChartForgeX","ChartForgeX.Stories","public ChartForgeX.Stories.VisualStorySourceSurface.VisualStorySourceSurface(ChartForgeX.Stories.StorySourceText source, [string? caption = null])","public ChartForgeX.Stories.VisualStorySourceSurface.VisualStorySourceSurface(ChartForgeX.Stories.StorySourceText source, [string? caption = null])","assembly-move","ChartForgeX.Stories"
"9cd02a52af97426eab4bf64b9775ce93057e5986","de8ab2a75330edc93f7c3b529463a05c5d2c1b7e","M:ChartForgeX.Stories.VisualStorySurfaceKind.#ctor","ChartForgeX","ChartForgeX.Stories","public ChartForgeX.Stories.VisualStorySurfaceKind.VisualStorySurfaceKind()","public ChartForgeX.Stories.VisualStorySurfaceKind.VisualStorySurfaceKind()","assembly-move","ChartForgeX.Stories"
"9cd02a52af97426eab4bf64b9775ce93057e5986","de8ab2a75330edc93f7c3b529463a05c5d2c1b7e","M:ChartForgeX.Stories.VisualStoryTerminalSurface.#ctor(ChartForgeX.Terminal.TerminalStory,System.String)","ChartForgeX","ChartForgeX.Stories","public ChartForgeX.Stories.VisualStoryTerminalSurface.VisualStoryTerminalSurface(ChartForgeX.Terminal.TerminalStory terminal, [string? accessibleText = null])","public ChartForgeX.Stories.VisualStoryTerminalSurface.VisualStoryTerminalSurface(ChartForgeX.Terminal.TerminalStory terminal, [string? accessibleText = null])","assembly-move","ChartForgeX.Stories"
"9cd02a52af97426eab4bf64b9775ce93057e5986","de8ab2a75330edc93f7c3b529463a05c5d2c1b7e","M:ChartForgeX.Stories.VisualStoryTextSurface.#ctor(System.String,System.Boolean)","ChartForgeX","ChartForgeX.Stories","public ChartForgeX.Stories.VisualStoryTextSurface.VisualStoryTextSurface(string text, [bool emphasized = false])","public ChartForgeX.Stories.VisualStoryTextSurface.VisualStoryTextSurface(string text, [bool emphasized = false])","assembly-move","ChartForgeX.Stories"
"9cd02a52af97426eab4bf64b9775ce93057e5986","de8ab2a75330edc93f7c3b529463a05c5d2c1b7e","M:ChartForgeX.Stories.VisualStoryTheme.#ctor","ChartForgeX","ChartForgeX.Stories","public ChartForgeX.Stories.VisualStoryTheme.VisualStoryTheme()","public ChartForgeX.Stories.VisualStoryTheme.VisualStoryTheme()","assembly-move","ChartForgeX.Stories"
"9cd02a52af97426eab4bf64b9775ce93057e5986","de8ab2a75330edc93f7c3b529463a05c5d2c1b7e","M:ChartForgeX.Stories.VisualStoryTheme.Clone","ChartForgeX","ChartForgeX.Stories","public ChartForgeX.Stories.VisualStoryTheme ChartForgeX.Stories.VisualStoryTheme.Clone()","public ChartForgeX.Stories.VisualStoryTheme ChartForgeX.Stories.VisualStoryTheme.Clone()","assembly-move","ChartForgeX.Stories"
"9cd02a52af97426eab4bf64b9775ce93057e5986","de8ab2a75330edc93f7c3b529463a05c5d2c1b7e","M:ChartForgeX.Stories.VisualStoryTheme.Light","ChartForgeX","ChartForgeX.Stories","public static ChartForgeX.Stories.VisualStoryTheme ChartForgeX.Stories.VisualStoryTheme.Light()","public static ChartForgeX.Stories.VisualStoryTheme ChartForgeX.Stories.VisualStoryTheme.Light()","assembly-move","ChartForgeX.Stories"
"9cd02a52af97426eab4bf64b9775ce93057e5986","de8ab2a75330edc93f7c3b529463a05c5d2c1b7e","M:ChartForgeX.Stories.VisualStoryTheme.PremiumDark","ChartForgeX","ChartForgeX.Stories","public static ChartForgeX.Stories.VisualStoryTheme ChartForgeX.Stories.VisualStoryTheme.PremiumDark()","public static ChartForgeX.Stories.VisualStoryTheme ChartForgeX.Stories.VisualStoryTheme.PremiumDark()","assembly-move","ChartForgeX.Stories"
"9cd02a52af97426eab4bf64b9775ce93057e5986","de8ab2a75330edc93f7c3b529463a05c5d2c1b7e","M:ChartForgeX.Stories.VisualStoryTranscriptRenderer.#ctor","ChartForgeX","ChartForgeX.Stories","public ChartForgeX.Stories.VisualStoryTranscriptRenderer.VisualStoryTranscriptRenderer()","public ChartForgeX.Stories.VisualStoryTranscriptRenderer.VisualStoryTranscriptRenderer()","assembly-move","ChartForgeX.Stories"
"9cd02a52af97426eab4bf64b9775ce93057e5986","de8ab2a75330edc93f7c3b529463a05c5d2c1b7e","M:ChartForgeX.Stories.VisualStoryTranscriptRenderer.Render(ChartForgeX.Stories.VisualStory)","ChartForgeX","ChartForgeX.Stories","public string ChartForgeX.Stories.VisualStoryTranscriptRenderer.Render(ChartForgeX.Stories.VisualStory story)","public string ChartForgeX.Stories.VisualStoryTranscriptRenderer.Render(ChartForgeX.Stories.VisualStory story)","assembly-move","ChartForgeX.Stories"
"9cd02a52af97426eab4bf64b9775ce93057e5986","de8ab2a75330edc93f7c3b529463a05c5d2c1b7e","M:ChartForgeX.Terminal.HtmlTerminalStoryRenderer.#ctor","ChartForgeX","ChartForgeX.Stories","public ChartForgeX.Terminal.HtmlTerminalStoryRenderer.HtmlTerminalStoryRenderer()","public ChartForgeX.Terminal.HtmlTerminalStoryRenderer.HtmlTerminalStoryRenderer()","assembly-move","ChartForgeX.Stories"
"9cd02a52af97426eab4bf64b9775ce93057e5986","de8ab2a75330edc93f7c3b529463a05c5d2c1b7e","M:ChartForgeX.Terminal.HtmlTerminalStoryRenderer.RenderFragment(ChartForgeX.Terminal.TerminalStory)","ChartForgeX","ChartForgeX.Stories","public string ChartForgeX.Terminal.HtmlTerminalStoryRenderer.RenderFragment(ChartForgeX.Terminal.TerminalStory story)","public string ChartForgeX.Terminal.HtmlTerminalStoryRenderer.RenderFragment(ChartForgeX.Terminal.TerminalStory story)","assembly-move","ChartForgeX.Stories"
"9cd02a52af97426eab4bf64b9775ce93057e5986","de8ab2a75330edc93f7c3b529463a05c5d2c1b7e","M:ChartForgeX.Terminal.HtmlTerminalStoryRenderer.RenderFragment(ChartForgeX.Terminal.TerminalStory,System.String)","ChartForgeX","ChartForgeX.Stories","public string ChartForgeX.Terminal.HtmlTerminalStoryRenderer.RenderFragment(ChartForgeX.Terminal.TerminalStory story, string idScope)","public string ChartForgeX.Terminal.HtmlTerminalStoryRenderer.RenderFragment(ChartForgeX.Terminal.TerminalStory story, string idScope)","assembly-move","ChartForgeX.Stories"
"9cd02a52af97426eab4bf64b9775ce93057e5986","de8ab2a75330edc93f7c3b529463a05c5d2c1b7e","M:ChartForgeX.Terminal.HtmlTerminalStoryRenderer.RenderPage(ChartForgeX.Terminal.TerminalStory)","ChartForgeX","ChartForgeX.Stories","public string ChartForgeX.Terminal.HtmlTerminalStoryRenderer.RenderPage(ChartForgeX.Terminal.TerminalStory story)","public string ChartForgeX.Terminal.HtmlTerminalStoryRenderer.RenderPage(ChartForgeX.Terminal.TerminalStory story)","assembly-move","ChartForgeX.Stories"
"9cd02a52af97426eab4bf64b9775ce93057e5986","de8ab2a75330edc93f7c3b529463a05c5d2c1b7e","M:ChartForgeX.Terminal.PngTerminalStoryRenderer.#ctor","ChartForgeX","ChartForgeX.Stories","public ChartForgeX.Terminal.PngTerminalStoryRenderer.PngTerminalStoryRenderer()","public ChartForgeX.Terminal.PngTerminalStoryRenderer.PngTerminalStoryRenderer()","assembly-move","ChartForgeX.Stories"
"9cd02a52af97426eab4bf64b9775ce93057e5986","de8ab2a75330edc93f7c3b529463a05c5d2c1b7e","M:ChartForgeX.Terminal.PngTerminalStoryRenderer.Render(ChartForgeX.Terminal.TerminalStory)","ChartForgeX","ChartForgeX.Stories","public byte[] ChartForgeX.Terminal.PngTerminalStoryRenderer.Render(ChartForgeX.Terminal.TerminalStory story)","public byte[] ChartForgeX.Terminal.PngTerminalStoryRenderer.Render(ChartForgeX.Terminal.TerminalStory story)","assembly-move","ChartForgeX.Stories"
"9cd02a52af97426eab4bf64b9775ce93057e5986","de8ab2a75330edc93f7c3b529463a05c5d2c1b7e","M:ChartForgeX.Terminal.SvgTerminalStoryRenderer.#ctor","ChartForgeX","ChartForgeX.Stories","public ChartForgeX.Terminal.SvgTerminalStoryRenderer.SvgTerminalStoryRenderer()","public ChartForgeX.Terminal.SvgTerminalStoryRenderer.SvgTerminalStoryRenderer()","assembly-move","ChartForgeX.Stories"
"9cd02a52af97426eab4bf64b9775ce93057e5986","de8ab2a75330edc93f7c3b529463a05c5d2c1b7e","M:ChartForgeX.Terminal.SvgTerminalStoryRenderer.Render(ChartForgeX.Terminal.TerminalStory)","ChartForgeX","ChartForgeX.Stories","public string ChartForgeX.Terminal.SvgTerminalStoryRenderer.Render(ChartForgeX.Terminal.TerminalStory story)","public string ChartForgeX.Terminal.SvgTerminalStoryRenderer.Render(ChartForgeX.Terminal.TerminalStory story)","assembly-move","ChartForgeX.Stories"
"9cd02a52af97426eab4bf64b9775ce93057e5986","de8ab2a75330edc93f7c3b529463a05c5d2c1b7e","M:ChartForgeX.Terminal.SvgTerminalStoryRenderer.Render(ChartForgeX.Terminal.TerminalStory,System.String)","ChartForgeX","ChartForgeX.Stories","public string ChartForgeX.Terminal.SvgTerminalStoryRenderer.Render(ChartForgeX.Terminal.TerminalStory story, string idScope)","public string ChartForgeX.Terminal.SvgTerminalStoryRenderer.Render(ChartForgeX.Terminal.TerminalStory story, string idScope)","assembly-move","ChartForgeX.Stories"
"9cd02a52af97426eab4bf64b9775ce93057e5986","de8ab2a75330edc93f7c3b529463a05c5d2c1b7e","M:ChartForgeX.Terminal.TerminalColumnAlignment.#ctor","ChartForgeX","ChartForgeX.Stories","public ChartForgeX.Terminal.TerminalColumnAlignment.TerminalColumnAlignment()","public ChartForgeX.Terminal.TerminalColumnAlignment.TerminalColumnAlignment()","assembly-move","ChartForgeX.Stories"
"9cd02a52af97426eab4bf64b9775ce93057e5986","de8ab2a75330edc93f7c3b529463a05c5d2c1b7e","M:ChartForgeX.Terminal.TerminalDialect.#ctor","ChartForgeX","ChartForgeX.Stories","public ChartForgeX.Terminal.TerminalDialect.TerminalDialect()","public ChartForgeX.Terminal.TerminalDialect.TerminalDialect()","assembly-move","ChartForgeX.Stories"
"9cd02a52af97426eab4bf64b9775ce93057e5986","de8ab2a75330edc93f7c3b529463a05c5d2c1b7e","M:ChartForgeX.Terminal.TerminalStory.Blank","ChartForgeX","ChartForgeX.Stories","public ChartForgeX.Terminal.TerminalStory ChartForgeX.Terminal.TerminalStory.Blank()","public ChartForgeX.Terminal.TerminalStory ChartForgeX.Terminal.TerminalStory.Blank()","assembly-move","ChartForgeX.Stories"
"9cd02a52af97426eab4bf64b9775ce93057e5986","de8ab2a75330edc93f7c3b529463a05c5d2c1b7e","M:ChartForgeX.Terminal.TerminalStory.Command(System.String,System.Double)","ChartForgeX","ChartForgeX.Stories","public ChartForgeX.Terminal.TerminalStory ChartForgeX.Terminal.TerminalStory.Command(string command, [double durationSeconds = 0])","public ChartForgeX.Terminal.TerminalStory ChartForgeX.Terminal.TerminalStory.Command(string command, [double durationSeconds = 0])","assembly-move","ChartForgeX.Stories"
"9cd02a52af97426eab4bf64b9775ce93057e5986","de8ab2a75330edc93f7c3b529463a05c5d2c1b7e","M:ChartForgeX.Terminal.TerminalStory.Create","ChartForgeX","ChartForgeX.Stories","public static ChartForgeX.Terminal.TerminalStory ChartForgeX.Terminal.TerminalStory.Create()","public static ChartForgeX.Terminal.TerminalStory ChartForgeX.Terminal.TerminalStory.Create()","assembly-move","ChartForgeX.Stories"
"9cd02a52af97426eab4bf64b9775ce93057e5986","de8ab2a75330edc93f7c3b529463a05c5d2c1b7e","M:ChartForgeX.Terminal.TerminalStory.DeclareTab(System.String,System.String,ChartForgeX.Terminal.TerminalDialect,System.String,ChartForgeX.Terminal.TerminalTheme,ChartForgeX.Terminal.TerminalTabIcon,System.String)","ChartForgeX","ChartForgeX.Stories","public ChartForgeX.Terminal.TerminalStory ChartForgeX.Terminal.TerminalStory.DeclareTab(string id, string title, ChartForgeX.Terminal.TerminalDialect dialect, string workingDirectory, ChartForgeX.Terminal.TerminalTheme theme, [ChartForgeX.Terminal.TerminalTabIcon icon = ChartForgeX.Terminal.TerminalTabIcon.Terminal], [string? customPrompt = null])","public ChartForgeX.Terminal.TerminalStory ChartForgeX.Terminal.TerminalStory.DeclareTab(string id, string title, ChartForgeX.Terminal.TerminalDialect dialect, string workingDirectory, ChartForgeX.Terminal.TerminalTheme theme, [ChartForgeX.Terminal.TerminalTabIcon icon = ChartForgeX.Terminal.TerminalTabIcon.Terminal], [string? customPrompt = null])","assembly-move","ChartForgeX.Stories"
"9cd02a52af97426eab4bf64b9775ce93057e5986","de8ab2a75330edc93f7c3b529463a05c5d2c1b7e","M:ChartForgeX.Terminal.TerminalStory.OpenTab(System.String,System.String,ChartForgeX.Terminal.TerminalDialect,System.String,ChartForgeX.Terminal.TerminalTheme,ChartForgeX.Terminal.TerminalTabIcon,System.String,System.Double)","ChartForgeX","ChartForgeX.Stories","public ChartForgeX.Terminal.TerminalStory ChartForgeX.Terminal.TerminalStory.OpenTab(string id, string title, ChartForgeX.Terminal.TerminalDialect dialect, string workingDirectory, ChartForgeX.Terminal.TerminalTheme theme, [ChartForgeX.Terminal.TerminalTabIcon icon = ChartForgeX.Terminal.TerminalTabIcon.Terminal], [string? customPrompt = null], [double transitionSeconds = 0.2])","public ChartForgeX.Terminal.TerminalStory ChartForgeX.Terminal.TerminalStory.OpenTab(string id, string title, ChartForgeX.Terminal.TerminalDialect dialect, string workingDirectory, ChartForgeX.Terminal.TerminalTheme theme, [ChartForgeX.Terminal.TerminalTabIcon icon = ChartForgeX.Terminal.TerminalTabIcon.Terminal], [string? customPrompt = null], [double transitionSeconds = 0.2])","assembly-move","ChartForgeX.Stories"
"9cd02a52af97426eab4bf64b9775ce93057e5986","de8ab2a75330edc93f7c3b529463a05c5d2c1b7e","M:ChartForgeX.Terminal.TerminalStory.Output(System.String,ChartForgeX.Terminal.TerminalTextTone)","ChartForgeX","ChartForgeX.Stories","public ChartForgeX.Terminal.TerminalStory ChartForgeX.Terminal.TerminalStory.Output(string text, [ChartForgeX.Terminal.TerminalTextTone tone = ChartForgeX.Terminal.TerminalTextTone.Default])","public ChartForgeX.Terminal.TerminalStory ChartForgeX.Terminal.TerminalStory.Output(string text, [ChartForgeX.Terminal.TerminalTextTone tone = ChartForgeX.Terminal.TerminalTextTone.Default])","assembly-move","ChartForgeX.Stories"
"9cd02a52af97426eab4bf64b9775ce93057e5986","de8ab2a75330edc93f7c3b529463a05c5d2c1b7e","M:ChartForgeX.Terminal.TerminalStory.Pause(System.Double)","ChartForgeX","ChartForgeX.Stories","public ChartForgeX.Terminal.TerminalStory ChartForgeX.Terminal.TerminalStory.Pause(double seconds)","public ChartForgeX.Terminal.TerminalStory ChartForgeX.Terminal.TerminalStory.Pause(double seconds)","assembly-move","ChartForgeX.Stories"
"9cd02a52af97426eab4bf64b9775ce93057e5986","de8ab2a75330edc93f7c3b529463a05c5d2c1b7e","M:ChartForgeX.Terminal.TerminalStory.Progress(System.String,System.Double,System.Int32)","ChartForgeX","ChartForgeX.Stories","public ChartForgeX.Terminal.TerminalStory ChartForgeX.Terminal.TerminalStory.Progress(string label, double fraction, [int width = 22])","public ChartForgeX.Terminal.TerminalStory ChartForgeX.Terminal.TerminalStory.Progress(string label, double fraction, [int width = 22])","assembly-move","ChartForgeX.Stories"
"9cd02a52af97426eab4bf64b9775ce93057e5986","de8ab2a75330edc93f7c3b529463a05c5d2c1b7e","M:ChartForgeX.Terminal.TerminalStory.SelectTab(System.String,System.Double)","ChartForgeX","ChartForgeX.Stories","public ChartForgeX.Terminal.TerminalStory ChartForgeX.Terminal.TerminalStory.SelectTab(string id, [double transitionSeconds = 0.2])","public ChartForgeX.Terminal.TerminalStory ChartForgeX.Terminal.TerminalStory.SelectTab(string id, [double transitionSeconds = 0.2])","assembly-move","ChartForgeX.Stories"
"9cd02a52af97426eab4bf64b9775ce93057e5986","de8ab2a75330edc93f7c3b529463a05c5d2c1b7e","M:ChartForgeX.Terminal.TerminalStory.Table(ChartForgeX.Terminal.TerminalTable)","ChartForgeX","ChartForgeX.Stories","public ChartForgeX.Terminal.TerminalStory ChartForgeX.Terminal.TerminalStory.Table(ChartForgeX.Terminal.TerminalTable table)","public ChartForgeX.Terminal.TerminalStory ChartForgeX.Terminal.TerminalStory.Table(ChartForgeX.Terminal.TerminalTable table)","assembly-move","ChartForgeX.Stories"
"9cd02a52af97426eab4bf64b9775ce93057e5986","de8ab2a75330edc93f7c3b529463a05c5d2c1b7e","M:ChartForgeX.Terminal.TerminalStory.Transcript(System.Collections.Generic.IEnumerable{System.String},ChartForgeX.Terminal.TerminalTextTone)","ChartForgeX","ChartForgeX.Stories","public ChartForgeX.Terminal.TerminalStory ChartForgeX.Terminal.TerminalStory.Transcript(System.Collections.Generic.IEnumerable<string> lines, [ChartForgeX.Terminal.TerminalTextTone tone = ChartForgeX.Terminal.TerminalTextTone.Default])","public ChartForgeX.Terminal.TerminalStory ChartForgeX.Terminal.TerminalStory.Transcript(System.Collections.Generic.IEnumerable<string> lines, [ChartForgeX.Terminal.TerminalTextTone tone = ChartForgeX.Terminal.TerminalTextTone.Default])","assembly-move","ChartForgeX.Stories"
"9cd02a52af97426eab4bf64b9775ce93057e5986","de8ab2a75330edc93f7c3b529463a05c5d2c1b7e","M:ChartForgeX.Terminal.TerminalStory.WithDialect(ChartForgeX.Terminal.TerminalDialect,System.String)","ChartForgeX","ChartForgeX.Stories","public ChartForgeX.Terminal.TerminalStory ChartForgeX.Terminal.TerminalStory.WithDialect(ChartForgeX.Terminal.TerminalDialect dialect, [string? customPrompt = null])","public ChartForgeX.Terminal.TerminalStory ChartForgeX.Terminal.TerminalStory.WithDialect(ChartForgeX.Terminal.TerminalDialect dialect, [string? customPrompt = null])","assembly-move","ChartForgeX.Stories"
"9cd02a52af97426eab4bf64b9775ce93057e5986","de8ab2a75330edc93f7c3b529463a05c5d2c1b7e","M:ChartForgeX.Terminal.TerminalStory.WithFinalPrompt(System.Boolean)","ChartForgeX","ChartForgeX.Stories","public ChartForgeX.Terminal.TerminalStory ChartForgeX.Terminal.TerminalStory.WithFinalPrompt([bool visible = true])","public ChartForgeX.Terminal.TerminalStory ChartForgeX.Terminal.TerminalStory.WithFinalPrompt([bool visible = true])","assembly-move","ChartForgeX.Stories"
"9cd02a52af97426eab4bf64b9775ce93057e5986","de8ab2a75330edc93f7c3b529463a05c5d2c1b7e","M:ChartForgeX.Terminal.TerminalStory.WithInitialTab(System.String,System.String,ChartForgeX.Terminal.TerminalDialect,System.String,ChartForgeX.Terminal.TerminalTheme,ChartForgeX.Terminal.TerminalTabIcon,System.String)","ChartForgeX","ChartForgeX.Stories","public ChartForgeX.Terminal.TerminalStory ChartForgeX.Terminal.TerminalStory.WithInitialTab(string id, string title, ChartForgeX.Terminal.TerminalDialect dialect, string workingDirectory, ChartForgeX.Terminal.TerminalTheme theme, [ChartForgeX.Terminal.TerminalTabIcon icon = ChartForgeX.Terminal.TerminalTabIcon.Terminal], [string? customPrompt = null])","public ChartForgeX.Terminal.TerminalStory ChartForgeX.Terminal.TerminalStory.WithInitialTab(string id, string title, ChartForgeX.Terminal.TerminalDialect dialect, string workingDirectory, ChartForgeX.Terminal.TerminalTheme theme, [ChartForgeX.Terminal.TerminalTabIcon icon = ChartForgeX.Terminal.TerminalTabIcon.Terminal], [string? customPrompt = null])","assembly-move","ChartForgeX.Stories"
"9cd02a52af97426eab4bf64b9775ce93057e5986","de8ab2a75330edc93f7c3b529463a05c5d2c1b7e","M:ChartForgeX.Terminal.TerminalStory.WithPlaybackSpeed(ChartForgeX.Terminal.TerminalStoryPlaybackSpeed)","ChartForgeX","ChartForgeX.Stories","public ChartForgeX.Terminal.TerminalStory ChartForgeX.Terminal.TerminalStory.WithPlaybackSpeed(ChartForgeX.Terminal.TerminalStoryPlaybackSpeed speed)","public ChartForgeX.Terminal.TerminalStory ChartForgeX.Terminal.TerminalStory.WithPlaybackSpeed(ChartForgeX.Terminal.TerminalStoryPlaybackSpeed speed)","assembly-move","ChartForgeX.Stories"
"9cd02a52af97426eab4bf64b9775ce93057e5986","de8ab2a75330edc93f7c3b529463a05c5d2c1b7e","M:ChartForgeX.Terminal.TerminalStory.WithPngOutputScale(System.Int32)","ChartForgeX","ChartForgeX.Stories","public ChartForgeX.Terminal.TerminalStory ChartForgeX.Terminal.TerminalStory.WithPngOutputScale(int scale)","public ChartForgeX.Terminal.TerminalStory ChartForgeX.Terminal.TerminalStory.WithPngOutputScale(int scale)","assembly-move","ChartForgeX.Stories"
"9cd02a52af97426eab4bf64b9775ce93057e5986","de8ab2a75330edc93f7c3b529463a05c5d2c1b7e","M:ChartForgeX.Terminal.TerminalStory.WithTabHold(System.Double)","ChartForgeX","ChartForgeX.Stories","public ChartForgeX.Terminal.TerminalStory ChartForgeX.Terminal.TerminalStory.WithTabHold(double seconds)","public ChartForgeX.Terminal.TerminalStory ChartForgeX.Terminal.TerminalStory.WithTabHold(double seconds)","assembly-move","ChartForgeX.Stories"
"9cd02a52af97426eab4bf64b9775ce93057e5986","de8ab2a75330edc93f7c3b529463a05c5d2c1b7e","M:ChartForgeX.Terminal.TerminalStory.WithTheme(ChartForgeX.Terminal.TerminalTheme)","ChartForgeX","ChartForgeX.Stories","public ChartForgeX.Terminal.TerminalStory ChartForgeX.Terminal.TerminalStory.WithTheme(ChartForgeX.Terminal.TerminalTheme theme)","public ChartForgeX.Terminal.TerminalStory ChartForgeX.Terminal.TerminalStory.WithTheme(ChartForgeX.Terminal.TerminalTheme theme)","assembly-move","ChartForgeX.Stories"
"9cd02a52af97426eab4bf64b9775ce93057e5986","de8ab2a75330edc93f7c3b529463a05c5d2c1b7e","M:ChartForgeX.Terminal.TerminalStory.WithTiming(System.Double,System.Double,System.Double)","ChartForgeX","ChartForgeX.Stories","public ChartForgeX.Terminal.TerminalStory ChartForgeX.Terminal.TerminalStory.WithTiming(double initialDelaySeconds, double charactersPerSecond, double lineDelaySeconds)","public ChartForgeX.Terminal.TerminalStory ChartForgeX.Terminal.TerminalStory.WithTiming(double initialDelaySeconds, double charactersPerSecond, double lineDelaySeconds)","assembly-move","ChartForgeX.Stories"
"9cd02a52af97426eab4bf64b9775ce93057e5986","de8ab2a75330edc93f7c3b529463a05c5d2c1b7e","M:ChartForgeX.Terminal.TerminalStory.WithTitle(System.String)","ChartForgeX","ChartForgeX.Stories","public ChartForgeX.Terminal.TerminalStory ChartForgeX.Terminal.TerminalStory.WithTitle(string title)","public ChartForgeX.Terminal.TerminalStory ChartForgeX.Terminal.TerminalStory.WithTitle(string title)","assembly-move","ChartForgeX.Stories"
"9cd02a52af97426eab4bf64b9775ce93057e5986","de8ab2a75330edc93f7c3b529463a05c5d2c1b7e","M:ChartForgeX.Terminal.TerminalStory.WithTypography(System.Double,System.Double)","ChartForgeX","ChartForgeX.Stories","public ChartForgeX.Terminal.TerminalStory ChartForgeX.Terminal.TerminalStory.WithTypography(double fontSize, double lineHeight)","public ChartForgeX.Terminal.TerminalStory ChartForgeX.Terminal.TerminalStory.WithTypography(double fontSize, double lineHeight)","assembly-move","ChartForgeX.Stories"
"9cd02a52af97426eab4bf64b9775ce93057e5986","de8ab2a75330edc93f7c3b529463a05c5d2c1b7e","M:ChartForgeX.Terminal.TerminalStory.WithWidth(System.Int32)","ChartForgeX","ChartForgeX.Stories","public ChartForgeX.Terminal.TerminalStory ChartForgeX.Terminal.TerminalStory.WithWidth(int width)","public ChartForgeX.Terminal.TerminalStory ChartForgeX.Terminal.TerminalStory.WithWidth(int width)","assembly-move","ChartForgeX.Stories"
"9cd02a52af97426eab4bf64b9775ce93057e5986","de8ab2a75330edc93f7c3b529463a05c5d2c1b7e","M:ChartForgeX.Terminal.TerminalStory.WithWindowStyle(ChartForgeX.Terminal.TerminalWindowStyle)","ChartForgeX","ChartForgeX.Stories","public ChartForgeX.Terminal.TerminalStory ChartForgeX.Terminal.TerminalStory.WithWindowStyle(ChartForgeX.Terminal.TerminalWindowStyle style)","public ChartForgeX.Terminal.TerminalStory ChartForgeX.Terminal.TerminalStory.WithWindowStyle(ChartForgeX.Terminal.TerminalWindowStyle style)","assembly-move","ChartForgeX.Stories"
"9cd02a52af97426eab4bf64b9775ce93057e5986","de8ab2a75330edc93f7c3b529463a05c5d2c1b7e","M:ChartForgeX.Terminal.TerminalStory.WithWorkingDirectory(System.String)","ChartForgeX","ChartForgeX.Stories","public ChartForgeX.Terminal.TerminalStory ChartForgeX.Terminal.TerminalStory.WithWorkingDirectory(string workingDirectory)","public ChartForgeX.Terminal.TerminalStory ChartForgeX.Terminal.TerminalStory.WithWorkingDirectory(string workingDirectory)","assembly-move","ChartForgeX.Stories"
"9cd02a52af97426eab4bf64b9775ce93057e5986","de8ab2a75330edc93f7c3b529463a05c5d2c1b7e","M:ChartForgeX.Terminal.TerminalStoryAnimationOptions.#ctor","ChartForgeX","ChartForgeX.Stories","public ChartForgeX.Terminal.TerminalStoryAnimationOptions.TerminalStoryAnimationOptions()","public ChartForgeX.Terminal.TerminalStoryAnimationOptions.TerminalStoryAnimationOptions()","assembly-move","ChartForgeX.Stories"
"9cd02a52af97426eab4bf64b9775ce93057e5986","de8ab2a75330edc93f7c3b529463a05c5d2c1b7e","M:ChartForgeX.Terminal.TerminalStoryAnimationOptions.Create","ChartForgeX","ChartForgeX.Stories","public static ChartForgeX.Terminal.TerminalStoryAnimationOptions ChartForgeX.Terminal.TerminalStoryAnimationOptions.Create()","public static ChartForgeX.Terminal.TerminalStoryAnimationOptions ChartForgeX.Terminal.TerminalStoryAnimationOptions.Create()","assembly-move","ChartForgeX.Stories"
"9cd02a52af97426eab4bf64b9775ce93057e5986","de8ab2a75330edc93f7c3b529463a05c5d2c1b7e","M:ChartForgeX.Terminal.TerminalStoryAnimationOptions.WithEndHold(System.Double)","ChartForgeX","ChartForgeX.Stories","public ChartForgeX.Terminal.TerminalStoryAnimationOptions ChartForgeX.Terminal.TerminalStoryAnimationOptions.WithEndHold(double seconds)","public ChartForgeX.Terminal.TerminalStoryAnimationOptions ChartForgeX.Terminal.TerminalStoryAnimationOptions.WithEndHold(double seconds)","assembly-move","ChartForgeX.Stories"
"9cd02a52af97426eab4bf64b9775ce93057e5986","de8ab2a75330edc93f7c3b529463a05c5d2c1b7e","M:ChartForgeX.Terminal.TerminalStoryAnimationOptions.WithFramesPerSecond(System.Int32)","ChartForgeX","ChartForgeX.Stories","public ChartForgeX.Terminal.TerminalStoryAnimationOptions ChartForgeX.Terminal.TerminalStoryAnimationOptions.WithFramesPerSecond(int framesPerSecond)","public ChartForgeX.Terminal.TerminalStoryAnimationOptions ChartForgeX.Terminal.TerminalStoryAnimationOptions.WithFramesPerSecond(int framesPerSecond)","assembly-move","ChartForgeX.Stories"
"9cd02a52af97426eab4bf64b9775ce93057e5986","de8ab2a75330edc93f7c3b529463a05c5d2c1b7e","M:ChartForgeX.Terminal.TerminalStoryAnimationOptions.WithLoop(System.Boolean)","ChartForgeX","ChartForgeX.Stories","public ChartForgeX.Terminal.TerminalStoryAnimationOptions ChartForgeX.Terminal.TerminalStoryAnimationOptions.WithLoop([bool loop = true])","public ChartForgeX.Terminal.TerminalStoryAnimationOptions ChartForgeX.Terminal.TerminalStoryAnimationOptions.WithLoop([bool loop = true])","assembly-move","ChartForgeX.Stories"
"9cd02a52af97426eab4bf64b9775ce93057e5986","de8ab2a75330edc93f7c3b529463a05c5d2c1b7e","M:ChartForgeX.Terminal.TerminalStoryAnimationOptions.WithMaximumFrames(System.Int32)","ChartForgeX","ChartForgeX.Stories","public ChartForgeX.Terminal.TerminalStoryAnimationOptions ChartForgeX.Terminal.TerminalStoryAnimationOptions.WithMaximumFrames(int maximumFrames)","public ChartForgeX.Terminal.TerminalStoryAnimationOptions ChartForgeX.Terminal.TerminalStoryAnimationOptions.WithMaximumFrames(int maximumFrames)","assembly-move","ChartForgeX.Stories"
"9cd02a52af97426eab4bf64b9775ce93057e5986","de8ab2a75330edc93f7c3b529463a05c5d2c1b7e","M:ChartForgeX.Terminal.TerminalStoryAnimationOptions.WithOutputScale(System.Int32)","ChartForgeX","ChartForgeX.Stories","public ChartForgeX.Terminal.TerminalStoryAnimationOptions ChartForgeX.Terminal.TerminalStoryAnimationOptions.WithOutputScale(int scale)","public ChartForgeX.Terminal.TerminalStoryAnimationOptions ChartForgeX.Terminal.TerminalStoryAnimationOptions.WithOutputScale(int scale)","assembly-move","ChartForgeX.Stories"
"9cd02a52af97426eab4bf64b9775ce93057e5986","de8ab2a75330edc93f7c3b529463a05c5d2c1b7e","M:ChartForgeX.Terminal.TerminalStoryPlaybackSpeed.#ctor","ChartForgeX","ChartForgeX.Stories","public ChartForgeX.Terminal.TerminalStoryPlaybackSpeed.TerminalStoryPlaybackSpeed()","public ChartForgeX.Terminal.TerminalStoryPlaybackSpeed.TerminalStoryPlaybackSpeed()","assembly-move","ChartForgeX.Stories"
"9cd02a52af97426eab4bf64b9775ce93057e5986","de8ab2a75330edc93f7c3b529463a05c5d2c1b7e","M:ChartForgeX.Terminal.TerminalStoryStepKind.#ctor","ChartForgeX","ChartForgeX.Stories","public ChartForgeX.Terminal.TerminalStoryStepKind.TerminalStoryStepKind()","public ChartForgeX.Terminal.TerminalStoryStepKind.TerminalStoryStepKind()","assembly-move","ChartForgeX.Stories"
"9cd02a52af97426eab4bf64b9775ce93057e5986","de8ab2a75330edc93f7c3b529463a05c5d2c1b7e","M:ChartForgeX.Terminal.TerminalTabIcon.#ctor","ChartForgeX","ChartForgeX.Stories","public ChartForgeX.Terminal.TerminalTabIcon.TerminalTabIcon()","public ChartForgeX.Terminal.TerminalTabIcon.TerminalTabIcon()","assembly-move","ChartForgeX.Stories"
"9cd02a52af97426eab4bf64b9775ce93057e5986","de8ab2a75330edc93f7c3b529463a05c5d2c1b7e","M:ChartForgeX.Terminal.TerminalTable.#ctor","ChartForgeX","ChartForgeX.Stories","public ChartForgeX.Terminal.TerminalTable.TerminalTable()","public ChartForgeX.Terminal.TerminalTable.TerminalTable()","assembly-move","ChartForgeX.Stories"
"9cd02a52af97426eab4bf64b9775ce93057e5986","de8ab2a75330edc93f7c3b529463a05c5d2c1b7e","M:ChartForgeX.Terminal.TerminalTable.AddRow(System.Object[])","ChartForgeX","ChartForgeX.Stories","public ChartForgeX.Terminal.TerminalTable ChartForgeX.Terminal.TerminalTable.AddRow(params object[] values)","public ChartForgeX.Terminal.TerminalTable ChartForgeX.Terminal.TerminalTable.AddRow(params object[] values)","assembly-move","ChartForgeX.Stories"
"9cd02a52af97426eab4bf64b9775ce93057e5986","de8ab2a75330edc93f7c3b529463a05c5d2c1b7e","M:ChartForgeX.Terminal.TerminalTable.AlignColumn(System.Int32,ChartForgeX.Terminal.TerminalColumnAlignment)","ChartForgeX","ChartForgeX.Stories","public ChartForgeX.Terminal.TerminalTable ChartForgeX.Terminal.TerminalTable.AlignColumn(int index, ChartForgeX.Terminal.TerminalColumnAlignment alignment)","public ChartForgeX.Terminal.TerminalTable ChartForgeX.Terminal.TerminalTable.AlignColumn(int index, ChartForgeX.Terminal.TerminalColumnAlignment alignment)","assembly-move","ChartForgeX.Stories"
"9cd02a52af97426eab4bf64b9775ce93057e5986","de8ab2a75330edc93f7c3b529463a05c5d2c1b7e","M:ChartForgeX.Terminal.TerminalTable.Create","ChartForgeX","ChartForgeX.Stories","public static ChartForgeX.Terminal.TerminalTable ChartForgeX.Terminal.TerminalTable.Create()","public static ChartForgeX.Terminal.TerminalTable ChartForgeX.Terminal.TerminalTable.Create()","assembly-move","ChartForgeX.Stories"
"9cd02a52af97426eab4bf64b9775ce93057e5986","de8ab2a75330edc93f7c3b529463a05c5d2c1b7e","M:ChartForgeX.Terminal.TerminalTable.WithColumns(System.String[])","ChartForgeX","ChartForgeX.Stories","public ChartForgeX.Terminal.TerminalTable ChartForgeX.Terminal.TerminalTable.WithColumns(params string[] columns)","public ChartForgeX.Terminal.TerminalTable ChartForgeX.Terminal.TerminalTable.WithColumns(params string[] columns)","assembly-move","ChartForgeX.Stories"
"9cd02a52af97426eab4bf64b9775ce93057e5986","de8ab2a75330edc93f7c3b529463a05c5d2c1b7e","M:ChartForgeX.Terminal.TerminalTextTone.#ctor","ChartForgeX","ChartForgeX.Stories","public ChartForgeX.Terminal.TerminalTextTone.TerminalTextTone()","public ChartForgeX.Terminal.TerminalTextTone.TerminalTextTone()","assembly-move","ChartForgeX.Stories"
"9cd02a52af97426eab4bf64b9775ce93057e5986","de8ab2a75330edc93f7c3b529463a05c5d2c1b7e","M:ChartForgeX.Terminal.TerminalTheme.#ctor","ChartForgeX","ChartForgeX.Stories","public ChartForgeX.Terminal.TerminalTheme.TerminalTheme()","public ChartForgeX.Terminal.TerminalTheme.TerminalTheme()","assembly-move","ChartForgeX.Stories"
"9cd02a52af97426eab4bf64b9775ce93057e5986","de8ab2a75330edc93f7c3b529463a05c5d2c1b7e","M:ChartForgeX.Terminal.TerminalTheme.Campbell","ChartForgeX","ChartForgeX.Stories","public static ChartForgeX.Terminal.TerminalTheme ChartForgeX.Terminal.TerminalTheme.Campbell()","public static ChartForgeX.Terminal.TerminalTheme ChartForgeX.Terminal.TerminalTheme.Campbell()","assembly-move","ChartForgeX.Stories"
"9cd02a52af97426eab4bf64b9775ce93057e5986","de8ab2a75330edc93f7c3b529463a05c5d2c1b7e","M:ChartForgeX.Terminal.TerminalTheme.Classic","ChartForgeX","ChartForgeX.Stories","public static ChartForgeX.Terminal.TerminalTheme ChartForgeX.Terminal.TerminalTheme.Classic()","public static ChartForgeX.Terminal.TerminalTheme ChartForgeX.Terminal.TerminalTheme.Classic()","assembly-move","ChartForgeX.Stories"
"9cd02a52af97426eab4bf64b9775ce93057e5986","de8ab2a75330edc93f7c3b529463a05c5d2c1b7e","M:ChartForgeX.Terminal.TerminalTheme.Copy","ChartForgeX","ChartForgeX.Stories","public ChartForgeX.Terminal.TerminalTheme ChartForgeX.Terminal.TerminalTheme.Copy()","public ChartForgeX.Terminal.TerminalTheme ChartForgeX.Terminal.TerminalTheme.Copy()","assembly-move","ChartForgeX.Stories"
"9cd02a52af97426eab4bf64b9775ce93057e5986","de8ab2a75330edc93f7c3b529463a05c5d2c1b7e","M:ChartForgeX.Terminal.TerminalTheme.Dark","ChartForgeX","ChartForgeX.Stories","public static ChartForgeX.Terminal.TerminalTheme ChartForgeX.Terminal.TerminalTheme.Dark()","public static ChartForgeX.Terminal.TerminalTheme ChartForgeX.Terminal.TerminalTheme.Dark()","assembly-move","ChartForgeX.Stories"
"9cd02a52af97426eab4bf64b9775ce93057e5986","de8ab2a75330edc93f7c3b529463a05c5d2c1b7e","M:ChartForgeX.Terminal.TerminalTheme.Light","ChartForgeX","ChartForgeX.Stories","public static ChartForgeX.Terminal.TerminalTheme ChartForgeX.Terminal.TerminalTheme.Light()","public static ChartForgeX.Terminal.TerminalTheme ChartForgeX.Terminal.TerminalTheme.Light()","assembly-move","ChartForgeX.Stories"
"9cd02a52af97426eab4bf64b9775ce93057e5986","de8ab2a75330edc93f7c3b529463a05c5d2c1b7e","M:ChartForgeX.Terminal.TerminalTheme.PowerShell","ChartForgeX","ChartForgeX.Stories","public static ChartForgeX.Terminal.TerminalTheme ChartForgeX.Terminal.TerminalTheme.PowerShell()","public static ChartForgeX.Terminal.TerminalTheme ChartForgeX.Terminal.TerminalTheme.PowerShell()","assembly-move","ChartForgeX.Stories"
"9cd02a52af97426eab4bf64b9775ce93057e5986","de8ab2a75330edc93f7c3b529463a05c5d2c1b7e","M:ChartForgeX.Terminal.TerminalTheme.Ubuntu","ChartForgeX","ChartForgeX.Stories","public static ChartForgeX.Terminal.TerminalTheme ChartForgeX.Terminal.TerminalTheme.Ubuntu()","public static ChartForgeX.Terminal.TerminalTheme ChartForgeX.Terminal.TerminalTheme.Ubuntu()","assembly-move","ChartForgeX.Stories"
"9cd02a52af97426eab4bf64b9775ce93057e5986","de8ab2a75330edc93f7c3b529463a05c5d2c1b7e","M:ChartForgeX.Terminal.TerminalTheme.WindowsPowerShell","ChartForgeX","ChartForgeX.Stories","public static ChartForgeX.Terminal.TerminalTheme ChartForgeX.Terminal.TerminalTheme.WindowsPowerShell()","public static ChartForgeX.Terminal.TerminalTheme ChartForgeX.Terminal.TerminalTheme.WindowsPowerShell()","assembly-move","ChartForgeX.Stories"
"9cd02a52af97426eab4bf64b9775ce93057e5986","de8ab2a75330edc93f7c3b529463a05c5d2c1b7e","M:ChartForgeX.Terminal.TerminalWindowStyle.#ctor","ChartForgeX","ChartForgeX.Stories","public ChartForgeX.Terminal.TerminalWindowStyle.TerminalWindowStyle()","public ChartForgeX.Terminal.TerminalWindowStyle.TerminalWindowStyle()","assembly-move","ChartForgeX.Stories"
"9cd02a52af97426eab4bf64b9775ce93057e5986","de8ab2a75330edc93f7c3b529463a05c5d2c1b7e","M:ChartForgeX.Themes.VisualDesignTokens.ApplyTo(ChartForgeX.Composition.VisualCanvasTheme)","ChartForgeX","","public ChartForgeX.Composition.VisualCanvasTheme ChartForgeX.Themes.VisualDesignTokens.ApplyTo(ChartForgeX.Composition.VisualCanvasTheme theme)","","removed-or-replaced","ChartForgeX"
"9cd02a52af97426eab4bf64b9775ce93057e5986","de8ab2a75330edc93f7c3b529463a05c5d2c1b7e","M:ChartForgeX.Topology.TopologyChartExtensions.SaveApng(ChartForgeX.Topology.TopologyChart,System.String,ChartForgeX.Topology.TopologyRenderOptions)","ChartForgeX","","public static void ChartForgeX.Topology.TopologyChartExtensions.SaveApng(this ChartForgeX.Topology.TopologyChart chart, string path, [ChartForgeX.Topology.TopologyRenderOptions? options = null])","","removed-or-replaced","ChartForgeX.Stories"
"9cd02a52af97426eab4bf64b9775ce93057e5986","de8ab2a75330edc93f7c3b529463a05c5d2c1b7e","M:ChartForgeX.Topology.TopologyChartExtensions.SaveGif(ChartForgeX.Topology.TopologyChart,System.String,ChartForgeX.Topology.TopologyRenderOptions)","ChartForgeX","","public static void ChartForgeX.Topology.TopologyChartExtensions.SaveGif(this ChartForgeX.Topology.TopologyChart chart, string path, [ChartForgeX.Topology.TopologyRenderOptions? options = null])","","removed-or-replaced","ChartForgeX.Stories"
"9cd02a52af97426eab4bf64b9775ce93057e5986","de8ab2a75330edc93f7c3b529463a05c5d2c1b7e","M:ChartForgeX.Topology.TopologyChartExtensions.ToApng(ChartForgeX.Topology.TopologyChart,ChartForgeX.Topology.TopologyRenderOptions)","ChartForgeX","","public static byte[] ChartForgeX.Topology.TopologyChartExtensions.ToApng(this ChartForgeX.Topology.TopologyChart chart, [ChartForgeX.Topology.TopologyRenderOptions? options = null])","","removed-or-replaced","ChartForgeX.Stories"
"9cd02a52af97426eab4bf64b9775ce93057e5986","de8ab2a75330edc93f7c3b529463a05c5d2c1b7e","M:ChartForgeX.Topology.TopologyChartExtensions.ToGif(ChartForgeX.Topology.TopologyChart,ChartForgeX.Topology.TopologyRenderOptions)","ChartForgeX","","public static byte[] ChartForgeX.Topology.TopologyChartExtensions.ToGif(this ChartForgeX.Topology.TopologyChart chart, [ChartForgeX.Topology.TopologyRenderOptions? options = null])","","removed-or-replaced","ChartForgeX.Stories"
"9cd02a52af97426eab4bf64b9775ce93057e5986","de8ab2a75330edc93f7c3b529463a05c5d2c1b7e","M:ChartForgeX.Topology.TopologyChartExtensions.WriteApng(ChartForgeX.Topology.TopologyChart,System.IO.Stream,ChartForgeX.Topology.TopologyRenderOptions)","ChartForgeX","","public static void ChartForgeX.Topology.TopologyChartExtensions.WriteApng(this ChartForgeX.Topology.TopologyChart chart, System.IO.Stream stream, [ChartForgeX.Topology.TopologyRenderOptions? options = null])","","removed-or-replaced","ChartForgeX.Stories"
"9cd02a52af97426eab4bf64b9775ce93057e5986","de8ab2a75330edc93f7c3b529463a05c5d2c1b7e","M:ChartForgeX.Topology.TopologyChartExtensions.WriteGif(ChartForgeX.Topology.TopologyChart,System.IO.Stream,ChartForgeX.Topology.TopologyRenderOptions)","ChartForgeX","","public static void ChartForgeX.Topology.TopologyChartExtensions.WriteGif(this ChartForgeX.Topology.TopologyChart chart, System.IO.Stream stream, [ChartForgeX.Topology.TopologyRenderOptions? options = null])","","removed-or-replaced","ChartForgeX.Stories"
"9cd02a52af97426eab4bf64b9775ce93057e5986","de8ab2a75330edc93f7c3b529463a05c5d2c1b7e","M:ChartForgeX.Topology.TopologyMotionOptions.#ctor","ChartForgeX","ChartForgeX.Stories","public ChartForgeX.Topology.TopologyMotionOptions.TopologyMotionOptions()","public ChartForgeX.Topology.TopologyMotionOptions.TopologyMotionOptions()","assembly-move","ChartForgeX.Stories"
"9cd02a52af97426eab4bf64b9775ce93057e5986","de8ab2a75330edc93f7c3b529463a05c5d2c1b7e","M:ChartForgeX.Topology.TopologyMotionOptions.AddEdges(System.String[])","ChartForgeX","ChartForgeX.Stories","public ChartForgeX.Topology.TopologyMotionOptions ChartForgeX.Topology.TopologyMotionOptions.AddEdges(params string[] edgeIds)","public ChartForgeX.Topology.TopologyMotionOptions ChartForgeX.Topology.TopologyMotionOptions.AddEdges(params string[] edgeIds)","assembly-move","ChartForgeX.Stories"
"9cd02a52af97426eab4bf64b9775ce93057e5986","de8ab2a75330edc93f7c3b529463a05c5d2c1b7e","M:ChartForgeX.Topology.TopologyMotionOptions.AtProgress(System.Double)","ChartForgeX","ChartForgeX.Stories","public ChartForgeX.Topology.TopologyMotionOptions ChartForgeX.Topology.TopologyMotionOptions.AtProgress(double progress)","public ChartForgeX.Topology.TopologyMotionOptions ChartForgeX.Topology.TopologyMotionOptions.AtProgress(double progress)","assembly-move","ChartForgeX.Stories"
"9cd02a52af97426eab4bf64b9775ce93057e5986","de8ab2a75330edc93f7c3b529463a05c5d2c1b7e","M:ChartForgeX.Topology.TopologyMotionOptions.RoutePulse(System.String,System.String[])","ChartForgeX","ChartForgeX.Stories","public static ChartForgeX.Topology.TopologyMotionOptions ChartForgeX.Topology.TopologyMotionOptions.RoutePulse([string? scenarioId = null], params string[] edgeIds)","public static ChartForgeX.Topology.TopologyMotionOptions ChartForgeX.Topology.TopologyMotionOptions.RoutePulse([string? scenarioId = null], params string[] edgeIds)","assembly-move","ChartForgeX.Stories"
"9cd02a52af97426eab4bf64b9775ce93057e5986","de8ab2a75330edc93f7c3b529463a05c5d2c1b7e","M:ChartForgeX.Topology.TopologyMotionOptions.RoutePulseForEdges(System.String[])","ChartForgeX","ChartForgeX.Stories","public static ChartForgeX.Topology.TopologyMotionOptions ChartForgeX.Topology.TopologyMotionOptions.RoutePulseForEdges(params string[] edgeIds)","public static ChartForgeX.Topology.TopologyMotionOptions ChartForgeX.Topology.TopologyMotionOptions.RoutePulseForEdges(params string[] edgeIds)","assembly-move","ChartForgeX.Stories"
"9cd02a52af97426eab4bf64b9775ce93057e5986","de8ab2a75330edc93f7c3b529463a05c5d2c1b7e","M:ChartForgeX.Topology.TopologyMotionOptions.RoutePulseForScenario(System.String)","ChartForgeX","ChartForgeX.Stories","public static ChartForgeX.Topology.TopologyMotionOptions ChartForgeX.Topology.TopologyMotionOptions.RoutePulseForScenario(string scenarioId)","public static ChartForgeX.Topology.TopologyMotionOptions ChartForgeX.Topology.TopologyMotionOptions.RoutePulseForScenario(string scenarioId)","assembly-move","ChartForgeX.Stories"
"9cd02a52af97426eab4bf64b9775ce93057e5986","de8ab2a75330edc93f7c3b529463a05c5d2c1b7e","M:ChartForgeX.Topology.TopologyMotionOptions.WithDuration(System.Double)","ChartForgeX","ChartForgeX.Stories","public ChartForgeX.Topology.TopologyMotionOptions ChartForgeX.Topology.TopologyMotionOptions.WithDuration(double seconds)","public ChartForgeX.Topology.TopologyMotionOptions ChartForgeX.Topology.TopologyMotionOptions.WithDuration(double seconds)","assembly-move","ChartForgeX.Stories"
"9cd02a52af97426eab4bf64b9775ce93057e5986","de8ab2a75330edc93f7c3b529463a05c5d2c1b7e","M:ChartForgeX.Topology.TopologyMotionOptions.WithEndpointPulses(System.Boolean)","ChartForgeX","ChartForgeX.Stories","public ChartForgeX.Topology.TopologyMotionOptions ChartForgeX.Topology.TopologyMotionOptions.WithEndpointPulses([bool enabled = true])","public ChartForgeX.Topology.TopologyMotionOptions ChartForgeX.Topology.TopologyMotionOptions.WithEndpointPulses([bool enabled = true])","assembly-move","ChartForgeX.Stories"
"9cd02a52af97426eab4bf64b9775ce93057e5986","de8ab2a75330edc93f7c3b529463a05c5d2c1b7e","M:ChartForgeX.Topology.TopologyMotionOptions.WithFrameLimit(System.Int32)","ChartForgeX","ChartForgeX.Stories","public ChartForgeX.Topology.TopologyMotionOptions ChartForgeX.Topology.TopologyMotionOptions.WithFrameLimit(int maximumFrames)","public ChartForgeX.Topology.TopologyMotionOptions ChartForgeX.Topology.TopologyMotionOptions.WithFrameLimit(int maximumFrames)","assembly-move","ChartForgeX.Stories"
"9cd02a52af97426eab4bf64b9775ce93057e5986","de8ab2a75330edc93f7c3b529463a05c5d2c1b7e","M:ChartForgeX.Topology.TopologyMotionOptions.WithFrameRate(System.Double)","ChartForgeX","ChartForgeX.Stories","public ChartForgeX.Topology.TopologyMotionOptions ChartForgeX.Topology.TopologyMotionOptions.WithFrameRate(double framesPerSecond)","public ChartForgeX.Topology.TopologyMotionOptions ChartForgeX.Topology.TopologyMotionOptions.WithFrameRate(double framesPerSecond)","assembly-move","ChartForgeX.Stories"
"9cd02a52af97426eab4bf64b9775ce93057e5986","de8ab2a75330edc93f7c3b529463a05c5d2c1b7e","M:ChartForgeX.Topology.TopologyMotionOptions.WithMarker(System.Double,System.String)","ChartForgeX","ChartForgeX.Stories","public ChartForgeX.Topology.TopologyMotionOptions ChartForgeX.Topology.TopologyMotionOptions.WithMarker(double radius, [string? color = null])","public ChartForgeX.Topology.TopologyMotionOptions ChartForgeX.Topology.TopologyMotionOptions.WithMarker(double radius, [string? color = null])","assembly-move","ChartForgeX.Stories"
"9cd02a52af97426eab4bf64b9775ce93057e5986","de8ab2a75330edc93f7c3b529463a05c5d2c1b7e","M:ChartForgeX.Topology.TopologyMotionOptions.WithMarkerColor(System.String)","ChartForgeX","ChartForgeX.Stories","public ChartForgeX.Topology.TopologyMotionOptions ChartForgeX.Topology.TopologyMotionOptions.WithMarkerColor(string? color)","public ChartForgeX.Topology.TopologyMotionOptions ChartForgeX.Topology.TopologyMotionOptions.WithMarkerColor(string? color)","assembly-move","ChartForgeX.Stories"
"9cd02a52af97426eab4bf64b9775ce93057e5986","de8ab2a75330edc93f7c3b529463a05c5d2c1b7e","M:ChartForgeX.Topology.TopologyRenderOptionsExtensions.WithMotion(ChartForgeX.Topology.TopologyRenderOptions,ChartForgeX.Topology.TopologyMotionOptions)","ChartForgeX","","public static ChartForgeX.Topology.TopologyRenderOptions ChartForgeX.Topology.TopologyRenderOptionsExtensions.WithMotion(this ChartForgeX.Topology.TopologyRenderOptions options, ChartForgeX.Topology.TopologyMotionOptions motion)","","removed-or-replaced","ChartForgeX"
"9cd02a52af97426eab4bf64b9775ce93057e5986","de8ab2a75330edc93f7c3b529463a05c5d2c1b7e","M:ChartForgeX.Topology.TopologyRenderOptionsExtensions.WithoutMotion(ChartForgeX.Topology.TopologyRenderOptions)","ChartForgeX","","public static ChartForgeX.Topology.TopologyRenderOptions ChartForgeX.Topology.TopologyRenderOptionsExtensions.WithoutMotion(this ChartForgeX.Topology.TopologyRenderOptions options)","","removed-or-replaced","ChartForgeX"
"9cd02a52af97426eab4bf64b9775ce93057e5986","de8ab2a75330edc93f7c3b529463a05c5d2c1b7e","M:ChartForgeX.VisualArtifacts.CompositeArtifactRendering.ToVisualArtifact(ChartForgeX.Composition.VisualCanvas,System.String,ChartForgeX.VisualArtifacts.VisualArtifactSourceLanguage)","ChartForgeX","","public static ChartForgeX.VisualArtifacts.VisualArtifact ChartForgeX.VisualArtifacts.CompositeArtifactRendering.ToVisualArtifact(this ChartForgeX.Composition.VisualCanvas canvas, [string? id = null], [ChartForgeX.VisualArtifacts.VisualArtifactSourceLanguage sourceLanguage = ChartForgeX.VisualArtifacts.VisualArtifactSourceLanguage.Native])","","removed-or-replaced","ChartForgeX.Visuals"
"9cd02a52af97426eab4bf64b9775ce93057e5986","de8ab2a75330edc93f7c3b529463a05c5d2c1b7e","M:ChartForgeX.VisualArtifacts.CompositeArtifactRendering.ToVisualArtifact(ChartForgeX.Stories.VisualStory,System.String,ChartForgeX.VisualArtifacts.VisualArtifactSourceLanguage)","ChartForgeX","","public static ChartForgeX.VisualArtifacts.VisualArtifact ChartForgeX.VisualArtifacts.CompositeArtifactRendering.ToVisualArtifact(this ChartForgeX.Stories.VisualStory story, [string? id = null], [ChartForgeX.VisualArtifacts.VisualArtifactSourceLanguage sourceLanguage = ChartForgeX.VisualArtifacts.VisualArtifactSourceLanguage.Native])","","removed-or-replaced","ChartForgeX.Stories"
"9cd02a52af97426eab4bf64b9775ce93057e5986","de8ab2a75330edc93f7c3b529463a05c5d2c1b7e","M:ChartForgeX.VisualArtifacts.TableArtifactRendering.ToHtmlPage(ChartForgeX.VisualArtifacts.TableArtifact)","ChartForgeX","ChartForgeX.Visuals","public static string ChartForgeX.VisualArtifacts.TableArtifactRendering.ToHtmlPage(this ChartForgeX.VisualArtifacts.TableArtifact table)","public static string ChartForgeX.VisualArtifacts.TableArtifactRendering.ToHtmlPage(this ChartForgeX.VisualArtifacts.TableArtifact table)","assembly-move","ChartForgeX.Visuals"
"9cd02a52af97426eab4bf64b9775ce93057e5986","de8ab2a75330edc93f7c3b529463a05c5d2c1b7e","M:ChartForgeX.VisualArtifacts.TableArtifactRendering.ToPng(ChartForgeX.VisualArtifacts.TableArtifact)","ChartForgeX","ChartForgeX.Visuals","public static byte[] ChartForgeX.VisualArtifacts.TableArtifactRendering.ToPng(this ChartForgeX.VisualArtifacts.TableArtifact table)","public static byte[] ChartForgeX.VisualArtifacts.TableArtifactRendering.ToPng(this ChartForgeX.VisualArtifacts.TableArtifact table)","assembly-move","ChartForgeX.Visuals"
"9cd02a52af97426eab4bf64b9775ce93057e5986","de8ab2a75330edc93f7c3b529463a05c5d2c1b7e","M:ChartForgeX.VisualArtifacts.TableArtifactRendering.ToPreviewBlock(ChartForgeX.VisualArtifacts.TableArtifact)","ChartForgeX","ChartForgeX.Visuals","public static ChartForgeX.VisualBlocks.ChartTable ChartForgeX.VisualArtifacts.TableArtifactRendering.ToPreviewBlock(this ChartForgeX.VisualArtifacts.TableArtifact table)","public static ChartForgeX.VisualBlocks.ChartTable ChartForgeX.VisualArtifacts.TableArtifactRendering.ToPreviewBlock(this ChartForgeX.VisualArtifacts.TableArtifact table)","assembly-move","ChartForgeX.Visuals"
"9cd02a52af97426eab4bf64b9775ce93057e5986","de8ab2a75330edc93f7c3b529463a05c5d2c1b7e","M:ChartForgeX.VisualArtifacts.TableArtifactRendering.ToSvg(ChartForgeX.VisualArtifacts.TableArtifact)","ChartForgeX","ChartForgeX.Visuals","public static string ChartForgeX.VisualArtifacts.TableArtifactRendering.ToSvg(this ChartForgeX.VisualArtifacts.TableArtifact table)","public static string ChartForgeX.VisualArtifacts.TableArtifactRendering.ToSvg(this ChartForgeX.VisualArtifacts.TableArtifact table)","assembly-move","ChartForgeX.Visuals"
"9cd02a52af97426eab4bf64b9775ce93057e5986","de8ab2a75330edc93f7c3b529463a05c5d2c1b7e","M:ChartForgeX.VisualArtifacts.TableArtifactRendering.ToVisualArtifact(ChartForgeX.VisualArtifacts.TableArtifact)","ChartForgeX","ChartForgeX.Visuals","public static ChartForgeX.VisualArtifacts.VisualArtifact ChartForgeX.VisualArtifacts.TableArtifactRendering.ToVisualArtifact(this ChartForgeX.VisualArtifacts.TableArtifact table)","public static ChartForgeX.VisualArtifacts.VisualArtifact ChartForgeX.VisualArtifacts.TableArtifactRendering.ToVisualArtifact(this ChartForgeX.VisualArtifacts.TableArtifact table)","assembly-move","ChartForgeX.Visuals"
"9cd02a52af97426eab4bf64b9775ce93057e5986","de8ab2a75330edc93f7c3b529463a05c5d2c1b7e","M:ChartForgeX.VisualArtifacts.VisualWatermark.FromImage(System.Byte[],System.String)","ChartForgeX","ChartForgeX.Visuals","public static ChartForgeX.VisualArtifacts.VisualWatermark ChartForgeX.VisualArtifacts.VisualWatermark.FromImage(byte[] imageBytes, string imageMimeType)","public static ChartForgeX.VisualArtifacts.VisualWatermark ChartForgeX.VisualArtifacts.VisualWatermark.FromImage(byte[] imageBytes, string imageMimeType)","assembly-move","ChartForgeX.Visuals"
"9cd02a52af97426eab4bf64b9775ce93057e5986","de8ab2a75330edc93f7c3b529463a05c5d2c1b7e","M:ChartForgeX.VisualArtifacts.VisualWatermark.FromText(System.String)","ChartForgeX","ChartForgeX.Visuals","public static ChartForgeX.VisualArtifacts.VisualWatermark ChartForgeX.VisualArtifacts.VisualWatermark.FromText(string text)","public static ChartForgeX.VisualArtifacts.VisualWatermark ChartForgeX.VisualArtifacts.VisualWatermark.FromText(string text)","assembly-move","ChartForgeX.Visuals"
"9cd02a52af97426eab4bf64b9775ce93057e5986","de8ab2a75330edc93f7c3b529463a05c5d2c1b7e","M:ChartForgeX.VisualArtifacts.VisualWatermarkKind.#ctor","ChartForgeX","ChartForgeX.Visuals","public ChartForgeX.VisualArtifacts.VisualWatermarkKind.VisualWatermarkKind()","public ChartForgeX.VisualArtifacts.VisualWatermarkKind.VisualWatermarkKind()","assembly-move","ChartForgeX.Visuals"
"9cd02a52af97426eab4bf64b9775ce93057e5986","de8ab2a75330edc93f7c3b529463a05c5d2c1b7e","M:ChartForgeX.VisualBlocks.ActivityTimelineBlock.#ctor","ChartForgeX","ChartForgeX.Visuals","public ChartForgeX.VisualBlocks.ActivityTimelineBlock.ActivityTimelineBlock()","public ChartForgeX.VisualBlocks.ActivityTimelineBlock.ActivityTimelineBlock()","assembly-move","ChartForgeX.Visuals"
"9cd02a52af97426eab4bf64b9775ce93057e5986","de8ab2a75330edc93f7c3b529463a05c5d2c1b7e","M:ChartForgeX.VisualBlocks.ActivityTimelineBlock.AddChecklistItem(System.String,System.Boolean,System.Boolean)","ChartForgeX","ChartForgeX.Visuals","public ChartForgeX.VisualBlocks.ActivityTimelineBlock ChartForgeX.VisualBlocks.ActivityTimelineBlock.AddChecklistItem(string text, bool completed, [bool muted = false])","public ChartForgeX.VisualBlocks.ActivityTimelineBlock ChartForgeX.VisualBlocks.ActivityTimelineBlock.AddChecklistItem(string text, bool completed, [bool muted = false])","assembly-move","ChartForgeX.Visuals"
"9cd02a52af97426eab4bf64b9775ce93057e5986","de8ab2a75330edc93f7c3b529463a05c5d2c1b7e","M:ChartForgeX.VisualBlocks.ActivityTimelineBlock.AddEvent(System.String,System.String,ChartForgeX.VisualBlocks.VisualStatus,System.String,System.String,System.String)","ChartForgeX","ChartForgeX.Visuals","public ChartForgeX.VisualBlocks.ActivityTimelineBlock ChartForgeX.VisualBlocks.ActivityTimelineBlock.AddEvent(string title, [string? timestamp = null], [ChartForgeX.VisualBlocks.VisualStatus status = ChartForgeX.VisualBlocks.VisualStatus.Neutral], [string? badge = null], [string? detail = null], [string? symbol = null])","public ChartForgeX.VisualBlocks.ActivityTimelineBlock ChartForgeX.VisualBlocks.ActivityTimelineBlock.AddEvent(string title, [string? timestamp = null], [ChartForgeX.VisualBlocks.VisualStatus status = ChartForgeX.VisualBlocks.VisualStatus.Neutral], [string? badge = null], [string? detail = null], [string? symbol = null])","assembly-move","ChartForgeX.Visuals"
"9cd02a52af97426eab4bf64b9775ce93057e5986","de8ab2a75330edc93f7c3b529463a05c5d2c1b7e","M:ChartForgeX.VisualBlocks.ActivityTimelineBlock.AddHiddenSummary(System.Int32,System.String)","ChartForgeX","ChartForgeX.Visuals","public ChartForgeX.VisualBlocks.ActivityTimelineBlock ChartForgeX.VisualBlocks.ActivityTimelineBlock.AddHiddenSummary(int count, string label)","public ChartForgeX.VisualBlocks.ActivityTimelineBlock ChartForgeX.VisualBlocks.ActivityTimelineBlock.AddHiddenSummary(int count, string label)","assembly-move","ChartForgeX.Visuals"
"9cd02a52af97426eab4bf64b9775ce93057e5986","de8ab2a75330edc93f7c3b529463a05c5d2c1b7e","M:ChartForgeX.VisualBlocks.ActivityTimelineBlock.AddSection(System.String)","ChartForgeX","ChartForgeX.Visuals","public ChartForgeX.VisualBlocks.ActivityTimelineBlock ChartForgeX.VisualBlocks.ActivityTimelineBlock.AddSection(string label)","public ChartForgeX.VisualBlocks.ActivityTimelineBlock ChartForgeX.VisualBlocks.ActivityTimelineBlock.AddSection(string label)","assembly-move","ChartForgeX.Visuals"
"9cd02a52af97426eab4bf64b9775ce93057e5986","de8ab2a75330edc93f7c3b529463a05c5d2c1b7e","M:ChartForgeX.VisualBlocks.ActivityTimelineBlock.Create","ChartForgeX","ChartForgeX.Visuals","public static ChartForgeX.VisualBlocks.ActivityTimelineBlock ChartForgeX.VisualBlocks.ActivityTimelineBlock.Create()","public static ChartForgeX.VisualBlocks.ActivityTimelineBlock ChartForgeX.VisualBlocks.ActivityTimelineBlock.Create()","assembly-move","ChartForgeX.Visuals"
"9cd02a52af97426eab4bf64b9775ce93057e5986","de8ab2a75330edc93f7c3b529463a05c5d2c1b7e","M:ChartForgeX.VisualBlocks.ActivityTimelineBlock.WithEventSurfaces(System.Boolean)","ChartForgeX","ChartForgeX.Visuals","public ChartForgeX.VisualBlocks.ActivityTimelineBlock ChartForgeX.VisualBlocks.ActivityTimelineBlock.WithEventSurfaces([bool enabled = true])","public ChartForgeX.VisualBlocks.ActivityTimelineBlock ChartForgeX.VisualBlocks.ActivityTimelineBlock.WithEventSurfaces([bool enabled = true])","assembly-move","ChartForgeX.Visuals"
"9cd02a52af97426eab4bf64b9775ce93057e5986","de8ab2a75330edc93f7c3b529463a05c5d2c1b7e","M:ChartForgeX.VisualBlocks.ActivityTimelineItem.Checklist(System.String,System.Boolean,System.Boolean)","ChartForgeX","ChartForgeX.Visuals","public static ChartForgeX.VisualBlocks.ActivityTimelineItem ChartForgeX.VisualBlocks.ActivityTimelineItem.Checklist(string text, bool completed, bool muted)","public static ChartForgeX.VisualBlocks.ActivityTimelineItem ChartForgeX.VisualBlocks.ActivityTimelineItem.Checklist(string text, bool completed, bool muted)","assembly-move","ChartForgeX.Visuals"
"9cd02a52af97426eab4bf64b9775ce93057e5986","de8ab2a75330edc93f7c3b529463a05c5d2c1b7e","M:ChartForgeX.VisualBlocks.ActivityTimelineItem.Event(System.String,System.String,ChartForgeX.VisualBlocks.VisualStatus,System.String,System.String,System.String)","ChartForgeX","ChartForgeX.Visuals","public static ChartForgeX.VisualBlocks.ActivityTimelineItem ChartForgeX.VisualBlocks.ActivityTimelineItem.Event(string title, string? timestamp, ChartForgeX.VisualBlocks.VisualStatus status, string? badge, string? detail, [string? symbol = null])","public static ChartForgeX.VisualBlocks.ActivityTimelineItem ChartForgeX.VisualBlocks.ActivityTimelineItem.Event(string title, string? timestamp, ChartForgeX.VisualBlocks.VisualStatus status, string? badge, string? detail, [string? symbol = null])","assembly-move","ChartForgeX.Visuals"
"9cd02a52af97426eab4bf64b9775ce93057e5986","de8ab2a75330edc93f7c3b529463a05c5d2c1b7e","M:ChartForgeX.VisualBlocks.ActivityTimelineItem.Hidden(System.Int32,System.String)","ChartForgeX","ChartForgeX.Visuals","public static ChartForgeX.VisualBlocks.ActivityTimelineItem ChartForgeX.VisualBlocks.ActivityTimelineItem.Hidden(int count, string label)","public static ChartForgeX.VisualBlocks.ActivityTimelineItem ChartForgeX.VisualBlocks.ActivityTimelineItem.Hidden(int count, string label)","assembly-move","ChartForgeX.Visuals"
"9cd02a52af97426eab4bf64b9775ce93057e5986","de8ab2a75330edc93f7c3b529463a05c5d2c1b7e","M:ChartForgeX.VisualBlocks.ActivityTimelineItem.Section(System.String)","ChartForgeX","ChartForgeX.Visuals","public static ChartForgeX.VisualBlocks.ActivityTimelineItem ChartForgeX.VisualBlocks.ActivityTimelineItem.Section(string label)","public static ChartForgeX.VisualBlocks.ActivityTimelineItem ChartForgeX.VisualBlocks.ActivityTimelineItem.Section(string label)","assembly-move","ChartForgeX.Visuals"
"9cd02a52af97426eab4bf64b9775ce93057e5986","de8ab2a75330edc93f7c3b529463a05c5d2c1b7e","M:ChartForgeX.VisualBlocks.ActivityTimelineItemKind.#ctor","ChartForgeX","ChartForgeX.Visuals","public ChartForgeX.VisualBlocks.ActivityTimelineItemKind.ActivityTimelineItemKind()","public ChartForgeX.VisualBlocks.ActivityTimelineItemKind.ActivityTimelineItemKind()","assembly-move","ChartForgeX.Visuals"
"9cd02a52af97426eab4bf64b9775ce93057e5986","de8ab2a75330edc93f7c3b529463a05c5d2c1b7e","M:ChartForgeX.VisualBlocks.ChartList.#ctor","ChartForgeX","ChartForgeX.Visuals","public ChartForgeX.VisualBlocks.ChartList.ChartList()","public ChartForgeX.VisualBlocks.ChartList.ChartList()","assembly-move","ChartForgeX.Visuals"
"9cd02a52af97426eab4bf64b9775ce93057e5986","de8ab2a75330edc93f7c3b529463a05c5d2c1b7e","M:ChartForgeX.VisualBlocks.ChartList.AddCheckItem(System.String,System.Boolean,System.String)","ChartForgeX","ChartForgeX.Visuals","public ChartForgeX.VisualBlocks.ChartList ChartForgeX.VisualBlocks.ChartList.AddCheckItem(string text, bool isChecked, [string? value = null])","public ChartForgeX.VisualBlocks.ChartList ChartForgeX.VisualBlocks.ChartList.AddCheckItem(string text, bool isChecked, [string? value = null])","assembly-move","ChartForgeX.Visuals"
"9cd02a52af97426eab4bf64b9775ce93057e5986","de8ab2a75330edc93f7c3b529463a05c5d2c1b7e","M:ChartForgeX.VisualBlocks.ChartList.AddItem(System.String,System.String)","ChartForgeX","ChartForgeX.Visuals","public ChartForgeX.VisualBlocks.ChartList ChartForgeX.VisualBlocks.ChartList.AddItem(string text, [string? value = null])","public ChartForgeX.VisualBlocks.ChartList ChartForgeX.VisualBlocks.ChartList.AddItem(string text, [string? value = null])","assembly-move","ChartForgeX.Visuals"
"9cd02a52af97426eab4bf64b9775ce93057e5986","de8ab2a75330edc93f7c3b529463a05c5d2c1b7e","M:ChartForgeX.VisualBlocks.ChartList.AddStatusItem(System.String,ChartForgeX.VisualBlocks.VisualStatus,System.String)","ChartForgeX","ChartForgeX.Visuals","public ChartForgeX.VisualBlocks.ChartList ChartForgeX.VisualBlocks.ChartList.AddStatusItem(string text, ChartForgeX.VisualBlocks.VisualStatus status, [string? value = null])","public ChartForgeX.VisualBlocks.ChartList ChartForgeX.VisualBlocks.ChartList.AddStatusItem(string text, ChartForgeX.VisualBlocks.VisualStatus status, [string? value = null])","assembly-move","ChartForgeX.Visuals"
"9cd02a52af97426eab4bf64b9775ce93057e5986","de8ab2a75330edc93f7c3b529463a05c5d2c1b7e","M:ChartForgeX.VisualBlocks.ChartList.Create","ChartForgeX","ChartForgeX.Visuals","public static ChartForgeX.VisualBlocks.ChartList ChartForgeX.VisualBlocks.ChartList.Create()","public static ChartForgeX.VisualBlocks.ChartList ChartForgeX.VisualBlocks.ChartList.Create()","assembly-move","ChartForgeX.Visuals"
"9cd02a52af97426eab4bf64b9775ce93057e5986","de8ab2a75330edc93f7c3b529463a05c5d2c1b7e","M:ChartForgeX.VisualBlocks.ChartList.WithDenseMode(System.Boolean)","ChartForgeX","ChartForgeX.Visuals","public ChartForgeX.VisualBlocks.ChartList ChartForgeX.VisualBlocks.ChartList.WithDenseMode([bool enabled = true])","public ChartForgeX.VisualBlocks.ChartList ChartForgeX.VisualBlocks.ChartList.WithDenseMode([bool enabled = true])","assembly-move","ChartForgeX.Visuals"
"9cd02a52af97426eab4bf64b9775ce93057e5986","de8ab2a75330edc93f7c3b529463a05c5d2c1b7e","M:ChartForgeX.VisualBlocks.ChartList.WithMarker(ChartForgeX.VisualBlocks.VisualListMarker)","ChartForgeX","ChartForgeX.Visuals","public ChartForgeX.VisualBlocks.ChartList ChartForgeX.VisualBlocks.ChartList.WithMarker(ChartForgeX.VisualBlocks.VisualListMarker marker)","public ChartForgeX.VisualBlocks.ChartList ChartForgeX.VisualBlocks.ChartList.WithMarker(ChartForgeX.VisualBlocks.VisualListMarker marker)","assembly-move","ChartForgeX.Visuals"
"9cd02a52af97426eab4bf64b9775ce93057e5986","de8ab2a75330edc93f7c3b529463a05c5d2c1b7e","M:ChartForgeX.VisualBlocks.ChartListItem.#ctor(System.String,System.String)","ChartForgeX","ChartForgeX.Visuals","public ChartForgeX.VisualBlocks.ChartListItem.ChartListItem(string text, [string? value = null])","public ChartForgeX.VisualBlocks.ChartListItem.ChartListItem(string text, [string? value = null])","assembly-move","ChartForgeX.Visuals"
"9cd02a52af97426eab4bf64b9775ce93057e5986","de8ab2a75330edc93f7c3b529463a05c5d2c1b7e","M:ChartForgeX.VisualBlocks.ChartTable.#ctor","ChartForgeX","ChartForgeX.Visuals","public ChartForgeX.VisualBlocks.ChartTable.ChartTable()","public ChartForgeX.VisualBlocks.ChartTable.ChartTable()","assembly-move","ChartForgeX.Visuals"
"9cd02a52af97426eab4bf64b9775ce93057e5986","de8ab2a75330edc93f7c3b529463a05c5d2c1b7e","M:ChartForgeX.VisualBlocks.ChartTable.AddColumn(System.String,ChartForgeX.Typography.TextAlignment,System.Nullable{System.Double},System.String)","ChartForgeX","ChartForgeX.Visuals","public ChartForgeX.VisualBlocks.ChartTable ChartForgeX.VisualBlocks.ChartTable.AddColumn(string header, [ChartForgeX.Typography.TextAlignment alignment = ChartForgeX.Typography.TextAlignment.Left], [double? width = null], [string? format = null])","public ChartForgeX.VisualBlocks.ChartTable ChartForgeX.VisualBlocks.ChartTable.AddColumn(string header, [ChartForgeX.Typography.TextAlignment alignment = ChartForgeX.Typography.TextAlignment.Left], [double? width = null], [string? format = null])","assembly-move","ChartForgeX.Visuals"
"9cd02a52af97426eab4bf64b9775ce93057e5986","de8ab2a75330edc93f7c3b529463a05c5d2c1b7e","M:ChartForgeX.VisualBlocks.ChartTable.AddRow(System.Object[])","ChartForgeX","ChartForgeX.Visuals","public ChartForgeX.VisualBlocks.ChartTable ChartForgeX.VisualBlocks.ChartTable.AddRow(params object?[] values)","public ChartForgeX.VisualBlocks.ChartTable ChartForgeX.VisualBlocks.ChartTable.AddRow(params object?[] values)","assembly-move","ChartForgeX.Visuals"
"9cd02a52af97426eab4bf64b9775ce93057e5986","de8ab2a75330edc93f7c3b529463a05c5d2c1b7e","M:ChartForgeX.VisualBlocks.ChartTable.Create","ChartForgeX","ChartForgeX.Visuals","public static ChartForgeX.VisualBlocks.ChartTable ChartForgeX.VisualBlocks.ChartTable.Create()","public static ChartForgeX.VisualBlocks.ChartTable ChartForgeX.VisualBlocks.ChartTable.Create()","assembly-move","ChartForgeX.Visuals"
"9cd02a52af97426eab4bf64b9775ce93057e5986","de8ab2a75330edc93f7c3b529463a05c5d2c1b7e","M:ChartForgeX.VisualBlocks.ChartTable.WithColumns(System.String[])","ChartForgeX","ChartForgeX.Visuals","public ChartForgeX.VisualBlocks.ChartTable ChartForgeX.VisualBlocks.ChartTable.WithColumns(params string[] headers)","public ChartForgeX.VisualBlocks.ChartTable ChartForgeX.VisualBlocks.ChartTable.WithColumns(params string[] headers)","assembly-move","ChartForgeX.Visuals"
"9cd02a52af97426eab4bf64b9775ce93057e5986","de8ab2a75330edc93f7c3b529463a05c5d2c1b7e","M:ChartForgeX.VisualBlocks.ChartTable.WithDenseMode(System.Boolean)","ChartForgeX","ChartForgeX.Visuals","public ChartForgeX.VisualBlocks.ChartTable ChartForgeX.VisualBlocks.ChartTable.WithDenseMode([bool enabled = true])","public ChartForgeX.VisualBlocks.ChartTable ChartForgeX.VisualBlocks.ChartTable.WithDenseMode([bool enabled = true])","assembly-move","ChartForgeX.Visuals"
"9cd02a52af97426eab4bf64b9775ce93057e5986","de8ab2a75330edc93f7c3b529463a05c5d2c1b7e","M:ChartForgeX.VisualBlocks.ChartTable.WithHeader(System.Boolean)","ChartForgeX","ChartForgeX.Visuals","public ChartForgeX.VisualBlocks.ChartTable ChartForgeX.VisualBlocks.ChartTable.WithHeader([bool enabled = true])","public ChartForgeX.VisualBlocks.ChartTable ChartForgeX.VisualBlocks.ChartTable.WithHeader([bool enabled = true])","assembly-move","ChartForgeX.Visuals"
"9cd02a52af97426eab4bf64b9775ce93057e5986","de8ab2a75330edc93f7c3b529463a05c5d2c1b7e","M:ChartForgeX.VisualBlocks.ChartTable.WithRow(System.Int32,System.Action{ChartForgeX.VisualBlocks.ChartTableRow})","ChartForgeX","ChartForgeX.Visuals","public ChartForgeX.VisualBlocks.ChartTable ChartForgeX.VisualBlocks.ChartTable.WithRow(int rowIndex, System.Action<ChartForgeX.VisualBlocks.ChartTableRow> configure)","public ChartForgeX.VisualBlocks.ChartTable ChartForgeX.VisualBlocks.ChartTable.WithRow(int rowIndex, System.Action<ChartForgeX.VisualBlocks.ChartTableRow> configure)","assembly-move","ChartForgeX.Visuals"
"9cd02a52af97426eab4bf64b9775ce93057e5986","de8ab2a75330edc93f7c3b529463a05c5d2c1b7e","M:ChartForgeX.VisualBlocks.ChartTable.WithRowStriping(System.Boolean)","ChartForgeX","ChartForgeX.Visuals","public ChartForgeX.VisualBlocks.ChartTable ChartForgeX.VisualBlocks.ChartTable.WithRowStriping([bool enabled = true])","public ChartForgeX.VisualBlocks.ChartTable ChartForgeX.VisualBlocks.ChartTable.WithRowStriping([bool enabled = true])","assembly-move","ChartForgeX.Visuals"
"9cd02a52af97426eab4bf64b9775ce93057e5986","de8ab2a75330edc93f7c3b529463a05c5d2c1b7e","M:ChartForgeX.VisualBlocks.ChartTable.WithStatusColumn(System.Int32)","ChartForgeX","ChartForgeX.Visuals","public ChartForgeX.VisualBlocks.ChartTable ChartForgeX.VisualBlocks.ChartTable.WithStatusColumn(int columnIndex)","public ChartForgeX.VisualBlocks.ChartTable ChartForgeX.VisualBlocks.ChartTable.WithStatusColumn(int columnIndex)","assembly-move","ChartForgeX.Visuals"
"9cd02a52af97426eab4bf64b9775ce93057e5986","de8ab2a75330edc93f7c3b529463a05c5d2c1b7e","M:ChartForgeX.VisualBlocks.ChartTable.WithStatusColumn(System.String)","ChartForgeX","ChartForgeX.Visuals","public ChartForgeX.VisualBlocks.ChartTable ChartForgeX.VisualBlocks.ChartTable.WithStatusColumn(string header)","public ChartForgeX.VisualBlocks.ChartTable ChartForgeX.VisualBlocks.ChartTable.WithStatusColumn(string header)","assembly-move","ChartForgeX.Visuals"
"9cd02a52af97426eab4bf64b9775ce93057e5986","de8ab2a75330edc93f7c3b529463a05c5d2c1b7e","M:ChartForgeX.VisualBlocks.ChartTableCell.#ctor(System.String)","ChartForgeX","ChartForgeX.Visuals","public ChartForgeX.VisualBlocks.ChartTableCell.ChartTableCell(string text)","public ChartForgeX.VisualBlocks.ChartTableCell.ChartTableCell(string text)","assembly-move","ChartForgeX.Visuals"
"9cd02a52af97426eab4bf64b9775ce93057e5986","de8ab2a75330edc93f7c3b529463a05c5d2c1b7e","M:ChartForgeX.VisualBlocks.ChartTableCell.FromValue(System.Double,ChartForgeX.Core.ChartValueFormat)","ChartForgeX","ChartForgeX.Visuals","public static ChartForgeX.VisualBlocks.ChartTableCell ChartForgeX.VisualBlocks.ChartTableCell.FromValue(double value, ChartForgeX.Core.ChartValueFormat format)","public static ChartForgeX.VisualBlocks.ChartTableCell ChartForgeX.VisualBlocks.ChartTableCell.FromValue(double value, ChartForgeX.Core.ChartValueFormat format)","assembly-move","ChartForgeX.Visuals"
"9cd02a52af97426eab4bf64b9775ce93057e5986","de8ab2a75330edc93f7c3b529463a05c5d2c1b7e","M:ChartForgeX.VisualBlocks.ChartTableCell.FromValue(System.Object,System.String)","ChartForgeX","ChartForgeX.Visuals","public static ChartForgeX.VisualBlocks.ChartTableCell ChartForgeX.VisualBlocks.ChartTableCell.FromValue(object? value, [string? format = null])","public static ChartForgeX.VisualBlocks.ChartTableCell ChartForgeX.VisualBlocks.ChartTableCell.FromValue(object? value, [string? format = null])","assembly-move","ChartForgeX.Visuals"
"9cd02a52af97426eab4bf64b9775ce93057e5986","de8ab2a75330edc93f7c3b529463a05c5d2c1b7e","M:ChartForgeX.VisualBlocks.ChartTableCell.WithBadge(System.String,ChartForgeX.VisualBlocks.VisualStatus,System.Nullable{ChartForgeX.Primitives.ChartColor},ChartForgeX.VisualBlocks.VisualBadgeStyle)","ChartForgeX","ChartForgeX.Visuals","public ChartForgeX.VisualBlocks.ChartTableCell ChartForgeX.VisualBlocks.ChartTableCell.WithBadge(string text, [ChartForgeX.VisualBlocks.VisualStatus status = ChartForgeX.VisualBlocks.VisualStatus.Neutral], [ChartForgeX.Primitives.ChartColor? color = null], [ChartForgeX.VisualBlocks.VisualBadgeStyle style = ChartForgeX.VisualBlocks.VisualBadgeStyle.Soft])","public ChartForgeX.VisualBlocks.ChartTableCell ChartForgeX.VisualBlocks.ChartTableCell.WithBadge(string text, [ChartForgeX.VisualBlocks.VisualStatus status = ChartForgeX.VisualBlocks.VisualStatus.Neutral], [ChartForgeX.Primitives.ChartColor? color = null], [ChartForgeX.VisualBlocks.VisualBadgeStyle style = ChartForgeX.VisualBlocks.VisualBadgeStyle.Soft])","assembly-move","ChartForgeX.Visuals"
"9cd02a52af97426eab4bf64b9775ce93057e5986","de8ab2a75330edc93f7c3b529463a05c5d2c1b7e","M:ChartForgeX.VisualBlocks.ChartTableCell.WithMiniBars(System.Collections.Generic.IEnumerable{System.Double},System.Nullable{System.Double},System.Nullable{System.Double},System.Nullable{ChartForgeX.Primitives.ChartColor})","ChartForgeX","ChartForgeX.Visuals","public ChartForgeX.VisualBlocks.ChartTableCell ChartForgeX.VisualBlocks.ChartTableCell.WithMiniBars(System.Collections.Generic.IEnumerable<double> values, [double? minimum = null], [double? maximum = null], [ChartForgeX.Primitives.ChartColor? color = null])","public ChartForgeX.VisualBlocks.ChartTableCell ChartForgeX.VisualBlocks.ChartTableCell.WithMiniBars(System.Collections.Generic.IEnumerable<double> values, [double? minimum = null], [double? maximum = null], [ChartForgeX.Primitives.ChartColor? color = null])","assembly-move","ChartForgeX.Visuals"
"9cd02a52af97426eab4bf64b9775ce93057e5986","de8ab2a75330edc93f7c3b529463a05c5d2c1b7e","M:ChartForgeX.VisualBlocks.ChartTableCell.WithSparkline(ChartForgeX.Core.SparklineData,System.Nullable{ChartForgeX.Primitives.ChartColor})","ChartForgeX","ChartForgeX.Visuals","public ChartForgeX.VisualBlocks.ChartTableCell ChartForgeX.VisualBlocks.ChartTableCell.WithSparkline(ChartForgeX.Core.SparklineData data, [ChartForgeX.Primitives.ChartColor? color = null])","public ChartForgeX.VisualBlocks.ChartTableCell ChartForgeX.VisualBlocks.ChartTableCell.WithSparkline(ChartForgeX.Core.SparklineData data, [ChartForgeX.Primitives.ChartColor? color = null])","assembly-move","ChartForgeX.Visuals"
"9cd02a52af97426eab4bf64b9775ce93057e5986","de8ab2a75330edc93f7c3b529463a05c5d2c1b7e","M:ChartForgeX.VisualBlocks.ChartTableCell.WithSparkline(System.Collections.Generic.IEnumerable{System.Double},System.Nullable{System.Double},System.Nullable{System.Double},System.Nullable{ChartForgeX.Primitives.ChartColor})","ChartForgeX","ChartForgeX.Visuals","public ChartForgeX.VisualBlocks.ChartTableCell ChartForgeX.VisualBlocks.ChartTableCell.WithSparkline(System.Collections.Generic.IEnumerable<double> values, [double? minimum = null], [double? maximum = null], [ChartForgeX.Primitives.ChartColor? color = null])","public ChartForgeX.VisualBlocks.ChartTableCell ChartForgeX.VisualBlocks.ChartTableCell.WithSparkline(System.Collections.Generic.IEnumerable<double> values, [double? minimum = null], [double? maximum = null], [ChartForgeX.Primitives.ChartColor? color = null])","assembly-move","ChartForgeX.Visuals"
"9cd02a52af97426eab4bf64b9775ce93057e5986","de8ab2a75330edc93f7c3b529463a05c5d2c1b7e","M:ChartForgeX.VisualBlocks.ChartTableCellMicroVisualKind.#ctor","ChartForgeX","ChartForgeX.Visuals","public ChartForgeX.VisualBlocks.ChartTableCellMicroVisualKind.ChartTableCellMicroVisualKind()","public ChartForgeX.VisualBlocks.ChartTableCellMicroVisualKind.ChartTableCellMicroVisualKind()","assembly-move","ChartForgeX.Visuals"
"9cd02a52af97426eab4bf64b9775ce93057e5986","de8ab2a75330edc93f7c3b529463a05c5d2c1b7e","M:ChartForgeX.VisualBlocks.ChartTableColumn.#ctor(System.String,ChartForgeX.Typography.TextAlignment,System.Nullable{System.Double},System.String)","ChartForgeX","ChartForgeX.Visuals","public ChartForgeX.VisualBlocks.ChartTableColumn.ChartTableColumn(string header, [ChartForgeX.Typography.TextAlignment alignment = ChartForgeX.Typography.TextAlignment.Left], [double? width = null], [string? format = null])","public ChartForgeX.VisualBlocks.ChartTableColumn.ChartTableColumn(string header, [ChartForgeX.Typography.TextAlignment alignment = ChartForgeX.Typography.TextAlignment.Left], [double? width = null], [string? format = null])","assembly-move","ChartForgeX.Visuals"
"9cd02a52af97426eab4bf64b9775ce93057e5986","de8ab2a75330edc93f7c3b529463a05c5d2c1b7e","M:ChartForgeX.VisualBlocks.ChartTableRow.#ctor","ChartForgeX","ChartForgeX.Visuals","public ChartForgeX.VisualBlocks.ChartTableRow.ChartTableRow()","public ChartForgeX.VisualBlocks.ChartTableRow.ChartTableRow()","assembly-move","ChartForgeX.Visuals"
"9cd02a52af97426eab4bf64b9775ce93057e5986","de8ab2a75330edc93f7c3b529463a05c5d2c1b7e","M:ChartForgeX.VisualBlocks.DateStripBlock.#ctor","ChartForgeX","ChartForgeX.Visuals","public ChartForgeX.VisualBlocks.DateStripBlock.DateStripBlock()","public ChartForgeX.VisualBlocks.DateStripBlock.DateStripBlock()","assembly-move","ChartForgeX.Visuals"
"9cd02a52af97426eab4bf64b9775ce93057e5986","de8ab2a75330edc93f7c3b529463a05c5d2c1b7e","M:ChartForgeX.VisualBlocks.DateStripBlock.AddItem(System.String,System.String,System.Boolean,System.Nullable{ChartForgeX.Primitives.ChartColor})","ChartForgeX","ChartForgeX.Visuals","public ChartForgeX.VisualBlocks.DateStripBlock ChartForgeX.VisualBlocks.DateStripBlock.AddItem(string label, string value, [bool selected = false], [ChartForgeX.Primitives.ChartColor? color = null])","public ChartForgeX.VisualBlocks.DateStripBlock ChartForgeX.VisualBlocks.DateStripBlock.AddItem(string label, string value, [bool selected = false], [ChartForgeX.Primitives.ChartColor? color = null])","assembly-move","ChartForgeX.Visuals"
"9cd02a52af97426eab4bf64b9775ce93057e5986","de8ab2a75330edc93f7c3b529463a05c5d2c1b7e","M:ChartForgeX.VisualBlocks.DateStripBlock.Create","ChartForgeX","ChartForgeX.Visuals","public static ChartForgeX.VisualBlocks.DateStripBlock ChartForgeX.VisualBlocks.DateStripBlock.Create()","public static ChartForgeX.VisualBlocks.DateStripBlock ChartForgeX.VisualBlocks.DateStripBlock.Create()","assembly-move","ChartForgeX.Visuals"
"9cd02a52af97426eab4bf64b9775ce93057e5986","de8ab2a75330edc93f7c3b529463a05c5d2c1b7e","M:ChartForgeX.VisualBlocks.DateStripBlock.WithHeader(System.String)","ChartForgeX","ChartForgeX.Visuals","public ChartForgeX.VisualBlocks.DateStripBlock ChartForgeX.VisualBlocks.DateStripBlock.WithHeader(string header)","public ChartForgeX.VisualBlocks.DateStripBlock ChartForgeX.VisualBlocks.DateStripBlock.WithHeader(string header)","assembly-move","ChartForgeX.Visuals"
"9cd02a52af97426eab4bf64b9775ce93057e5986","de8ab2a75330edc93f7c3b529463a05c5d2c1b7e","M:ChartForgeX.VisualBlocks.DateStripBlock.WithNavigation(System.Boolean)","ChartForgeX","","public ChartForgeX.VisualBlocks.DateStripBlock ChartForgeX.VisualBlocks.DateStripBlock.WithNavigation([bool enabled = true])","","removed-or-replaced","removed-static-chrome"
"9cd02a52af97426eab4bf64b9775ce93057e5986","de8ab2a75330edc93f7c3b529463a05c5d2c1b7e","M:ChartForgeX.VisualBlocks.DateStripBlock.WithNavigationSymbols(System.String,System.String)","ChartForgeX","","public ChartForgeX.VisualBlocks.DateStripBlock ChartForgeX.VisualBlocks.DateStripBlock.WithNavigationSymbols(string previous, string next)","","removed-or-replaced","removed-static-chrome"
"9cd02a52af97426eab4bf64b9775ce93057e5986","de8ab2a75330edc93f7c3b529463a05c5d2c1b7e","M:ChartForgeX.VisualBlocks.DateStripItem.#ctor(System.String,System.String)","ChartForgeX","ChartForgeX.Visuals","public ChartForgeX.VisualBlocks.DateStripItem.DateStripItem(string label, string value)","public ChartForgeX.VisualBlocks.DateStripItem.DateStripItem(string label, string value)","assembly-move","ChartForgeX.Visuals"
"9cd02a52af97426eab4bf64b9775ce93057e5986","de8ab2a75330edc93f7c3b529463a05c5d2c1b7e","M:ChartForgeX.VisualBlocks.EntityStripBlock.#ctor","ChartForgeX","ChartForgeX.Visuals","public ChartForgeX.VisualBlocks.EntityStripBlock.EntityStripBlock()","public ChartForgeX.VisualBlocks.EntityStripBlock.EntityStripBlock()","assembly-move","ChartForgeX.Visuals"
"9cd02a52af97426eab4bf64b9775ce93057e5986","de8ab2a75330edc93f7c3b529463a05c5d2c1b7e","M:ChartForgeX.VisualBlocks.EntityStripBlock.AddItem(System.String,System.String,System.Nullable{ChartForgeX.Primitives.ChartColor},ChartForgeX.VisualBlocks.VisualStatus)","ChartForgeX","ChartForgeX.Visuals","public ChartForgeX.VisualBlocks.EntityStripBlock ChartForgeX.VisualBlocks.EntityStripBlock.AddItem(string label, [string? avatarText = null], [ChartForgeX.Primitives.ChartColor? color = null], [ChartForgeX.VisualBlocks.VisualStatus status = ChartForgeX.VisualBlocks.VisualStatus.None])","public ChartForgeX.VisualBlocks.EntityStripBlock ChartForgeX.VisualBlocks.EntityStripBlock.AddItem(string label, [string? avatarText = null], [ChartForgeX.Primitives.ChartColor? color = null], [ChartForgeX.VisualBlocks.VisualStatus status = ChartForgeX.VisualBlocks.VisualStatus.None])","assembly-move","ChartForgeX.Visuals"
"9cd02a52af97426eab4bf64b9775ce93057e5986","de8ab2a75330edc93f7c3b529463a05c5d2c1b7e","M:ChartForgeX.VisualBlocks.EntityStripBlock.Create","ChartForgeX","ChartForgeX.Visuals","public static ChartForgeX.VisualBlocks.EntityStripBlock ChartForgeX.VisualBlocks.EntityStripBlock.Create()","public static ChartForgeX.VisualBlocks.EntityStripBlock ChartForgeX.VisualBlocks.EntityStripBlock.Create()","assembly-move","ChartForgeX.Visuals"
"9cd02a52af97426eab4bf64b9775ce93057e5986","de8ab2a75330edc93f7c3b529463a05c5d2c1b7e","M:ChartForgeX.VisualBlocks.EntityStripBlock.WithAction(System.String,System.String,System.String)","ChartForgeX","","public ChartForgeX.VisualBlocks.EntityStripBlock ChartForgeX.VisualBlocks.EntityStripBlock.WithAction(string label, [string? symbol = null], [string? url = null])","","removed-or-replaced","removed-static-chrome"
"9cd02a52af97426eab4bf64b9775ce93057e5986","de8ab2a75330edc93f7c3b529463a05c5d2c1b7e","M:ChartForgeX.VisualBlocks.EntityStripItem.#ctor(System.String,System.String)","ChartForgeX","ChartForgeX.Visuals","public ChartForgeX.VisualBlocks.EntityStripItem.EntityStripItem(string label, [string? avatarText = null])","public ChartForgeX.VisualBlocks.EntityStripItem.EntityStripItem(string label, [string? avatarText = null])","assembly-move","ChartForgeX.Visuals"
"9cd02a52af97426eab4bf64b9775ce93057e5986","de8ab2a75330edc93f7c3b529463a05c5d2c1b7e","M:ChartForgeX.VisualBlocks.HeatmapInsightCard.#ctor","ChartForgeX","ChartForgeX.Visuals","public ChartForgeX.VisualBlocks.HeatmapInsightCard.HeatmapInsightCard()","public ChartForgeX.VisualBlocks.HeatmapInsightCard.HeatmapInsightCard()","assembly-move","ChartForgeX.Visuals"
"9cd02a52af97426eab4bf64b9775ce93057e5986","de8ab2a75330edc93f7c3b529463a05c5d2c1b7e","M:ChartForgeX.VisualBlocks.HeatmapInsightCard.AddInsight(System.String,System.String)","ChartForgeX","ChartForgeX.Visuals","public ChartForgeX.VisualBlocks.HeatmapInsightCard ChartForgeX.VisualBlocks.HeatmapInsightCard.AddInsight(string label, string detail)","public ChartForgeX.VisualBlocks.HeatmapInsightCard ChartForgeX.VisualBlocks.HeatmapInsightCard.AddInsight(string label, string detail)","assembly-move","ChartForgeX.Visuals"
"9cd02a52af97426eab4bf64b9775ce93057e5986","de8ab2a75330edc93f7c3b529463a05c5d2c1b7e","M:ChartForgeX.VisualBlocks.HeatmapInsightCard.AddRow(System.String,System.Double[])","ChartForgeX","ChartForgeX.Visuals","public ChartForgeX.VisualBlocks.HeatmapInsightCard ChartForgeX.VisualBlocks.HeatmapInsightCard.AddRow(string label, params double[] values)","public ChartForgeX.VisualBlocks.HeatmapInsightCard ChartForgeX.VisualBlocks.HeatmapInsightCard.AddRow(string label, params double[] values)","assembly-move","ChartForgeX.Visuals"
"9cd02a52af97426eab4bf64b9775ce93057e5986","de8ab2a75330edc93f7c3b529463a05c5d2c1b7e","M:ChartForgeX.VisualBlocks.HeatmapInsightCard.Create","ChartForgeX","ChartForgeX.Visuals","public static ChartForgeX.VisualBlocks.HeatmapInsightCard ChartForgeX.VisualBlocks.HeatmapInsightCard.Create()","public static ChartForgeX.VisualBlocks.HeatmapInsightCard ChartForgeX.VisualBlocks.HeatmapInsightCard.Create()","assembly-move","ChartForgeX.Visuals"
"9cd02a52af97426eab4bf64b9775ce93057e5986","de8ab2a75330edc93f7c3b529463a05c5d2c1b7e","M:ChartForgeX.VisualBlocks.HeatmapInsightCard.WithColorKey(System.Double,System.Double,System.Nullable{ChartForgeX.Primitives.ChartColor},System.Nullable{ChartForgeX.Primitives.ChartColor},System.String)","ChartForgeX","ChartForgeX.Visuals","public ChartForgeX.VisualBlocks.HeatmapInsightCard ChartForgeX.VisualBlocks.HeatmapInsightCard.WithColorKey(double minimum, double maximum, [ChartForgeX.Primitives.ChartColor? lowColor = null], [ChartForgeX.Primitives.ChartColor? highColor = null], [string? label = null])","public ChartForgeX.VisualBlocks.HeatmapInsightCard ChartForgeX.VisualBlocks.HeatmapInsightCard.WithColorKey(double minimum, double maximum, [ChartForgeX.Primitives.ChartColor? lowColor = null], [ChartForgeX.Primitives.ChartColor? highColor = null], [string? label = null])","assembly-move","ChartForgeX.Visuals"
"9cd02a52af97426eab4bf64b9775ce93057e5986","de8ab2a75330edc93f7c3b529463a05c5d2c1b7e","M:ChartForgeX.VisualBlocks.HeatmapInsightCard.WithColumns(System.String[])","ChartForgeX","ChartForgeX.Visuals","public ChartForgeX.VisualBlocks.HeatmapInsightCard ChartForgeX.VisualBlocks.HeatmapInsightCard.WithColumns(params string[] columns)","public ChartForgeX.VisualBlocks.HeatmapInsightCard ChartForgeX.VisualBlocks.HeatmapInsightCard.WithColumns(params string[] columns)","assembly-move","ChartForgeX.Visuals"
"9cd02a52af97426eab4bf64b9775ce93057e5986","de8ab2a75330edc93f7c3b529463a05c5d2c1b7e","M:ChartForgeX.VisualBlocks.HeatmapInsightCard.WithControls(System.String,System.String,System.String)","ChartForgeX","","public ChartForgeX.VisualBlocks.HeatmapInsightCard ChartForgeX.VisualBlocks.HeatmapInsightCard.WithControls(string? left, string? selected, string? period)","","removed-or-replaced","removed-static-chrome"
"9cd02a52af97426eab4bf64b9775ce93057e5986","de8ab2a75330edc93f7c3b529463a05c5d2c1b7e","M:ChartForgeX.VisualBlocks.HeatmapInsightCard.WithInsightTitle(System.String)","ChartForgeX","ChartForgeX.Visuals","public ChartForgeX.VisualBlocks.HeatmapInsightCard ChartForgeX.VisualBlocks.HeatmapInsightCard.WithInsightTitle(string title)","public ChartForgeX.VisualBlocks.HeatmapInsightCard ChartForgeX.VisualBlocks.HeatmapInsightCard.WithInsightTitle(string title)","assembly-move","ChartForgeX.Visuals"
"9cd02a52af97426eab4bf64b9775ce93057e5986","de8ab2a75330edc93f7c3b529463a05c5d2c1b7e","M:ChartForgeX.VisualBlocks.HeatmapInsightItem.#ctor(System.String,System.String)","ChartForgeX","ChartForgeX.Visuals","public ChartForgeX.VisualBlocks.HeatmapInsightItem.HeatmapInsightItem(string label, string detail)","public ChartForgeX.VisualBlocks.HeatmapInsightItem.HeatmapInsightItem(string label, string detail)","assembly-move","ChartForgeX.Visuals"
"9cd02a52af97426eab4bf64b9775ce93057e5986","de8ab2a75330edc93f7c3b529463a05c5d2c1b7e","M:ChartForgeX.VisualBlocks.HeatmapInsightRow.#ctor(System.String,System.Collections.Generic.IEnumerable{System.Double})","ChartForgeX","ChartForgeX.Visuals","public ChartForgeX.VisualBlocks.HeatmapInsightRow.HeatmapInsightRow(string label, System.Collections.Generic.IEnumerable<double> values)","public ChartForgeX.VisualBlocks.HeatmapInsightRow.HeatmapInsightRow(string label, System.Collections.Generic.IEnumerable<double> values)","assembly-move","ChartForgeX.Visuals"
"9cd02a52af97426eab4bf64b9775ce93057e5986","de8ab2a75330edc93f7c3b529463a05c5d2c1b7e","M:ChartForgeX.VisualBlocks.HtmlVisualGridRenderer.#ctor","ChartForgeX","ChartForgeX.Visuals","public ChartForgeX.VisualBlocks.HtmlVisualGridRenderer.HtmlVisualGridRenderer()","public ChartForgeX.VisualBlocks.HtmlVisualGridRenderer.HtmlVisualGridRenderer()","assembly-move","ChartForgeX.Visuals"
"9cd02a52af97426eab4bf64b9775ce93057e5986","de8ab2a75330edc93f7c3b529463a05c5d2c1b7e","M:ChartForgeX.VisualBlocks.HtmlVisualGridRenderer.RenderFragment(ChartForgeX.VisualBlocks.VisualGrid)","ChartForgeX","ChartForgeX.Visuals","public string ChartForgeX.VisualBlocks.HtmlVisualGridRenderer.RenderFragment(ChartForgeX.VisualBlocks.VisualGrid grid)","public string ChartForgeX.VisualBlocks.HtmlVisualGridRenderer.RenderFragment(ChartForgeX.VisualBlocks.VisualGrid grid)","assembly-move","ChartForgeX.Visuals"
"9cd02a52af97426eab4bf64b9775ce93057e5986","de8ab2a75330edc93f7c3b529463a05c5d2c1b7e","M:ChartForgeX.VisualBlocks.HtmlVisualGridRenderer.RenderFragment(ChartForgeX.VisualBlocks.VisualGrid,System.String)","ChartForgeX","ChartForgeX.Visuals","public string ChartForgeX.VisualBlocks.HtmlVisualGridRenderer.RenderFragment(ChartForgeX.VisualBlocks.VisualGrid grid, string idScope)","public string ChartForgeX.VisualBlocks.HtmlVisualGridRenderer.RenderFragment(ChartForgeX.VisualBlocks.VisualGrid grid, string idScope)","assembly-move","ChartForgeX.Visuals"
"9cd02a52af97426eab4bf64b9775ce93057e5986","de8ab2a75330edc93f7c3b529463a05c5d2c1b7e","M:ChartForgeX.VisualBlocks.HtmlVisualGridRenderer.RenderPage(ChartForgeX.VisualBlocks.VisualGrid)","ChartForgeX","ChartForgeX.Visuals","public string ChartForgeX.VisualBlocks.HtmlVisualGridRenderer.RenderPage(ChartForgeX.VisualBlocks.VisualGrid grid)","public string ChartForgeX.VisualBlocks.HtmlVisualGridRenderer.RenderPage(ChartForgeX.VisualBlocks.VisualGrid grid)","assembly-move","ChartForgeX.Visuals"
"9cd02a52af97426eab4bf64b9775ce93057e5986","de8ab2a75330edc93f7c3b529463a05c5d2c1b7e","M:ChartForgeX.VisualBlocks.MetricCard.#ctor","ChartForgeX","ChartForgeX.Visuals","public ChartForgeX.VisualBlocks.MetricCard.MetricCard()","public ChartForgeX.VisualBlocks.MetricCard.MetricCard()","assembly-move","ChartForgeX.Visuals"
"9cd02a52af97426eab4bf64b9775ce93057e5986","de8ab2a75330edc93f7c3b529463a05c5d2c1b7e","M:ChartForgeX.VisualBlocks.MetricCard.AddDetail(System.String,System.Object,ChartForgeX.VisualBlocks.VisualStatus,System.String)","ChartForgeX","ChartForgeX.Visuals","public ChartForgeX.VisualBlocks.MetricCard ChartForgeX.VisualBlocks.MetricCard.AddDetail(string label, object? value, [ChartForgeX.VisualBlocks.VisualStatus status = ChartForgeX.VisualBlocks.VisualStatus.Neutral], [string? format = null])","public ChartForgeX.VisualBlocks.MetricCard ChartForgeX.VisualBlocks.MetricCard.AddDetail(string label, object? value, [ChartForgeX.VisualBlocks.VisualStatus status = ChartForgeX.VisualBlocks.VisualStatus.Neutral], [string? format = null])","assembly-move","ChartForgeX.Visuals"
"9cd02a52af97426eab4bf64b9775ce93057e5986","de8ab2a75330edc93f7c3b529463a05c5d2c1b7e","M:ChartForgeX.VisualBlocks.MetricCard.Create","ChartForgeX","ChartForgeX.Visuals","public static ChartForgeX.VisualBlocks.MetricCard ChartForgeX.VisualBlocks.MetricCard.Create()","public static ChartForgeX.VisualBlocks.MetricCard ChartForgeX.VisualBlocks.MetricCard.Create()","assembly-move","ChartForgeX.Visuals"
"9cd02a52af97426eab4bf64b9775ce93057e5986","de8ab2a75330edc93f7c3b529463a05c5d2c1b7e","M:ChartForgeX.VisualBlocks.MetricCard.WithAction(System.String,System.String,System.String)","ChartForgeX","","public ChartForgeX.VisualBlocks.MetricCard ChartForgeX.VisualBlocks.MetricCard.WithAction(string label, [string? symbol = null], [string? url = null])","","removed-or-replaced","removed-static-chrome"
"9cd02a52af97426eab4bf64b9775ce93057e5986","de8ab2a75330edc93f7c3b529463a05c5d2c1b7e","M:ChartForgeX.VisualBlocks.MetricCard.WithBadgePlacement(ChartForgeX.VisualBlocks.MetricCardBadgePlacement)","ChartForgeX","ChartForgeX.Visuals","public ChartForgeX.VisualBlocks.MetricCard ChartForgeX.VisualBlocks.MetricCard.WithBadgePlacement(ChartForgeX.VisualBlocks.MetricCardBadgePlacement placement)","public ChartForgeX.VisualBlocks.MetricCard ChartForgeX.VisualBlocks.MetricCard.WithBadgePlacement(ChartForgeX.VisualBlocks.MetricCardBadgePlacement placement)","assembly-move","ChartForgeX.Visuals"
"9cd02a52af97426eab4bf64b9775ce93057e5986","de8ab2a75330edc93f7c3b529463a05c5d2c1b7e","M:ChartForgeX.VisualBlocks.MetricCard.WithCaption(System.String)","ChartForgeX","ChartForgeX.Visuals","public ChartForgeX.VisualBlocks.MetricCard ChartForgeX.VisualBlocks.MetricCard.WithCaption(string caption)","public ChartForgeX.VisualBlocks.MetricCard ChartForgeX.VisualBlocks.MetricCard.WithCaption(string caption)","assembly-move","ChartForgeX.Visuals"
"9cd02a52af97426eab4bf64b9775ce93057e5986","de8ab2a75330edc93f7c3b529463a05c5d2c1b7e","M:ChartForgeX.VisualBlocks.MetricCard.WithIcon(ChartForgeX.VisualBlocks.VisualIcon)","ChartForgeX","ChartForgeX.Visuals","public ChartForgeX.VisualBlocks.MetricCard ChartForgeX.VisualBlocks.MetricCard.WithIcon(ChartForgeX.VisualBlocks.VisualIcon icon)","public ChartForgeX.VisualBlocks.MetricCard ChartForgeX.VisualBlocks.MetricCard.WithIcon(ChartForgeX.VisualBlocks.VisualIcon icon)","assembly-move","ChartForgeX.Visuals"
"9cd02a52af97426eab4bf64b9775ce93057e5986","de8ab2a75330edc93f7c3b529463a05c5d2c1b7e","M:ChartForgeX.VisualBlocks.MetricCard.WithMetric(System.String,System.Double,ChartForgeX.Core.ChartValueFormat,System.String)","ChartForgeX","ChartForgeX.Visuals","public ChartForgeX.VisualBlocks.MetricCard ChartForgeX.VisualBlocks.MetricCard.WithMetric(string label, double value, ChartForgeX.Core.ChartValueFormat format, [string? unit = null])","public ChartForgeX.VisualBlocks.MetricCard ChartForgeX.VisualBlocks.MetricCard.WithMetric(string label, double value, ChartForgeX.Core.ChartValueFormat format, [string? unit = null])","assembly-move","ChartForgeX.Visuals"
"9cd02a52af97426eab4bf64b9775ce93057e5986","de8ab2a75330edc93f7c3b529463a05c5d2c1b7e","M:ChartForgeX.VisualBlocks.MetricCard.WithMetric(System.String,System.Object,System.String,System.String)","ChartForgeX","ChartForgeX.Visuals","public ChartForgeX.VisualBlocks.MetricCard ChartForgeX.VisualBlocks.MetricCard.WithMetric(string label, object? value, [string? format = null], [string? unit = null])","public ChartForgeX.VisualBlocks.MetricCard ChartForgeX.VisualBlocks.MetricCard.WithMetric(string label, object? value, [string? format = null], [string? unit = null])","assembly-move","ChartForgeX.Visuals"
"9cd02a52af97426eab4bf64b9775ce93057e5986","de8ab2a75330edc93f7c3b529463a05c5d2c1b7e","M:ChartForgeX.VisualBlocks.MetricCard.WithMicroVisualPlacement(ChartForgeX.VisualBlocks.MetricCardMicroVisualPlacement)","ChartForgeX","ChartForgeX.Visuals","public ChartForgeX.VisualBlocks.MetricCard ChartForgeX.VisualBlocks.MetricCard.WithMicroVisualPlacement(ChartForgeX.VisualBlocks.MetricCardMicroVisualPlacement placement)","public ChartForgeX.VisualBlocks.MetricCard ChartForgeX.VisualBlocks.MetricCard.WithMicroVisualPlacement(ChartForgeX.VisualBlocks.MetricCardMicroVisualPlacement placement)","assembly-move","ChartForgeX.Visuals"
"9cd02a52af97426eab4bf64b9775ce93057e5986","de8ab2a75330edc93f7c3b529463a05c5d2c1b7e","M:ChartForgeX.VisualBlocks.MetricCard.WithMicroVisualSurface(ChartForgeX.VisualBlocks.MetricCardMicroVisualSurface)","ChartForgeX","ChartForgeX.Visuals","public ChartForgeX.VisualBlocks.MetricCard ChartForgeX.VisualBlocks.MetricCard.WithMicroVisualSurface(ChartForgeX.VisualBlocks.MetricCardMicroVisualSurface surface)","public ChartForgeX.VisualBlocks.MetricCard ChartForgeX.VisualBlocks.MetricCard.WithMicroVisualSurface(ChartForgeX.VisualBlocks.MetricCardMicroVisualSurface surface)","assembly-move","ChartForgeX.Visuals"
"9cd02a52af97426eab4bf64b9775ce93057e5986","de8ab2a75330edc93f7c3b529463a05c5d2c1b7e","M:ChartForgeX.VisualBlocks.MetricCard.WithMiniBars(System.Collections.Generic.IEnumerable{System.Double},System.Nullable{System.Double},System.Nullable{System.Double},System.Nullable{ChartForgeX.Primitives.ChartColor},System.Nullable{ChartForgeX.Primitives.ChartColor},System.Nullable{System.Int32})","ChartForgeX","ChartForgeX.Visuals","public ChartForgeX.VisualBlocks.MetricCard ChartForgeX.VisualBlocks.MetricCard.WithMiniBars(System.Collections.Generic.IEnumerable<double> values, [double? minimum = null], [double? maximum = null], [ChartForgeX.Primitives.ChartColor? color = null], [ChartForgeX.Primitives.ChartColor? mutedColor = null], [int? highlightIndex = null])","public ChartForgeX.VisualBlocks.MetricCard ChartForgeX.VisualBlocks.MetricCard.WithMiniBars(System.Collections.Generic.IEnumerable<double> values, [double? minimum = null], [double? maximum = null], [ChartForgeX.Primitives.ChartColor? color = null], [ChartForgeX.Primitives.ChartColor? mutedColor = null], [int? highlightIndex = null])","assembly-move","ChartForgeX.Visuals"
"9cd02a52af97426eab4bf64b9775ce93057e5986","de8ab2a75330edc93f7c3b529463a05c5d2c1b7e","M:ChartForgeX.VisualBlocks.MetricCard.WithMiniSparkline(System.Collections.Generic.IEnumerable{System.Double},System.Nullable{System.Double},System.Nullable{System.Double},System.Nullable{ChartForgeX.Primitives.ChartColor},System.Nullable{ChartForgeX.Primitives.ChartColor})","ChartForgeX","ChartForgeX.Visuals","public ChartForgeX.VisualBlocks.MetricCard ChartForgeX.VisualBlocks.MetricCard.WithMiniSparkline(System.Collections.Generic.IEnumerable<double> values, [double? minimum = null], [double? maximum = null], [ChartForgeX.Primitives.ChartColor? color = null], [ChartForgeX.Primitives.ChartColor? fillColor = null])","public ChartForgeX.VisualBlocks.MetricCard ChartForgeX.VisualBlocks.MetricCard.WithMiniSparkline(System.Collections.Generic.IEnumerable<double> values, [double? minimum = null], [double? maximum = null], [ChartForgeX.Primitives.ChartColor? color = null], [ChartForgeX.Primitives.ChartColor? fillColor = null])","assembly-move","ChartForgeX.Visuals"
"9cd02a52af97426eab4bf64b9775ce93057e5986","de8ab2a75330edc93f7c3b529463a05c5d2c1b7e","M:ChartForgeX.VisualBlocks.MetricCard.WithMiniSparklineStyle(ChartForgeX.VisualBlocks.MetricCardSparklineStyle)","ChartForgeX","ChartForgeX.Visuals","public ChartForgeX.VisualBlocks.MetricCard ChartForgeX.VisualBlocks.MetricCard.WithMiniSparklineStyle(ChartForgeX.VisualBlocks.MetricCardSparklineStyle style)","public ChartForgeX.VisualBlocks.MetricCard ChartForgeX.VisualBlocks.MetricCard.WithMiniSparklineStyle(ChartForgeX.VisualBlocks.MetricCardSparklineStyle style)","assembly-move","ChartForgeX.Visuals"
"9cd02a52af97426eab4bf64b9775ce93057e5986","de8ab2a75330edc93f7c3b529463a05c5d2c1b7e","M:ChartForgeX.VisualBlocks.MetricCard.WithSecondaryMiniSparkline(System.Collections.Generic.IEnumerable{System.Double},System.Nullable{ChartForgeX.Primitives.ChartColor})","ChartForgeX","ChartForgeX.Visuals","public ChartForgeX.VisualBlocks.MetricCard ChartForgeX.VisualBlocks.MetricCard.WithSecondaryMiniSparkline(System.Collections.Generic.IEnumerable<double> values, [ChartForgeX.Primitives.ChartColor? color = null])","public ChartForgeX.VisualBlocks.MetricCard ChartForgeX.VisualBlocks.MetricCard.WithSecondaryMiniSparkline(System.Collections.Generic.IEnumerable<double> values, [ChartForgeX.Primitives.ChartColor? color = null])","assembly-move","ChartForgeX.Visuals"
"9cd02a52af97426eab4bf64b9775ce93057e5986","de8ab2a75330edc93f7c3b529463a05c5d2c1b7e","M:ChartForgeX.VisualBlocks.MetricCard.WithSecondarySparkline(ChartForgeX.Core.SparklineData,System.Nullable{ChartForgeX.Primitives.ChartColor})","ChartForgeX","ChartForgeX.Visuals","public ChartForgeX.VisualBlocks.MetricCard ChartForgeX.VisualBlocks.MetricCard.WithSecondarySparkline(ChartForgeX.Core.SparklineData data, [ChartForgeX.Primitives.ChartColor? color = null])","public ChartForgeX.VisualBlocks.MetricCard ChartForgeX.VisualBlocks.MetricCard.WithSecondarySparkline(ChartForgeX.Core.SparklineData data, [ChartForgeX.Primitives.ChartColor? color = null])","assembly-move","ChartForgeX.Visuals"
"9cd02a52af97426eab4bf64b9775ce93057e5986","de8ab2a75330edc93f7c3b529463a05c5d2c1b7e","M:ChartForgeX.VisualBlocks.MetricCard.WithSparkline(ChartForgeX.Core.SparklineData,System.Nullable{ChartForgeX.Primitives.ChartColor},System.Nullable{ChartForgeX.Primitives.ChartColor})","ChartForgeX","ChartForgeX.Visuals","public ChartForgeX.VisualBlocks.MetricCard ChartForgeX.VisualBlocks.MetricCard.WithSparkline(ChartForgeX.Core.SparklineData data, [ChartForgeX.Primitives.ChartColor? color = null], [ChartForgeX.Primitives.ChartColor? fillColor = null])","public ChartForgeX.VisualBlocks.MetricCard ChartForgeX.VisualBlocks.MetricCard.WithSparkline(ChartForgeX.Core.SparklineData data, [ChartForgeX.Primitives.ChartColor? color = null], [ChartForgeX.Primitives.ChartColor? fillColor = null])","assembly-move","ChartForgeX.Visuals"
"9cd02a52af97426eab4bf64b9775ce93057e5986","de8ab2a75330edc93f7c3b529463a05c5d2c1b7e","M:ChartForgeX.VisualBlocks.MetricCard.WithStatus(ChartForgeX.VisualBlocks.VisualStatus)","ChartForgeX","ChartForgeX.Visuals","public ChartForgeX.VisualBlocks.MetricCard ChartForgeX.VisualBlocks.MetricCard.WithStatus(ChartForgeX.VisualBlocks.VisualStatus status)","public ChartForgeX.VisualBlocks.MetricCard ChartForgeX.VisualBlocks.MetricCard.WithStatus(ChartForgeX.VisualBlocks.VisualStatus status)","assembly-move","ChartForgeX.Visuals"
"9cd02a52af97426eab4bf64b9775ce93057e5986","de8ab2a75330edc93f7c3b529463a05c5d2c1b7e","M:ChartForgeX.VisualBlocks.MetricCard.WithSymbol(System.String)","ChartForgeX","ChartForgeX.Visuals","public ChartForgeX.VisualBlocks.MetricCard ChartForgeX.VisualBlocks.MetricCard.WithSymbol(string symbol)","public ChartForgeX.VisualBlocks.MetricCard ChartForgeX.VisualBlocks.MetricCard.WithSymbol(string symbol)","assembly-move","ChartForgeX.Visuals"
"9cd02a52af97426eab4bf64b9775ce93057e5986","de8ab2a75330edc93f7c3b529463a05c5d2c1b7e","M:ChartForgeX.VisualBlocks.MetricCard.WithTrend(System.String)","ChartForgeX","ChartForgeX.Visuals","public ChartForgeX.VisualBlocks.MetricCard ChartForgeX.VisualBlocks.MetricCard.WithTrend(string trend)","public ChartForgeX.VisualBlocks.MetricCard ChartForgeX.VisualBlocks.MetricCard.WithTrend(string trend)","assembly-move","ChartForgeX.Visuals"
"9cd02a52af97426eab4bf64b9775ce93057e5986","de8ab2a75330edc93f7c3b529463a05c5d2c1b7e","M:ChartForgeX.VisualBlocks.MetricCard.WithUnit(System.String)","ChartForgeX","ChartForgeX.Visuals","public ChartForgeX.VisualBlocks.MetricCard ChartForgeX.VisualBlocks.MetricCard.WithUnit(string unit)","public ChartForgeX.VisualBlocks.MetricCard ChartForgeX.VisualBlocks.MetricCard.WithUnit(string unit)","assembly-move","ChartForgeX.Visuals"
"9cd02a52af97426eab4bf64b9775ce93057e5986","de8ab2a75330edc93f7c3b529463a05c5d2c1b7e","M:ChartForgeX.VisualBlocks.MetricCard.WithoutAction","ChartForgeX","","public ChartForgeX.VisualBlocks.MetricCard ChartForgeX.VisualBlocks.MetricCard.WithoutAction()","","removed-or-replaced","removed-static-chrome"
"9cd02a52af97426eab4bf64b9775ce93057e5986","de8ab2a75330edc93f7c3b529463a05c5d2c1b7e","M:ChartForgeX.VisualBlocks.MetricCard.WithoutMiniBars","ChartForgeX","ChartForgeX.Visuals","public ChartForgeX.VisualBlocks.MetricCard ChartForgeX.VisualBlocks.MetricCard.WithoutMiniBars()","public ChartForgeX.VisualBlocks.MetricCard ChartForgeX.VisualBlocks.MetricCard.WithoutMiniBars()","assembly-move","ChartForgeX.Visuals"
"9cd02a52af97426eab4bf64b9775ce93057e5986","de8ab2a75330edc93f7c3b529463a05c5d2c1b7e","M:ChartForgeX.VisualBlocks.MetricCard.WithoutMiniSparkline","ChartForgeX","ChartForgeX.Visuals","public ChartForgeX.VisualBlocks.MetricCard ChartForgeX.VisualBlocks.MetricCard.WithoutMiniSparkline()","public ChartForgeX.VisualBlocks.MetricCard ChartForgeX.VisualBlocks.MetricCard.WithoutMiniSparkline()","assembly-move","ChartForgeX.Visuals"
"9cd02a52af97426eab4bf64b9775ce93057e5986","de8ab2a75330edc93f7c3b529463a05c5d2c1b7e","M:ChartForgeX.VisualBlocks.MetricCardBadgePlacement.#ctor","ChartForgeX","ChartForgeX.Visuals","public ChartForgeX.VisualBlocks.MetricCardBadgePlacement.MetricCardBadgePlacement()","public ChartForgeX.VisualBlocks.MetricCardBadgePlacement.MetricCardBadgePlacement()","assembly-move","ChartForgeX.Visuals"
"9cd02a52af97426eab4bf64b9775ce93057e5986","de8ab2a75330edc93f7c3b529463a05c5d2c1b7e","M:ChartForgeX.VisualBlocks.MetricCardDetail.#ctor(System.String,System.String,ChartForgeX.VisualBlocks.VisualStatus)","ChartForgeX","ChartForgeX.Visuals","public ChartForgeX.VisualBlocks.MetricCardDetail.MetricCardDetail(string label, string value, [ChartForgeX.VisualBlocks.VisualStatus status = ChartForgeX.VisualBlocks.VisualStatus.Neutral])","public ChartForgeX.VisualBlocks.MetricCardDetail.MetricCardDetail(string label, string value, [ChartForgeX.VisualBlocks.VisualStatus status = ChartForgeX.VisualBlocks.VisualStatus.Neutral])","assembly-move","ChartForgeX.Visuals"
"9cd02a52af97426eab4bf64b9775ce93057e5986","de8ab2a75330edc93f7c3b529463a05c5d2c1b7e","M:ChartForgeX.VisualBlocks.MetricCardMicroVisualPlacement.#ctor","ChartForgeX","ChartForgeX.Visuals","public ChartForgeX.VisualBlocks.MetricCardMicroVisualPlacement.MetricCardMicroVisualPlacement()","public ChartForgeX.VisualBlocks.MetricCardMicroVisualPlacement.MetricCardMicroVisualPlacement()","assembly-move","ChartForgeX.Visuals"
"9cd02a52af97426eab4bf64b9775ce93057e5986","de8ab2a75330edc93f7c3b529463a05c5d2c1b7e","M:ChartForgeX.VisualBlocks.MetricCardMicroVisualSurface.#ctor","ChartForgeX","ChartForgeX.Visuals","public ChartForgeX.VisualBlocks.MetricCardMicroVisualSurface.MetricCardMicroVisualSurface()","public ChartForgeX.VisualBlocks.MetricCardMicroVisualSurface.MetricCardMicroVisualSurface()","assembly-move","ChartForgeX.Visuals"
"9cd02a52af97426eab4bf64b9775ce93057e5986","de8ab2a75330edc93f7c3b529463a05c5d2c1b7e","M:ChartForgeX.VisualBlocks.MetricCardSparklineStyle.#ctor","ChartForgeX","ChartForgeX.Visuals","public ChartForgeX.VisualBlocks.MetricCardSparklineStyle.MetricCardSparklineStyle()","public ChartForgeX.VisualBlocks.MetricCardSparklineStyle.MetricCardSparklineStyle()","assembly-move","ChartForgeX.Visuals"
"9cd02a52af97426eab4bf64b9775ce93057e5986","de8ab2a75330edc93f7c3b529463a05c5d2c1b7e","M:ChartForgeX.VisualBlocks.PngVisualGridRenderer.#ctor","ChartForgeX","ChartForgeX.Visuals","public ChartForgeX.VisualBlocks.PngVisualGridRenderer.PngVisualGridRenderer()","public ChartForgeX.VisualBlocks.PngVisualGridRenderer.PngVisualGridRenderer()","assembly-move","ChartForgeX.Visuals"
"9cd02a52af97426eab4bf64b9775ce93057e5986","de8ab2a75330edc93f7c3b529463a05c5d2c1b7e","M:ChartForgeX.VisualBlocks.PngVisualGridRenderer.Render(ChartForgeX.VisualBlocks.VisualGrid)","ChartForgeX","ChartForgeX.Visuals","public byte[] ChartForgeX.VisualBlocks.PngVisualGridRenderer.Render(ChartForgeX.VisualBlocks.VisualGrid grid)","public byte[] ChartForgeX.VisualBlocks.PngVisualGridRenderer.Render(ChartForgeX.VisualBlocks.VisualGrid grid)","assembly-move","ChartForgeX.Visuals"
"9cd02a52af97426eab4bf64b9775ce93057e5986","de8ab2a75330edc93f7c3b529463a05c5d2c1b7e","M:ChartForgeX.VisualBlocks.RadialMetricCard.#ctor","ChartForgeX","ChartForgeX.Visuals","public ChartForgeX.VisualBlocks.RadialMetricCard.RadialMetricCard()","public ChartForgeX.VisualBlocks.RadialMetricCard.RadialMetricCard()","assembly-move","ChartForgeX.Visuals"
"9cd02a52af97426eab4bf64b9775ce93057e5986","de8ab2a75330edc93f7c3b529463a05c5d2c1b7e","M:ChartForgeX.VisualBlocks.RadialMetricCard.AddLayer(ChartForgeX.Core.ChartRadialLayer)","ChartForgeX","ChartForgeX.Visuals","public ChartForgeX.VisualBlocks.RadialMetricCard ChartForgeX.VisualBlocks.RadialMetricCard.AddLayer(ChartForgeX.Core.ChartRadialLayer layer)","public ChartForgeX.VisualBlocks.RadialMetricCard ChartForgeX.VisualBlocks.RadialMetricCard.AddLayer(ChartForgeX.Core.ChartRadialLayer layer)","assembly-move","ChartForgeX.Visuals"
"9cd02a52af97426eab4bf64b9775ce93057e5986","de8ab2a75330edc93f7c3b529463a05c5d2c1b7e","M:ChartForgeX.VisualBlocks.RadialMetricCard.AddLayer(System.String,System.Double,System.Double,System.Double,System.Nullable{ChartForgeX.Primitives.ChartColor},System.Func{ChartForgeX.Core.ChartRadialLayer,ChartForgeX.Core.ChartRadialLayer})","ChartForgeX","ChartForgeX.Visuals","public ChartForgeX.VisualBlocks.RadialMetricCard ChartForgeX.VisualBlocks.RadialMetricCard.AddLayer(string name, double value, [double minimum = 0], [double maximum = 100], [ChartForgeX.Primitives.ChartColor? color = null], [System.Func<ChartForgeX.Core.ChartRadialLayer, ChartForgeX.Core.ChartRadialLayer>? configure = null])","public ChartForgeX.VisualBlocks.RadialMetricCard ChartForgeX.VisualBlocks.RadialMetricCard.AddLayer(string name, double value, [double minimum = 0], [double maximum = 100], [ChartForgeX.Primitives.ChartColor? color = null], [System.Func<ChartForgeX.Core.ChartRadialLayer, ChartForgeX.Core.ChartRadialLayer>? configure = null])","assembly-move","ChartForgeX.Visuals"
"9cd02a52af97426eab4bf64b9775ce93057e5986","de8ab2a75330edc93f7c3b529463a05c5d2c1b7e","M:ChartForgeX.VisualBlocks.RadialMetricCard.Create","ChartForgeX","ChartForgeX.Visuals","public static ChartForgeX.VisualBlocks.RadialMetricCard ChartForgeX.VisualBlocks.RadialMetricCard.Create()","public static ChartForgeX.VisualBlocks.RadialMetricCard ChartForgeX.VisualBlocks.RadialMetricCard.Create()","assembly-move","ChartForgeX.Visuals"
"9cd02a52af97426eab4bf64b9775ce93057e5986","de8ab2a75330edc93f7c3b529463a05c5d2c1b7e","M:ChartForgeX.VisualBlocks.RadialMetricCard.WithIcon(ChartForgeX.VisualBlocks.VisualIcon)","ChartForgeX","ChartForgeX.Visuals","public ChartForgeX.VisualBlocks.RadialMetricCard ChartForgeX.VisualBlocks.RadialMetricCard.WithIcon(ChartForgeX.VisualBlocks.VisualIcon icon)","public ChartForgeX.VisualBlocks.RadialMetricCard ChartForgeX.VisualBlocks.RadialMetricCard.WithIcon(ChartForgeX.VisualBlocks.VisualIcon icon)","assembly-move","ChartForgeX.Visuals"
"9cd02a52af97426eab4bf64b9775ce93057e5986","de8ab2a75330edc93f7c3b529463a05c5d2c1b7e","M:ChartForgeX.VisualBlocks.RadialMetricCard.WithLayers(System.Collections.Generic.IEnumerable{ChartForgeX.Core.ChartRadialLayer})","ChartForgeX","ChartForgeX.Visuals","public ChartForgeX.VisualBlocks.RadialMetricCard ChartForgeX.VisualBlocks.RadialMetricCard.WithLayers(System.Collections.Generic.IEnumerable<ChartForgeX.Core.ChartRadialLayer> layers)","public ChartForgeX.VisualBlocks.RadialMetricCard ChartForgeX.VisualBlocks.RadialMetricCard.WithLayers(System.Collections.Generic.IEnumerable<ChartForgeX.Core.ChartRadialLayer> layers)","assembly-move","ChartForgeX.Visuals"
"9cd02a52af97426eab4bf64b9775ce93057e5986","de8ab2a75330edc93f7c3b529463a05c5d2c1b7e","M:ChartForgeX.VisualBlocks.RadialMetricCard.WithLayers(System.Func{ChartForgeX.Core.ChartRadialLayers,ChartForgeX.Core.ChartRadialLayers})","ChartForgeX","ChartForgeX.Visuals","public ChartForgeX.VisualBlocks.RadialMetricCard ChartForgeX.VisualBlocks.RadialMetricCard.WithLayers(System.Func<ChartForgeX.Core.ChartRadialLayers, ChartForgeX.Core.ChartRadialLayers> configure)","public ChartForgeX.VisualBlocks.RadialMetricCard ChartForgeX.VisualBlocks.RadialMetricCard.WithLayers(System.Func<ChartForgeX.Core.ChartRadialLayers, ChartForgeX.Core.ChartRadialLayers> configure)","assembly-move","ChartForgeX.Visuals"
"9cd02a52af97426eab4bf64b9775ce93057e5986","de8ab2a75330edc93f7c3b529463a05c5d2c1b7e","M:ChartForgeX.VisualBlocks.RadialMetricCard.WithMetric(System.String,System.Object,System.String)","ChartForgeX","ChartForgeX.Visuals","public ChartForgeX.VisualBlocks.RadialMetricCard ChartForgeX.VisualBlocks.RadialMetricCard.WithMetric(string label, object? value, [string? format = null])","public ChartForgeX.VisualBlocks.RadialMetricCard ChartForgeX.VisualBlocks.RadialMetricCard.WithMetric(string label, object? value, [string? format = null])","assembly-move","ChartForgeX.Visuals"
"9cd02a52af97426eab4bf64b9775ce93057e5986","de8ab2a75330edc93f7c3b529463a05c5d2c1b7e","M:ChartForgeX.VisualBlocks.ScheduleTimelineBlock.#ctor","ChartForgeX","ChartForgeX.Visuals","public ChartForgeX.VisualBlocks.ScheduleTimelineBlock.ScheduleTimelineBlock()","public ChartForgeX.VisualBlocks.ScheduleTimelineBlock.ScheduleTimelineBlock()","assembly-move","ChartForgeX.Visuals"
"9cd02a52af97426eab4bf64b9775ce93057e5986","de8ab2a75330edc93f7c3b529463a05c5d2c1b7e","M:ChartForgeX.VisualBlocks.ScheduleTimelineBlock.AddEvent(System.String,System.Double,System.Double,System.Int32,System.Nullable{ChartForgeX.Primitives.ChartColor},ChartForgeX.VisualBlocks.VisualStatus,System.String,System.String[])","ChartForgeX","ChartForgeX.Visuals","public ChartForgeX.VisualBlocks.ScheduleTimelineBlock ChartForgeX.VisualBlocks.ScheduleTimelineBlock.AddEvent(string title, double start, double end, [int lane = 0], [ChartForgeX.Primitives.ChartColor? color = null], [ChartForgeX.VisualBlocks.VisualStatus status = ChartForgeX.VisualBlocks.VisualStatus.Neutral], [string? badge = null], [string[]? avatars = null])","public ChartForgeX.VisualBlocks.ScheduleTimelineBlock ChartForgeX.VisualBlocks.ScheduleTimelineBlock.AddEvent(string title, double start, double end, [int lane = 0], [ChartForgeX.Primitives.ChartColor? color = null], [ChartForgeX.VisualBlocks.VisualStatus status = ChartForgeX.VisualBlocks.VisualStatus.Neutral], [string? badge = null], [string[]? avatars = null])","assembly-move","ChartForgeX.Visuals"
"9cd02a52af97426eab4bf64b9775ce93057e5986","de8ab2a75330edc93f7c3b529463a05c5d2c1b7e","M:ChartForgeX.VisualBlocks.ScheduleTimelineBlock.Create","ChartForgeX","ChartForgeX.Visuals","public static ChartForgeX.VisualBlocks.ScheduleTimelineBlock ChartForgeX.VisualBlocks.ScheduleTimelineBlock.Create()","public static ChartForgeX.VisualBlocks.ScheduleTimelineBlock ChartForgeX.VisualBlocks.ScheduleTimelineBlock.Create()","assembly-move","ChartForgeX.Visuals"
"9cd02a52af97426eab4bf64b9775ce93057e5986","de8ab2a75330edc93f7c3b529463a05c5d2c1b7e","M:ChartForgeX.VisualBlocks.ScheduleTimelineBlock.WithCurrentTime(System.Nullable{System.Double})","ChartForgeX","ChartForgeX.Visuals","public ChartForgeX.VisualBlocks.ScheduleTimelineBlock ChartForgeX.VisualBlocks.ScheduleTimelineBlock.WithCurrentTime(double? value)","public ChartForgeX.VisualBlocks.ScheduleTimelineBlock ChartForgeX.VisualBlocks.ScheduleTimelineBlock.WithCurrentTime(double? value)","assembly-move","ChartForgeX.Visuals"
"9cd02a52af97426eab4bf64b9775ce93057e5986","de8ab2a75330edc93f7c3b529463a05c5d2c1b7e","M:ChartForgeX.VisualBlocks.ScheduleTimelineBlock.WithGrid(System.Boolean)","ChartForgeX","ChartForgeX.Visuals","public ChartForgeX.VisualBlocks.ScheduleTimelineBlock ChartForgeX.VisualBlocks.ScheduleTimelineBlock.WithGrid([bool enabled = true])","public ChartForgeX.VisualBlocks.ScheduleTimelineBlock ChartForgeX.VisualBlocks.ScheduleTimelineBlock.WithGrid([bool enabled = true])","assembly-move","ChartForgeX.Visuals"
"9cd02a52af97426eab4bf64b9775ce93057e5986","de8ab2a75330edc93f7c3b529463a05c5d2c1b7e","M:ChartForgeX.VisualBlocks.ScheduleTimelineBlock.WithHeaderActions(System.String[])","ChartForgeX","","public ChartForgeX.VisualBlocks.ScheduleTimelineBlock ChartForgeX.VisualBlocks.ScheduleTimelineBlock.WithHeaderActions(params string[] actions)","","removed-or-replaced","removed-static-chrome"
"9cd02a52af97426eab4bf64b9775ce93057e5986","de8ab2a75330edc93f7c3b529463a05c5d2c1b7e","M:ChartForgeX.VisualBlocks.ScheduleTimelineBlock.WithTimeRange(System.Double,System.Double,System.Double)","ChartForgeX","ChartForgeX.Visuals","public ChartForgeX.VisualBlocks.ScheduleTimelineBlock ChartForgeX.VisualBlocks.ScheduleTimelineBlock.WithTimeRange(double start, double end, [double tickInterval = 1])","public ChartForgeX.VisualBlocks.ScheduleTimelineBlock ChartForgeX.VisualBlocks.ScheduleTimelineBlock.WithTimeRange(double start, double end, [double tickInterval = 1])","assembly-move","ChartForgeX.Visuals"
"9cd02a52af97426eab4bf64b9775ce93057e5986","de8ab2a75330edc93f7c3b529463a05c5d2c1b7e","M:ChartForgeX.VisualBlocks.ScheduleTimelineEvent.#ctor(System.String,System.Double,System.Double,System.Int32,System.Nullable{ChartForgeX.Primitives.ChartColor},ChartForgeX.VisualBlocks.VisualStatus,System.String,System.String[])","ChartForgeX","ChartForgeX.Visuals","public ChartForgeX.VisualBlocks.ScheduleTimelineEvent.ScheduleTimelineEvent(string title, double start, double end, [int lane = 0], [ChartForgeX.Primitives.ChartColor? color = null], [ChartForgeX.VisualBlocks.VisualStatus status = ChartForgeX.VisualBlocks.VisualStatus.Neutral], [string? badge = null], [string[]? avatars = null])","public ChartForgeX.VisualBlocks.ScheduleTimelineEvent.ScheduleTimelineEvent(string title, double start, double end, [int lane = 0], [ChartForgeX.Primitives.ChartColor? color = null], [ChartForgeX.VisualBlocks.VisualStatus status = ChartForgeX.VisualBlocks.VisualStatus.Neutral], [string? badge = null], [string[]? avatars = null])","assembly-move","ChartForgeX.Visuals"
"9cd02a52af97426eab4bf64b9775ce93057e5986","de8ab2a75330edc93f7c3b529463a05c5d2c1b7e","M:ChartForgeX.VisualBlocks.ScheduleTimelineEvent.AddAvatar(System.String)","ChartForgeX","ChartForgeX.Visuals","public ChartForgeX.VisualBlocks.ScheduleTimelineEvent ChartForgeX.VisualBlocks.ScheduleTimelineEvent.AddAvatar(string label)","public ChartForgeX.VisualBlocks.ScheduleTimelineEvent ChartForgeX.VisualBlocks.ScheduleTimelineEvent.AddAvatar(string label)","assembly-move","ChartForgeX.Visuals"
"9cd02a52af97426eab4bf64b9775ce93057e5986","de8ab2a75330edc93f7c3b529463a05c5d2c1b7e","M:ChartForgeX.VisualBlocks.SectionHeaderBlock.#ctor","ChartForgeX","ChartForgeX.Visuals","public ChartForgeX.VisualBlocks.SectionHeaderBlock.SectionHeaderBlock()","public ChartForgeX.VisualBlocks.SectionHeaderBlock.SectionHeaderBlock()","assembly-move","ChartForgeX.Visuals"
"9cd02a52af97426eab4bf64b9775ce93057e5986","de8ab2a75330edc93f7c3b529463a05c5d2c1b7e","M:ChartForgeX.VisualBlocks.SectionHeaderBlock.Create","ChartForgeX","ChartForgeX.Visuals","public static ChartForgeX.VisualBlocks.SectionHeaderBlock ChartForgeX.VisualBlocks.SectionHeaderBlock.Create()","public static ChartForgeX.VisualBlocks.SectionHeaderBlock ChartForgeX.VisualBlocks.SectionHeaderBlock.Create()","assembly-move","ChartForgeX.Visuals"
"9cd02a52af97426eab4bf64b9775ce93057e5986","de8ab2a75330edc93f7c3b529463a05c5d2c1b7e","M:ChartForgeX.VisualBlocks.SectionHeaderBlock.WithAction(System.String,System.String,System.String)","ChartForgeX","","public ChartForgeX.VisualBlocks.SectionHeaderBlock ChartForgeX.VisualBlocks.SectionHeaderBlock.WithAction(string label, [string? symbol = null], [string? url = null])","","removed-or-replaced","removed-static-chrome"
"9cd02a52af97426eab4bf64b9775ce93057e5986","de8ab2a75330edc93f7c3b529463a05c5d2c1b7e","M:ChartForgeX.VisualBlocks.SegmentedMetricBlock.#ctor","ChartForgeX","ChartForgeX.Visuals","public ChartForgeX.VisualBlocks.SegmentedMetricBlock.SegmentedMetricBlock()","public ChartForgeX.VisualBlocks.SegmentedMetricBlock.SegmentedMetricBlock()","assembly-move","ChartForgeX.Visuals"
"9cd02a52af97426eab4bf64b9775ce93057e5986","de8ab2a75330edc93f7c3b529463a05c5d2c1b7e","M:ChartForgeX.VisualBlocks.SegmentedMetricBlock.AddItem(ChartForgeX.VisualBlocks.SegmentedMetricItem)","ChartForgeX","ChartForgeX.Visuals","public ChartForgeX.VisualBlocks.SegmentedMetricBlock ChartForgeX.VisualBlocks.SegmentedMetricBlock.AddItem(ChartForgeX.VisualBlocks.SegmentedMetricItem item)","public ChartForgeX.VisualBlocks.SegmentedMetricBlock ChartForgeX.VisualBlocks.SegmentedMetricBlock.AddItem(ChartForgeX.VisualBlocks.SegmentedMetricItem item)","assembly-move","ChartForgeX.Visuals"
"9cd02a52af97426eab4bf64b9775ce93057e5986","de8ab2a75330edc93f7c3b529463a05c5d2c1b7e","M:ChartForgeX.VisualBlocks.SegmentedMetricBlock.AddItem(System.String,System.Double,System.Action{ChartForgeX.VisualBlocks.SegmentedMetricItem})","ChartForgeX","ChartForgeX.Visuals","public ChartForgeX.VisualBlocks.SegmentedMetricBlock ChartForgeX.VisualBlocks.SegmentedMetricBlock.AddItem(string label, double value, System.Action<ChartForgeX.VisualBlocks.SegmentedMetricItem> configure)","public ChartForgeX.VisualBlocks.SegmentedMetricBlock ChartForgeX.VisualBlocks.SegmentedMetricBlock.AddItem(string label, double value, System.Action<ChartForgeX.VisualBlocks.SegmentedMetricItem> configure)","assembly-move","ChartForgeX.Visuals"
"9cd02a52af97426eab4bf64b9775ce93057e5986","de8ab2a75330edc93f7c3b529463a05c5d2c1b7e","M:ChartForgeX.VisualBlocks.SegmentedMetricBlock.AddItem(System.String,System.Double,System.Double,System.Int32,System.Nullable{ChartForgeX.Primitives.ChartColor},ChartForgeX.VisualBlocks.VisualStatus,ChartForgeX.Core.ChartFillPattern,System.String,System.String,System.Object,System.String)","ChartForgeX","ChartForgeX.Visuals","public ChartForgeX.VisualBlocks.SegmentedMetricBlock ChartForgeX.VisualBlocks.SegmentedMetricBlock.AddItem(string label, double value, [double maximum = 100], [int segments = 40], [ChartForgeX.Primitives.ChartColor? color = null], [ChartForgeX.VisualBlocks.VisualStatus status = ChartForgeX.VisualBlocks.VisualStatus.None], [ChartForgeX.Core.ChartFillPattern pattern = ChartForgeX.Core.ChartFillPattern.None], [string? delta = null], [string? symbol = null], [object? displayValue = null], [string? displayFormat = null])","public ChartForgeX.VisualBlocks.SegmentedMetricBlock ChartForgeX.VisualBlocks.SegmentedMetricBlock.AddItem(string label, double value, [double maximum = 100], [int segments = 40], [ChartForgeX.Primitives.ChartColor? color = null], [ChartForgeX.VisualBlocks.VisualStatus status = ChartForgeX.VisualBlocks.VisualStatus.None], [ChartForgeX.Core.ChartFillPattern pattern = ChartForgeX.Core.ChartFillPattern.None], [string? delta = null], [string? symbol = null], [object? displayValue = null], [string? displayFormat = null])","assembly-move","ChartForgeX.Visuals"
"9cd02a52af97426eab4bf64b9775ce93057e5986","de8ab2a75330edc93f7c3b529463a05c5d2c1b7e","M:ChartForgeX.VisualBlocks.SegmentedMetricBlock.Create(ChartForgeX.VisualBlocks.SegmentedMetricStyle)","ChartForgeX","ChartForgeX.Visuals","public static ChartForgeX.VisualBlocks.SegmentedMetricBlock ChartForgeX.VisualBlocks.SegmentedMetricBlock.Create([ChartForgeX.VisualBlocks.SegmentedMetricStyle style = ChartForgeX.VisualBlocks.SegmentedMetricStyle.ProgressRows])","public static ChartForgeX.VisualBlocks.SegmentedMetricBlock ChartForgeX.VisualBlocks.SegmentedMetricBlock.Create([ChartForgeX.VisualBlocks.SegmentedMetricStyle style = ChartForgeX.VisualBlocks.SegmentedMetricStyle.ProgressRows])","assembly-move","ChartForgeX.Visuals"
"9cd02a52af97426eab4bf64b9775ce93057e5986","de8ab2a75330edc93f7c3b529463a05c5d2c1b7e","M:ChartForgeX.VisualBlocks.SegmentedMetricBlock.WithAction(System.String,System.String,System.String)","ChartForgeX","","public ChartForgeX.VisualBlocks.SegmentedMetricBlock ChartForgeX.VisualBlocks.SegmentedMetricBlock.WithAction(string label, [string? symbol = null], [string? url = null])","","removed-or-replaced","removed-static-chrome"
"9cd02a52af97426eab4bf64b9775ce93057e5986","de8ab2a75330edc93f7c3b529463a05c5d2c1b7e","M:ChartForgeX.VisualBlocks.SegmentedMetricBlock.WithActionStyle(System.Nullable{ChartForgeX.Primitives.ChartColor},System.Nullable{ChartForgeX.Primitives.ChartColor})","ChartForgeX","","public ChartForgeX.VisualBlocks.SegmentedMetricBlock ChartForgeX.VisualBlocks.SegmentedMetricBlock.WithActionStyle([ChartForgeX.Primitives.ChartColor? background = null], [ChartForgeX.Primitives.ChartColor? foreground = null])","","removed-or-replaced","removed-static-chrome"
"9cd02a52af97426eab4bf64b9775ce93057e5986","de8ab2a75330edc93f7c3b529463a05c5d2c1b7e","M:ChartForgeX.VisualBlocks.SegmentedMetricBlock.WithCaption(System.String)","ChartForgeX","ChartForgeX.Visuals","public ChartForgeX.VisualBlocks.SegmentedMetricBlock ChartForgeX.VisualBlocks.SegmentedMetricBlock.WithCaption(string caption)","public ChartForgeX.VisualBlocks.SegmentedMetricBlock ChartForgeX.VisualBlocks.SegmentedMetricBlock.WithCaption(string caption)","assembly-move","ChartForgeX.Visuals"
"9cd02a52af97426eab4bf64b9775ce93057e5986","de8ab2a75330edc93f7c3b529463a05c5d2c1b7e","M:ChartForgeX.VisualBlocks.SegmentedMetricBlock.WithHeaderSymbol(System.String)","ChartForgeX","ChartForgeX.Visuals","public ChartForgeX.VisualBlocks.SegmentedMetricBlock ChartForgeX.VisualBlocks.SegmentedMetricBlock.WithHeaderSymbol(string symbol)","public ChartForgeX.VisualBlocks.SegmentedMetricBlock ChartForgeX.VisualBlocks.SegmentedMetricBlock.WithHeaderSymbol(string symbol)","assembly-move","ChartForgeX.Visuals"
"9cd02a52af97426eab4bf64b9775ce93057e5986","de8ab2a75330edc93f7c3b529463a05c5d2c1b7e","M:ChartForgeX.VisualBlocks.SegmentedMetricBlock.WithMenu(System.Boolean)","ChartForgeX","","public ChartForgeX.VisualBlocks.SegmentedMetricBlock ChartForgeX.VisualBlocks.SegmentedMetricBlock.WithMenu([bool enabled = true])","","removed-or-replaced","removed-static-chrome"
"9cd02a52af97426eab4bf64b9775ce93057e5986","de8ab2a75330edc93f7c3b529463a05c5d2c1b7e","M:ChartForgeX.VisualBlocks.SegmentedMetricBlock.WithMetric(System.String,System.Object,System.String,System.String,System.String)","ChartForgeX","ChartForgeX.Visuals","public ChartForgeX.VisualBlocks.SegmentedMetricBlock ChartForgeX.VisualBlocks.SegmentedMetricBlock.WithMetric(string label, object? value, [string? unit = null], [string? caption = null], [string? format = null])","public ChartForgeX.VisualBlocks.SegmentedMetricBlock ChartForgeX.VisualBlocks.SegmentedMetricBlock.WithMetric(string label, object? value, [string? unit = null], [string? caption = null], [string? format = null])","assembly-move","ChartForgeX.Visuals"
"9cd02a52af97426eab4bf64b9775ce93057e5986","de8ab2a75330edc93f7c3b529463a05c5d2c1b7e","M:ChartForgeX.VisualBlocks.SegmentedMetricBlock.WithStyle(ChartForgeX.VisualBlocks.SegmentedMetricStyle)","ChartForgeX","ChartForgeX.Visuals","public ChartForgeX.VisualBlocks.SegmentedMetricBlock ChartForgeX.VisualBlocks.SegmentedMetricBlock.WithStyle(ChartForgeX.VisualBlocks.SegmentedMetricStyle style)","public ChartForgeX.VisualBlocks.SegmentedMetricBlock ChartForgeX.VisualBlocks.SegmentedMetricBlock.WithStyle(ChartForgeX.VisualBlocks.SegmentedMetricStyle style)","assembly-move","ChartForgeX.Visuals"
"9cd02a52af97426eab4bf64b9775ce93057e5986","de8ab2a75330edc93f7c3b529463a05c5d2c1b7e","M:ChartForgeX.VisualBlocks.SegmentedMetricItem.#ctor(System.String,System.Double)","ChartForgeX","ChartForgeX.Visuals","public ChartForgeX.VisualBlocks.SegmentedMetricItem.SegmentedMetricItem(string label, double value)","public ChartForgeX.VisualBlocks.SegmentedMetricItem.SegmentedMetricItem(string label, double value)","assembly-move","ChartForgeX.Visuals"
"9cd02a52af97426eab4bf64b9775ce93057e5986","de8ab2a75330edc93f7c3b529463a05c5d2c1b7e","M:ChartForgeX.VisualBlocks.SegmentedMetricItem.WithColor(System.Nullable{ChartForgeX.Primitives.ChartColor})","ChartForgeX","ChartForgeX.Visuals","public ChartForgeX.VisualBlocks.SegmentedMetricItem ChartForgeX.VisualBlocks.SegmentedMetricItem.WithColor(ChartForgeX.Primitives.ChartColor? color)","public ChartForgeX.VisualBlocks.SegmentedMetricItem ChartForgeX.VisualBlocks.SegmentedMetricItem.WithColor(ChartForgeX.Primitives.ChartColor? color)","assembly-move","ChartForgeX.Visuals"
"9cd02a52af97426eab4bf64b9775ce93057e5986","de8ab2a75330edc93f7c3b529463a05c5d2c1b7e","M:ChartForgeX.VisualBlocks.SegmentedMetricItem.WithDelta(System.String)","ChartForgeX","ChartForgeX.Visuals","public ChartForgeX.VisualBlocks.SegmentedMetricItem ChartForgeX.VisualBlocks.SegmentedMetricItem.WithDelta(string delta)","public ChartForgeX.VisualBlocks.SegmentedMetricItem ChartForgeX.VisualBlocks.SegmentedMetricItem.WithDelta(string delta)","assembly-move","ChartForgeX.Visuals"
"9cd02a52af97426eab4bf64b9775ce93057e5986","de8ab2a75330edc93f7c3b529463a05c5d2c1b7e","M:ChartForgeX.VisualBlocks.SegmentedMetricItem.WithDisplayValue(System.Object,System.String)","ChartForgeX","ChartForgeX.Visuals","public ChartForgeX.VisualBlocks.SegmentedMetricItem ChartForgeX.VisualBlocks.SegmentedMetricItem.WithDisplayValue(object? displayValue, [string? format = null])","public ChartForgeX.VisualBlocks.SegmentedMetricItem ChartForgeX.VisualBlocks.SegmentedMetricItem.WithDisplayValue(object? displayValue, [string? format = null])","assembly-move","ChartForgeX.Visuals"
"9cd02a52af97426eab4bf64b9775ce93057e5986","de8ab2a75330edc93f7c3b529463a05c5d2c1b7e","M:ChartForgeX.VisualBlocks.SegmentedMetricItem.WithPattern(ChartForgeX.Core.ChartFillPattern)","ChartForgeX","ChartForgeX.Visuals","public ChartForgeX.VisualBlocks.SegmentedMetricItem ChartForgeX.VisualBlocks.SegmentedMetricItem.WithPattern(ChartForgeX.Core.ChartFillPattern pattern)","public ChartForgeX.VisualBlocks.SegmentedMetricItem ChartForgeX.VisualBlocks.SegmentedMetricItem.WithPattern(ChartForgeX.Core.ChartFillPattern pattern)","assembly-move","ChartForgeX.Visuals"
"9cd02a52af97426eab4bf64b9775ce93057e5986","de8ab2a75330edc93f7c3b529463a05c5d2c1b7e","M:ChartForgeX.VisualBlocks.SegmentedMetricItem.WithProgress(System.Double,System.Int32)","ChartForgeX","ChartForgeX.Visuals","public ChartForgeX.VisualBlocks.SegmentedMetricItem ChartForgeX.VisualBlocks.SegmentedMetricItem.WithProgress(double maximum, int segments)","public ChartForgeX.VisualBlocks.SegmentedMetricItem ChartForgeX.VisualBlocks.SegmentedMetricItem.WithProgress(double maximum, int segments)","assembly-move","ChartForgeX.Visuals"
"9cd02a52af97426eab4bf64b9775ce93057e5986","de8ab2a75330edc93f7c3b529463a05c5d2c1b7e","M:ChartForgeX.VisualBlocks.SegmentedMetricItem.WithStatus(ChartForgeX.VisualBlocks.VisualStatus)","ChartForgeX","ChartForgeX.Visuals","public ChartForgeX.VisualBlocks.SegmentedMetricItem ChartForgeX.VisualBlocks.SegmentedMetricItem.WithStatus(ChartForgeX.VisualBlocks.VisualStatus status)","public ChartForgeX.VisualBlocks.SegmentedMetricItem ChartForgeX.VisualBlocks.SegmentedMetricItem.WithStatus(ChartForgeX.VisualBlocks.VisualStatus status)","assembly-move","ChartForgeX.Visuals"
"9cd02a52af97426eab4bf64b9775ce93057e5986","de8ab2a75330edc93f7c3b529463a05c5d2c1b7e","M:ChartForgeX.VisualBlocks.SegmentedMetricItem.WithSymbol(System.String)","ChartForgeX","ChartForgeX.Visuals","public ChartForgeX.VisualBlocks.SegmentedMetricItem ChartForgeX.VisualBlocks.SegmentedMetricItem.WithSymbol(string symbol)","public ChartForgeX.VisualBlocks.SegmentedMetricItem ChartForgeX.VisualBlocks.SegmentedMetricItem.WithSymbol(string symbol)","assembly-move","ChartForgeX.Visuals"
"9cd02a52af97426eab4bf64b9775ce93057e5986","de8ab2a75330edc93f7c3b529463a05c5d2c1b7e","M:ChartForgeX.VisualBlocks.SegmentedMetricStyle.#ctor","ChartForgeX","ChartForgeX.Visuals","public ChartForgeX.VisualBlocks.SegmentedMetricStyle.SegmentedMetricStyle()","public ChartForgeX.VisualBlocks.SegmentedMetricStyle.SegmentedMetricStyle()","assembly-move","ChartForgeX.Visuals"
"9cd02a52af97426eab4bf64b9775ce93057e5986","de8ab2a75330edc93f7c3b529463a05c5d2c1b7e","M:ChartForgeX.VisualBlocks.SvgVisualGridRenderer.#ctor","ChartForgeX","ChartForgeX.Visuals","public ChartForgeX.VisualBlocks.SvgVisualGridRenderer.SvgVisualGridRenderer()","public ChartForgeX.VisualBlocks.SvgVisualGridRenderer.SvgVisualGridRenderer()","assembly-move","ChartForgeX.Visuals"
"9cd02a52af97426eab4bf64b9775ce93057e5986","de8ab2a75330edc93f7c3b529463a05c5d2c1b7e","M:ChartForgeX.VisualBlocks.SvgVisualGridRenderer.Render(ChartForgeX.VisualBlocks.VisualGrid)","ChartForgeX","ChartForgeX.Visuals","public string ChartForgeX.VisualBlocks.SvgVisualGridRenderer.Render(ChartForgeX.VisualBlocks.VisualGrid grid)","public string ChartForgeX.VisualBlocks.SvgVisualGridRenderer.Render(ChartForgeX.VisualBlocks.VisualGrid grid)","assembly-move","ChartForgeX.Visuals"
"9cd02a52af97426eab4bf64b9775ce93057e5986","de8ab2a75330edc93f7c3b529463a05c5d2c1b7e","M:ChartForgeX.VisualBlocks.SvgVisualGridRenderer.Render(ChartForgeX.VisualBlocks.VisualGrid,System.String)","ChartForgeX","ChartForgeX.Visuals","public string ChartForgeX.VisualBlocks.SvgVisualGridRenderer.Render(ChartForgeX.VisualBlocks.VisualGrid grid, string idScope)","public string ChartForgeX.VisualBlocks.SvgVisualGridRenderer.Render(ChartForgeX.VisualBlocks.VisualGrid grid, string idScope)","assembly-move","ChartForgeX.Visuals"
"9cd02a52af97426eab4bf64b9775ce93057e5986","de8ab2a75330edc93f7c3b529463a05c5d2c1b7e","M:ChartForgeX.VisualBlocks.VisualBadgeStyle.#ctor","ChartForgeX","ChartForgeX.Visuals","public ChartForgeX.VisualBlocks.VisualBadgeStyle.VisualBadgeStyle()","public ChartForgeX.VisualBlocks.VisualBadgeStyle.VisualBadgeStyle()","assembly-move","ChartForgeX.Visuals"
"9cd02a52af97426eab4bf64b9775ce93057e5986","de8ab2a75330edc93f7c3b529463a05c5d2c1b7e","M:ChartForgeX.VisualBlocks.VisualGrid.#ctor","ChartForgeX","ChartForgeX.Visuals","public ChartForgeX.VisualBlocks.VisualGrid.VisualGrid()","public ChartForgeX.VisualBlocks.VisualGrid.VisualGrid()","assembly-move","ChartForgeX.Visuals"
"9cd02a52af97426eab4bf64b9775ce93057e5986","de8ab2a75330edc93f7c3b529463a05c5d2c1b7e","M:ChartForgeX.VisualBlocks.VisualGrid.Add(ChartForgeX.Core.Chart,System.Int32,System.Int32)","ChartForgeX","ChartForgeX.Visuals","public ChartForgeX.VisualBlocks.VisualGrid ChartForgeX.VisualBlocks.VisualGrid.Add(ChartForgeX.Core.Chart chart, [int columnSpan = 1], [int rowSpan = 1])","public ChartForgeX.VisualBlocks.VisualGrid ChartForgeX.VisualBlocks.VisualGrid.Add(ChartForgeX.Core.Chart chart, [int columnSpan = 1], [int rowSpan = 1])","assembly-move","ChartForgeX.Visuals"
"9cd02a52af97426eab4bf64b9775ce93057e5986","de8ab2a75330edc93f7c3b529463a05c5d2c1b7e","M:ChartForgeX.VisualBlocks.VisualGrid.Add(ChartForgeX.VisualBlocks.IVisualBlock,System.Int32,System.Int32)","ChartForgeX","ChartForgeX.Visuals","public ChartForgeX.VisualBlocks.VisualGrid ChartForgeX.VisualBlocks.VisualGrid.Add(ChartForgeX.VisualBlocks.IVisualBlock block, [int columnSpan = 1], [int rowSpan = 1])","public ChartForgeX.VisualBlocks.VisualGrid ChartForgeX.VisualBlocks.VisualGrid.Add(ChartForgeX.VisualBlocks.IVisualBlock block, [int columnSpan = 1], [int rowSpan = 1])","assembly-move","ChartForgeX.Visuals"
"9cd02a52af97426eab4bf64b9775ce93057e5986","de8ab2a75330edc93f7c3b529463a05c5d2c1b7e","M:ChartForgeX.VisualBlocks.VisualGrid.Add(System.String,ChartForgeX.Core.Chart,System.Int32,System.Int32)","ChartForgeX","ChartForgeX.Visuals","public ChartForgeX.VisualBlocks.VisualGrid ChartForgeX.VisualBlocks.VisualGrid.Add(string targetId, ChartForgeX.Core.Chart chart, [int columnSpan = 1], [int rowSpan = 1])","public ChartForgeX.VisualBlocks.VisualGrid ChartForgeX.VisualBlocks.VisualGrid.Add(string targetId, ChartForgeX.Core.Chart chart, [int columnSpan = 1], [int rowSpan = 1])","assembly-move","ChartForgeX.Visuals"
"9cd02a52af97426eab4bf64b9775ce93057e5986","de8ab2a75330edc93f7c3b529463a05c5d2c1b7e","M:ChartForgeX.VisualBlocks.VisualGrid.Add(System.String,ChartForgeX.VisualBlocks.IVisualBlock,System.Int32,System.Int32)","ChartForgeX","ChartForgeX.Visuals","public ChartForgeX.VisualBlocks.VisualGrid ChartForgeX.VisualBlocks.VisualGrid.Add(string targetId, ChartForgeX.VisualBlocks.IVisualBlock block, [int columnSpan = 1], [int rowSpan = 1])","public ChartForgeX.VisualBlocks.VisualGrid ChartForgeX.VisualBlocks.VisualGrid.Add(string targetId, ChartForgeX.VisualBlocks.IVisualBlock block, [int columnSpan = 1], [int rowSpan = 1])","assembly-move","ChartForgeX.Visuals"
"9cd02a52af97426eab4bf64b9775ce93057e5986","de8ab2a75330edc93f7c3b529463a05c5d2c1b7e","M:ChartForgeX.VisualBlocks.VisualGrid.Create","ChartForgeX","ChartForgeX.Visuals","public static ChartForgeX.VisualBlocks.VisualGrid ChartForgeX.VisualBlocks.VisualGrid.Create()","public static ChartForgeX.VisualBlocks.VisualGrid ChartForgeX.VisualBlocks.VisualGrid.Create()","assembly-move","ChartForgeX.Visuals"
"9cd02a52af97426eab4bf64b9775ce93057e5986","de8ab2a75330edc93f7c3b529463a05c5d2c1b7e","M:ChartForgeX.VisualBlocks.VisualGrid.CreateMetricStrip(System.String,System.Collections.Generic.IEnumerable{ChartForgeX.VisualBlocks.MetricCard},System.Int32,System.Int32,System.Int32)","ChartForgeX","ChartForgeX.Visuals","public static ChartForgeX.VisualBlocks.VisualGrid ChartForgeX.VisualBlocks.VisualGrid.CreateMetricStrip(string title, System.Collections.Generic.IEnumerable<ChartForgeX.VisualBlocks.MetricCard> cards, [int columns = 4], [int panelWidth = 320], [int panelHeight = 176])","public static ChartForgeX.VisualBlocks.VisualGrid ChartForgeX.VisualBlocks.VisualGrid.CreateMetricStrip(string title, System.Collections.Generic.IEnumerable<ChartForgeX.VisualBlocks.MetricCard> cards, [int columns = 4], [int panelWidth = 320], [int panelHeight = 176])","assembly-move","ChartForgeX.Visuals"
"9cd02a52af97426eab4bf64b9775ce93057e5986","de8ab2a75330edc93f7c3b529463a05c5d2c1b7e","M:ChartForgeX.VisualBlocks.VisualGrid.WithAdaptiveRowHeights(System.Boolean)","ChartForgeX","ChartForgeX.Visuals","public ChartForgeX.VisualBlocks.VisualGrid ChartForgeX.VisualBlocks.VisualGrid.WithAdaptiveRowHeights([bool enabled = true])","public ChartForgeX.VisualBlocks.VisualGrid ChartForgeX.VisualBlocks.VisualGrid.WithAdaptiveRowHeights([bool enabled = true])","assembly-move","ChartForgeX.Visuals"
"9cd02a52af97426eab4bf64b9775ce93057e5986","de8ab2a75330edc93f7c3b529463a05c5d2c1b7e","M:ChartForgeX.VisualBlocks.VisualGrid.WithColumns(System.Int32)","ChartForgeX","ChartForgeX.Visuals","public ChartForgeX.VisualBlocks.VisualGrid ChartForgeX.VisualBlocks.VisualGrid.WithColumns(int columns)","public ChartForgeX.VisualBlocks.VisualGrid ChartForgeX.VisualBlocks.VisualGrid.WithColumns(int columns)","assembly-move","ChartForgeX.Visuals"
"9cd02a52af97426eab4bf64b9775ce93057e5986","de8ab2a75330edc93f7c3b529463a05c5d2c1b7e","M:ChartForgeX.VisualBlocks.VisualGrid.WithFrame(System.Boolean)","ChartForgeX","ChartForgeX.Visuals","public ChartForgeX.VisualBlocks.VisualGrid ChartForgeX.VisualBlocks.VisualGrid.WithFrame([bool visible = true])","public ChartForgeX.VisualBlocks.VisualGrid ChartForgeX.VisualBlocks.VisualGrid.WithFrame([bool visible = true])","assembly-move","ChartForgeX.Visuals"
"9cd02a52af97426eab4bf64b9775ce93057e5986","de8ab2a75330edc93f7c3b529463a05c5d2c1b7e","M:ChartForgeX.VisualBlocks.VisualGrid.WithGap(System.Int32)","ChartForgeX","ChartForgeX.Visuals","public ChartForgeX.VisualBlocks.VisualGrid ChartForgeX.VisualBlocks.VisualGrid.WithGap(int gap)","public ChartForgeX.VisualBlocks.VisualGrid ChartForgeX.VisualBlocks.VisualGrid.WithGap(int gap)","assembly-move","ChartForgeX.Visuals"
"9cd02a52af97426eab4bf64b9775ce93057e5986","de8ab2a75330edc93f7c3b529463a05c5d2c1b7e","M:ChartForgeX.VisualBlocks.VisualGrid.WithMotion(ChartForgeX.Motion.VisualMotionTimeline)","ChartForgeX","","public ChartForgeX.VisualBlocks.VisualGrid ChartForgeX.VisualBlocks.VisualGrid.WithMotion(ChartForgeX.Motion.VisualMotionTimeline motion)","","removed-or-replaced","ChartForgeX.Visuals"
"9cd02a52af97426eab4bf64b9775ce93057e5986","de8ab2a75330edc93f7c3b529463a05c5d2c1b7e","M:ChartForgeX.VisualBlocks.VisualGrid.WithPadding(System.Int32)","ChartForgeX","ChartForgeX.Visuals","public ChartForgeX.VisualBlocks.VisualGrid ChartForgeX.VisualBlocks.VisualGrid.WithPadding(int padding)","public ChartForgeX.VisualBlocks.VisualGrid ChartForgeX.VisualBlocks.VisualGrid.WithPadding(int padding)","assembly-move","ChartForgeX.Visuals"
"9cd02a52af97426eab4bf64b9775ce93057e5986","de8ab2a75330edc93f7c3b529463a05c5d2c1b7e","M:ChartForgeX.VisualBlocks.VisualGrid.WithPanelFit(ChartForgeX.Primitives.VisualPanelFit)","ChartForgeX","ChartForgeX.Visuals","public ChartForgeX.VisualBlocks.VisualGrid ChartForgeX.VisualBlocks.VisualGrid.WithPanelFit(ChartForgeX.Primitives.VisualPanelFit fit)","public ChartForgeX.VisualBlocks.VisualGrid ChartForgeX.VisualBlocks.VisualGrid.WithPanelFit(ChartForgeX.Primitives.VisualPanelFit fit)","assembly-move","ChartForgeX.Visuals"
"9cd02a52af97426eab4bf64b9775ce93057e5986","de8ab2a75330edc93f7c3b529463a05c5d2c1b7e","M:ChartForgeX.VisualBlocks.VisualGrid.WithPanelSize(System.Int32,System.Int32)","ChartForgeX","ChartForgeX.Visuals","public ChartForgeX.VisualBlocks.VisualGrid ChartForgeX.VisualBlocks.VisualGrid.WithPanelSize(int width, int height)","public ChartForgeX.VisualBlocks.VisualGrid ChartForgeX.VisualBlocks.VisualGrid.WithPanelSize(int width, int height)","assembly-move","ChartForgeX.Visuals"
"9cd02a52af97426eab4bf64b9775ce93057e5986","de8ab2a75330edc93f7c3b529463a05c5d2c1b7e","M:ChartForgeX.VisualBlocks.VisualGrid.WithPngOutputScale(System.Int32)","ChartForgeX","ChartForgeX.Visuals","public ChartForgeX.VisualBlocks.VisualGrid ChartForgeX.VisualBlocks.VisualGrid.WithPngOutputScale(int scale)","public ChartForgeX.VisualBlocks.VisualGrid ChartForgeX.VisualBlocks.VisualGrid.WithPngOutputScale(int scale)","assembly-move","ChartForgeX.Visuals"
"9cd02a52af97426eab4bf64b9775ce93057e5986","de8ab2a75330edc93f7c3b529463a05c5d2c1b7e","M:ChartForgeX.VisualBlocks.VisualGrid.WithSubtitle(System.String)","ChartForgeX","ChartForgeX.Visuals","public ChartForgeX.VisualBlocks.VisualGrid ChartForgeX.VisualBlocks.VisualGrid.WithSubtitle(string subtitle)","public ChartForgeX.VisualBlocks.VisualGrid ChartForgeX.VisualBlocks.VisualGrid.WithSubtitle(string subtitle)","assembly-move","ChartForgeX.Visuals"
"9cd02a52af97426eab4bf64b9775ce93057e5986","de8ab2a75330edc93f7c3b529463a05c5d2c1b7e","M:ChartForgeX.VisualBlocks.VisualGrid.WithTheme(ChartForgeX.Themes.ChartTheme)","ChartForgeX","ChartForgeX.Visuals","public ChartForgeX.VisualBlocks.VisualGrid ChartForgeX.VisualBlocks.VisualGrid.WithTheme(ChartForgeX.Themes.ChartTheme theme)","public ChartForgeX.VisualBlocks.VisualGrid ChartForgeX.VisualBlocks.VisualGrid.WithTheme(ChartForgeX.Themes.ChartTheme theme)","assembly-move","ChartForgeX.Visuals"
"9cd02a52af97426eab4bf64b9775ce93057e5986","de8ab2a75330edc93f7c3b529463a05c5d2c1b7e","M:ChartForgeX.VisualBlocks.VisualGrid.WithTitle(System.String)","ChartForgeX","ChartForgeX.Visuals","public ChartForgeX.VisualBlocks.VisualGrid ChartForgeX.VisualBlocks.VisualGrid.WithTitle(string title)","public ChartForgeX.VisualBlocks.VisualGrid ChartForgeX.VisualBlocks.VisualGrid.WithTitle(string title)","assembly-move","ChartForgeX.Visuals"
"9cd02a52af97426eab4bf64b9775ce93057e5986","de8ab2a75330edc93f7c3b529463a05c5d2c1b7e","M:ChartForgeX.VisualBlocks.VisualGridItem.FromBlock(ChartForgeX.VisualBlocks.IVisualBlock,System.Int32,System.Int32)","ChartForgeX","ChartForgeX.Visuals","public static ChartForgeX.VisualBlocks.VisualGridItem ChartForgeX.VisualBlocks.VisualGridItem.FromBlock(ChartForgeX.VisualBlocks.IVisualBlock block, [int columnSpan = 1], [int rowSpan = 1])","public static ChartForgeX.VisualBlocks.VisualGridItem ChartForgeX.VisualBlocks.VisualGridItem.FromBlock(ChartForgeX.VisualBlocks.IVisualBlock block, [int columnSpan = 1], [int rowSpan = 1])","assembly-move","ChartForgeX.Visuals"
"9cd02a52af97426eab4bf64b9775ce93057e5986","de8ab2a75330edc93f7c3b529463a05c5d2c1b7e","M:ChartForgeX.VisualBlocks.VisualGridItem.FromBlock(System.String,ChartForgeX.VisualBlocks.IVisualBlock,System.Int32,System.Int32)","ChartForgeX","ChartForgeX.Visuals","public static ChartForgeX.VisualBlocks.VisualGridItem ChartForgeX.VisualBlocks.VisualGridItem.FromBlock(string targetId, ChartForgeX.VisualBlocks.IVisualBlock block, [int columnSpan = 1], [int rowSpan = 1])","public static ChartForgeX.VisualBlocks.VisualGridItem ChartForgeX.VisualBlocks.VisualGridItem.FromBlock(string targetId, ChartForgeX.VisualBlocks.IVisualBlock block, [int columnSpan = 1], [int rowSpan = 1])","assembly-move","ChartForgeX.Visuals"
"9cd02a52af97426eab4bf64b9775ce93057e5986","de8ab2a75330edc93f7c3b529463a05c5d2c1b7e","M:ChartForgeX.VisualBlocks.VisualGridItem.FromChart(ChartForgeX.Core.Chart,System.Int32,System.Int32)","ChartForgeX","ChartForgeX.Visuals","public static ChartForgeX.VisualBlocks.VisualGridItem ChartForgeX.VisualBlocks.VisualGridItem.FromChart(ChartForgeX.Core.Chart chart, [int columnSpan = 1], [int rowSpan = 1])","public static ChartForgeX.VisualBlocks.VisualGridItem ChartForgeX.VisualBlocks.VisualGridItem.FromChart(ChartForgeX.Core.Chart chart, [int columnSpan = 1], [int rowSpan = 1])","assembly-move","ChartForgeX.Visuals"
"9cd02a52af97426eab4bf64b9775ce93057e5986","de8ab2a75330edc93f7c3b529463a05c5d2c1b7e","M:ChartForgeX.VisualBlocks.VisualGridItem.FromChart(System.String,ChartForgeX.Core.Chart,System.Int32,System.Int32)","ChartForgeX","ChartForgeX.Visuals","public static ChartForgeX.VisualBlocks.VisualGridItem ChartForgeX.VisualBlocks.VisualGridItem.FromChart(string targetId, ChartForgeX.Core.Chart chart, [int columnSpan = 1], [int rowSpan = 1])","public static ChartForgeX.VisualBlocks.VisualGridItem ChartForgeX.VisualBlocks.VisualGridItem.FromChart(string targetId, ChartForgeX.Core.Chart chart, [int columnSpan = 1], [int rowSpan = 1])","assembly-move","ChartForgeX.Visuals"
"9cd02a52af97426eab4bf64b9775ce93057e5986","de8ab2a75330edc93f7c3b529463a05c5d2c1b7e","M:ChartForgeX.VisualBlocks.VisualIcon.#ctor","ChartForgeX","ChartForgeX.Visuals","public ChartForgeX.VisualBlocks.VisualIcon.VisualIcon()","public ChartForgeX.VisualBlocks.VisualIcon.VisualIcon()","assembly-move","ChartForgeX.Visuals"
"9cd02a52af97426eab4bf64b9775ce93057e5986","de8ab2a75330edc93f7c3b529463a05c5d2c1b7e","M:ChartForgeX.VisualBlocks.VisualListMarker.#ctor","ChartForgeX","ChartForgeX.Visuals","public ChartForgeX.VisualBlocks.VisualListMarker.VisualListMarker()","public ChartForgeX.VisualBlocks.VisualListMarker.VisualListMarker()","assembly-move","ChartForgeX.Visuals"
"9cd02a52af97426eab4bf64b9775ce93057e5986","de8ab2a75330edc93f7c3b529463a05c5d2c1b7e","M:ChartForgeX.VisualBlocks.WorkloadListBlock.#ctor","ChartForgeX","ChartForgeX.Visuals","public ChartForgeX.VisualBlocks.WorkloadListBlock.WorkloadListBlock()","public ChartForgeX.VisualBlocks.WorkloadListBlock.WorkloadListBlock()","assembly-move","ChartForgeX.Visuals"
"9cd02a52af97426eab4bf64b9775ce93057e5986","de8ab2a75330edc93f7c3b529463a05c5d2c1b7e","M:ChartForgeX.VisualBlocks.WorkloadListBlock.AddPerson(System.String,System.String,System.Double,System.Double,ChartForgeX.VisualBlocks.VisualStatus,System.String,System.String,System.Nullable{ChartForgeX.Primitives.ChartColor},System.String,System.Boolean)","ChartForgeX","","public ChartForgeX.VisualBlocks.WorkloadListBlock ChartForgeX.VisualBlocks.WorkloadListBlock.AddPerson(string name, string? subtitle, double value, [double maximum = 100], [ChartForgeX.VisualBlocks.VisualStatus status = ChartForgeX.VisualBlocks.VisualStatus.Neutral], [string? avatarText = null], [string? displayValue = null], [ChartForgeX.Primitives.ChartColor? color = null], [string? note = null], [bool selected = false])","","removed-or-replaced","ChartForgeX.Visuals"
"9cd02a52af97426eab4bf64b9775ce93057e5986","de8ab2a75330edc93f7c3b529463a05c5d2c1b7e","M:ChartForgeX.VisualBlocks.WorkloadListBlock.Create","ChartForgeX","ChartForgeX.Visuals","public static ChartForgeX.VisualBlocks.WorkloadListBlock ChartForgeX.VisualBlocks.WorkloadListBlock.Create()","public static ChartForgeX.VisualBlocks.WorkloadListBlock ChartForgeX.VisualBlocks.WorkloadListBlock.Create()","assembly-move","ChartForgeX.Visuals"
"9cd02a52af97426eab4bf64b9775ce93057e5986","de8ab2a75330edc93f7c3b529463a05c5d2c1b7e","M:ChartForgeX.VisualBlocks.WorkloadListBlock.WithAction(System.String,System.String,System.String)","ChartForgeX","","public ChartForgeX.VisualBlocks.WorkloadListBlock ChartForgeX.VisualBlocks.WorkloadListBlock.WithAction(string label, [string? symbol = null], [string? url = null])","","removed-or-replaced","removed-static-chrome"
"9cd02a52af97426eab4bf64b9775ce93057e5986","de8ab2a75330edc93f7c3b529463a05c5d2c1b7e","M:ChartForgeX.VisualBlocks.WorkloadListBlock.WithDividers(System.Boolean)","ChartForgeX","ChartForgeX.Visuals","public ChartForgeX.VisualBlocks.WorkloadListBlock ChartForgeX.VisualBlocks.WorkloadListBlock.WithDividers([bool enabled = true])","public ChartForgeX.VisualBlocks.WorkloadListBlock ChartForgeX.VisualBlocks.WorkloadListBlock.WithDividers([bool enabled = true])","assembly-move","ChartForgeX.Visuals"
"9cd02a52af97426eab4bf64b9775ce93057e5986","de8ab2a75330edc93f7c3b529463a05c5d2c1b7e","M:ChartForgeX.VisualBlocks.WorkloadListBlock.WithProgressRails(System.Boolean)","ChartForgeX","ChartForgeX.Visuals","public ChartForgeX.VisualBlocks.WorkloadListBlock ChartForgeX.VisualBlocks.WorkloadListBlock.WithProgressRails([bool enabled = true])","public ChartForgeX.VisualBlocks.WorkloadListBlock ChartForgeX.VisualBlocks.WorkloadListBlock.WithProgressRails([bool enabled = true])","assembly-move","ChartForgeX.Visuals"
"9cd02a52af97426eab4bf64b9775ce93057e5986","de8ab2a75330edc93f7c3b529463a05c5d2c1b7e","M:ChartForgeX.VisualBlocks.WorkloadListBlock.WithSelectionControls(System.Boolean)","ChartForgeX","","public ChartForgeX.VisualBlocks.WorkloadListBlock ChartForgeX.VisualBlocks.WorkloadListBlock.WithSelectionControls([bool enabled = true])","","removed-or-replaced","removed-static-chrome"
"9cd02a52af97426eab4bf64b9775ce93057e5986","de8ab2a75330edc93f7c3b529463a05c5d2c1b7e","M:ChartForgeX.VisualBlocks.WorkloadListRow.#ctor(System.String,System.String,System.Double,System.Double,ChartForgeX.VisualBlocks.VisualStatus,System.String,System.String,System.Nullable{ChartForgeX.Primitives.ChartColor},System.String,System.Boolean)","ChartForgeX","","public ChartForgeX.VisualBlocks.WorkloadListRow.WorkloadListRow(string label, string? subtitle, double value, [double maximum = 100], [ChartForgeX.VisualBlocks.VisualStatus status = ChartForgeX.VisualBlocks.VisualStatus.Neutral], [string? avatarText = null], [string? displayValue = null], [ChartForgeX.Primitives.ChartColor? color = null], [string? note = null], [bool selected = false])","","removed-or-replaced","ChartForgeX.Visuals"
"9cd02a52af97426eab4bf64b9775ce93057e5986","de8ab2a75330edc93f7c3b529463a05c5d2c1b7e","P:ChartForgeX.Composition.ImageComposition.Height","ChartForgeX","ChartForgeX.Visuals","public int ChartForgeX.Composition.ImageComposition.Height { get; }","public int ChartForgeX.Composition.ImageComposition.Height { get; }","assembly-move","ChartForgeX.Visuals"
"9cd02a52af97426eab4bf64b9775ce93057e5986","de8ab2a75330edc93f7c3b529463a05c5d2c1b7e","P:ChartForgeX.Composition.ImageComposition.Width","ChartForgeX","ChartForgeX.Visuals","public int ChartForgeX.Composition.ImageComposition.Width { get; }","public int ChartForgeX.Composition.ImageComposition.Width { get; }","assembly-move","ChartForgeX.Visuals"
"9cd02a52af97426eab4bf64b9775ce93057e5986","de8ab2a75330edc93f7c3b529463a05c5d2c1b7e","P:ChartForgeX.Composition.VisualCanvas.Accessibility","ChartForgeX","ChartForgeX.Visuals","public ChartForgeX.Accessibility.VisualAccessibility ChartForgeX.Composition.VisualCanvas.Accessibility { get; }","public ChartForgeX.Accessibility.VisualAccessibility ChartForgeX.Composition.VisualCanvas.Accessibility { get; }","assembly-move","ChartForgeX.Visuals"
"9cd02a52af97426eab4bf64b9775ce93057e5986","de8ab2a75330edc93f7c3b529463a05c5d2c1b7e","P:ChartForgeX.Composition.VisualCanvas.BackdropStyle","ChartForgeX","ChartForgeX.Visuals","public ChartForgeX.Composition.VisualCanvasBackdropStyle ChartForgeX.Composition.VisualCanvas.BackdropStyle { get; set; }","public ChartForgeX.Composition.VisualCanvasBackdropStyle ChartForgeX.Composition.VisualCanvas.BackdropStyle { get; set; }","assembly-move","ChartForgeX.Visuals"
"9cd02a52af97426eab4bf64b9775ce93057e5986","de8ab2a75330edc93f7c3b529463a05c5d2c1b7e","P:ChartForgeX.Composition.VisualCanvas.BackgroundBottom","ChartForgeX","ChartForgeX.Visuals","public ChartForgeX.Primitives.ChartColor ChartForgeX.Composition.VisualCanvas.BackgroundBottom { get; set; }","public ChartForgeX.Primitives.ChartColor ChartForgeX.Composition.VisualCanvas.BackgroundBottom { get; set; }","assembly-move","ChartForgeX.Visuals"
"9cd02a52af97426eab4bf64b9775ce93057e5986","de8ab2a75330edc93f7c3b529463a05c5d2c1b7e","P:ChartForgeX.Composition.VisualCanvas.BackgroundTop","ChartForgeX","ChartForgeX.Visuals","public ChartForgeX.Primitives.ChartColor ChartForgeX.Composition.VisualCanvas.BackgroundTop { get; set; }","public ChartForgeX.Primitives.ChartColor ChartForgeX.Composition.VisualCanvas.BackgroundTop { get; set; }","assembly-move","ChartForgeX.Visuals"
"9cd02a52af97426eab4bf64b9775ce93057e5986","de8ab2a75330edc93f7c3b529463a05c5d2c1b7e","P:ChartForgeX.Composition.VisualCanvas.DesignHeight","ChartForgeX","ChartForgeX.Visuals","public int ChartForgeX.Composition.VisualCanvas.DesignHeight { get; }","public int ChartForgeX.Composition.VisualCanvas.DesignHeight { get; }","assembly-move","ChartForgeX.Visuals"
"9cd02a52af97426eab4bf64b9775ce93057e5986","de8ab2a75330edc93f7c3b529463a05c5d2c1b7e","P:ChartForgeX.Composition.VisualCanvas.DesignWidth","ChartForgeX","ChartForgeX.Visuals","public int ChartForgeX.Composition.VisualCanvas.DesignWidth { get; }","public int ChartForgeX.Composition.VisualCanvas.DesignWidth { get; }","assembly-move","ChartForgeX.Visuals"
"9cd02a52af97426eab4bf64b9775ce93057e5986","de8ab2a75330edc93f7c3b529463a05c5d2c1b7e","P:ChartForgeX.Composition.VisualCanvas.Height","ChartForgeX","ChartForgeX.Visuals","public int ChartForgeX.Composition.VisualCanvas.Height { get; set; }","public int ChartForgeX.Composition.VisualCanvas.Height { get; set; }","assembly-move","ChartForgeX.Visuals"
"9cd02a52af97426eab4bf64b9775ce93057e5986","de8ab2a75330edc93f7c3b529463a05c5d2c1b7e","P:ChartForgeX.Composition.VisualCanvas.IsResponsive","ChartForgeX","ChartForgeX.Visuals","public bool ChartForgeX.Composition.VisualCanvas.IsResponsive { get; }","public bool ChartForgeX.Composition.VisualCanvas.IsResponsive { get; }","assembly-move","ChartForgeX.Visuals"
"9cd02a52af97426eab4bf64b9775ce93057e5986","de8ab2a75330edc93f7c3b529463a05c5d2c1b7e","P:ChartForgeX.Composition.VisualCanvas.Layers","ChartForgeX","ChartForgeX.Visuals","public System.Collections.Generic.IReadOnlyList<ChartForgeX.Composition.VisualCanvasLayer> ChartForgeX.Composition.VisualCanvas.Layers { get; }","public System.Collections.Generic.IReadOnlyList<ChartForgeX.Composition.VisualCanvasLayer> ChartForgeX.Composition.VisualCanvas.Layers { get; }","assembly-move","ChartForgeX.Visuals"
"9cd02a52af97426eab4bf64b9775ce93057e5986","de8ab2a75330edc93f7c3b529463a05c5d2c1b7e","P:ChartForgeX.Composition.VisualCanvas.PngOutputScale","ChartForgeX","ChartForgeX.Visuals","public int ChartForgeX.Composition.VisualCanvas.PngOutputScale { get; set; }","public int ChartForgeX.Composition.VisualCanvas.PngOutputScale { get; set; }","assembly-move","ChartForgeX.Visuals"
"9cd02a52af97426eab4bf64b9775ce93057e5986","de8ab2a75330edc93f7c3b529463a05c5d2c1b7e","P:ChartForgeX.Composition.VisualCanvas.ResponsiveFit","ChartForgeX","ChartForgeX.Visuals","public ChartForgeX.Composition.VisualCanvasImageFit ChartForgeX.Composition.VisualCanvas.ResponsiveFit { get; set; }","public ChartForgeX.Composition.VisualCanvasImageFit ChartForgeX.Composition.VisualCanvas.ResponsiveFit { get; set; }","assembly-move","ChartForgeX.Visuals"
"9cd02a52af97426eab4bf64b9775ce93057e5986","de8ab2a75330edc93f7c3b529463a05c5d2c1b7e","P:ChartForgeX.Composition.VisualCanvas.Theme","ChartForgeX","ChartForgeX.Visuals","public ChartForgeX.Composition.VisualCanvasTheme ChartForgeX.Composition.VisualCanvas.Theme { get; set; }","public ChartForgeX.Composition.VisualCanvasTheme ChartForgeX.Composition.VisualCanvas.Theme { get; set; }","assembly-move","ChartForgeX.Visuals"
"9cd02a52af97426eab4bf64b9775ce93057e5986","de8ab2a75330edc93f7c3b529463a05c5d2c1b7e","P:ChartForgeX.Composition.VisualCanvas.Title","ChartForgeX","ChartForgeX.Visuals","public string ChartForgeX.Composition.VisualCanvas.Title { get; set; }","public string ChartForgeX.Composition.VisualCanvas.Title { get; set; }","assembly-move","ChartForgeX.Visuals"
"9cd02a52af97426eab4bf64b9775ce93057e5986","de8ab2a75330edc93f7c3b529463a05c5d2c1b7e","P:ChartForgeX.Composition.VisualCanvas.Width","ChartForgeX","ChartForgeX.Visuals","public int ChartForgeX.Composition.VisualCanvas.Width { get; set; }","public int ChartForgeX.Composition.VisualCanvas.Width { get; set; }","assembly-move","ChartForgeX.Visuals"
"9cd02a52af97426eab4bf64b9775ce93057e5986","de8ab2a75330edc93f7c3b529463a05c5d2c1b7e","P:ChartForgeX.Composition.VisualCanvasFeatureItem.Icon","ChartForgeX","ChartForgeX.Visuals","public string ChartForgeX.Composition.VisualCanvasFeatureItem.Icon { get; set; }","public string ChartForgeX.Composition.VisualCanvasFeatureItem.Icon { get; set; }","assembly-move","ChartForgeX.Visuals"
"9cd02a52af97426eab4bf64b9775ce93057e5986","de8ab2a75330edc93f7c3b529463a05c5d2c1b7e","P:ChartForgeX.Composition.VisualCanvasFeatureItem.Label","ChartForgeX","ChartForgeX.Visuals","public string ChartForgeX.Composition.VisualCanvasFeatureItem.Label { get; set; }","public string ChartForgeX.Composition.VisualCanvasFeatureItem.Label { get; set; }","assembly-move","ChartForgeX.Visuals"
"9cd02a52af97426eab4bf64b9775ce93057e5986","de8ab2a75330edc93f7c3b529463a05c5d2c1b7e","P:ChartForgeX.Composition.VisualCanvasFeatureStripLayer.Accent","ChartForgeX","ChartForgeX.Visuals","public ChartForgeX.Primitives.ChartColor ChartForgeX.Composition.VisualCanvasFeatureStripLayer.Accent { get; set; }","public ChartForgeX.Primitives.ChartColor ChartForgeX.Composition.VisualCanvasFeatureStripLayer.Accent { get; set; }","assembly-move","ChartForgeX.Visuals"
"9cd02a52af97426eab4bf64b9775ce93057e5986","de8ab2a75330edc93f7c3b529463a05c5d2c1b7e","P:ChartForgeX.Composition.VisualCanvasFeatureStripLayer.Items","ChartForgeX","ChartForgeX.Visuals","public System.Collections.Generic.IReadOnlyList<ChartForgeX.Composition.VisualCanvasFeatureItem> ChartForgeX.Composition.VisualCanvasFeatureStripLayer.Items { get; }","public System.Collections.Generic.IReadOnlyList<ChartForgeX.Composition.VisualCanvasFeatureItem> ChartForgeX.Composition.VisualCanvasFeatureStripLayer.Items { get; }","assembly-move","ChartForgeX.Visuals"
"9cd02a52af97426eab4bf64b9775ce93057e5986","de8ab2a75330edc93f7c3b529463a05c5d2c1b7e","P:ChartForgeX.Composition.VisualCanvasHeroBadgeLayer.Accent","ChartForgeX","ChartForgeX.Visuals","public ChartForgeX.Primitives.ChartColor ChartForgeX.Composition.VisualCanvasHeroBadgeLayer.Accent { get; set; }","public ChartForgeX.Primitives.ChartColor ChartForgeX.Composition.VisualCanvasHeroBadgeLayer.Accent { get; set; }","assembly-move","ChartForgeX.Visuals"
"9cd02a52af97426eab4bf64b9775ce93057e5986","de8ab2a75330edc93f7c3b529463a05c5d2c1b7e","P:ChartForgeX.Composition.VisualCanvasHeroBadgeLayer.AccentOverride","ChartForgeX","ChartForgeX.Visuals","public ChartForgeX.Primitives.ChartColor? ChartForgeX.Composition.VisualCanvasHeroBadgeLayer.AccentOverride { get; set; }","public ChartForgeX.Primitives.ChartColor? ChartForgeX.Composition.VisualCanvasHeroBadgeLayer.AccentOverride { get; set; }","assembly-move","ChartForgeX.Visuals"
"9cd02a52af97426eab4bf64b9775ce93057e5986","de8ab2a75330edc93f7c3b529463a05c5d2c1b7e","P:ChartForgeX.Composition.VisualCanvasHeroBadgeLayer.HasImage","ChartForgeX","ChartForgeX.Visuals","public bool ChartForgeX.Composition.VisualCanvasHeroBadgeLayer.HasImage { get; }","public bool ChartForgeX.Composition.VisualCanvasHeroBadgeLayer.HasImage { get; }","assembly-move","ChartForgeX.Visuals"
"9cd02a52af97426eab4bf64b9775ce93057e5986","de8ab2a75330edc93f7c3b529463a05c5d2c1b7e","P:ChartForgeX.Composition.VisualCanvasHeroBadgeLayer.ImageFit","ChartForgeX","ChartForgeX.Visuals","public ChartForgeX.Composition.VisualCanvasImageFit ChartForgeX.Composition.VisualCanvasHeroBadgeLayer.ImageFit { get; set; }","public ChartForgeX.Composition.VisualCanvasImageFit ChartForgeX.Composition.VisualCanvasHeroBadgeLayer.ImageFit { get; set; }","assembly-move","ChartForgeX.Visuals"
"9cd02a52af97426eab4bf64b9775ce93057e5986","de8ab2a75330edc93f7c3b529463a05c5d2c1b7e","P:ChartForgeX.Composition.VisualCanvasHeroBadgeLayer.ImageHref","ChartForgeX","ChartForgeX.Visuals","public string ChartForgeX.Composition.VisualCanvasHeroBadgeLayer.ImageHref { get; set; }","public string ChartForgeX.Composition.VisualCanvasHeroBadgeLayer.ImageHref { get; set; }","assembly-move","ChartForgeX.Visuals"
"9cd02a52af97426eab4bf64b9775ce93057e5986","de8ab2a75330edc93f7c3b529463a05c5d2c1b7e","P:ChartForgeX.Composition.VisualCanvasHeroBadgeLayer.ImageOpacity","ChartForgeX","ChartForgeX.Visuals","public double ChartForgeX.Composition.VisualCanvasHeroBadgeLayer.ImageOpacity { get; set; }","public double ChartForgeX.Composition.VisualCanvasHeroBadgeLayer.ImageOpacity { get; set; }","assembly-move","ChartForgeX.Visuals"
"9cd02a52af97426eab4bf64b9775ce93057e5986","de8ab2a75330edc93f7c3b529463a05c5d2c1b7e","P:ChartForgeX.Composition.VisualCanvasHeroBadgeLayer.ImagePadding","ChartForgeX","ChartForgeX.Visuals","public double ChartForgeX.Composition.VisualCanvasHeroBadgeLayer.ImagePadding { get; set; }","public double ChartForgeX.Composition.VisualCanvasHeroBadgeLayer.ImagePadding { get; set; }","assembly-move","ChartForgeX.Visuals"
"9cd02a52af97426eab4bf64b9775ce93057e5986","de8ab2a75330edc93f7c3b529463a05c5d2c1b7e","P:ChartForgeX.Composition.VisualCanvasHeroBadgeLayer.ImageRgba","ChartForgeX","ChartForgeX.Visuals","public byte[]? ChartForgeX.Composition.VisualCanvasHeroBadgeLayer.ImageRgba { get; set; }","public byte[]? ChartForgeX.Composition.VisualCanvasHeroBadgeLayer.ImageRgba { get; set; }","assembly-move","ChartForgeX.Visuals"
"9cd02a52af97426eab4bf64b9775ce93057e5986","de8ab2a75330edc93f7c3b529463a05c5d2c1b7e","P:ChartForgeX.Composition.VisualCanvasHeroBadgeLayer.ImageSourceHeight","ChartForgeX","ChartForgeX.Visuals","public int ChartForgeX.Composition.VisualCanvasHeroBadgeLayer.ImageSourceHeight { get; set; }","public int ChartForgeX.Composition.VisualCanvasHeroBadgeLayer.ImageSourceHeight { get; set; }","assembly-move","ChartForgeX.Visuals"
"9cd02a52af97426eab4bf64b9775ce93057e5986","de8ab2a75330edc93f7c3b529463a05c5d2c1b7e","P:ChartForgeX.Composition.VisualCanvasHeroBadgeLayer.ImageSourceWidth","ChartForgeX","ChartForgeX.Visuals","public int ChartForgeX.Composition.VisualCanvasHeroBadgeLayer.ImageSourceWidth { get; set; }","public int ChartForgeX.Composition.VisualCanvasHeroBadgeLayer.ImageSourceWidth { get; set; }","assembly-move","ChartForgeX.Visuals"
"9cd02a52af97426eab4bf64b9775ce93057e5986","de8ab2a75330edc93f7c3b529463a05c5d2c1b7e","P:ChartForgeX.Composition.VisualCanvasHeroBadgeLayer.Symbol","ChartForgeX","ChartForgeX.Visuals","public string ChartForgeX.Composition.VisualCanvasHeroBadgeLayer.Symbol { get; set; }","public string ChartForgeX.Composition.VisualCanvasHeroBadgeLayer.Symbol { get; set; }","assembly-move","ChartForgeX.Visuals"
"9cd02a52af97426eab4bf64b9775ce93057e5986","de8ab2a75330edc93f7c3b529463a05c5d2c1b7e","P:ChartForgeX.Composition.VisualCanvasHeroTitleLayer.Alignment","ChartForgeX","ChartForgeX.Visuals","public ChartForgeX.Typography.TextAlignment ChartForgeX.Composition.VisualCanvasHeroTitleLayer.Alignment { get; set; }","public ChartForgeX.Typography.TextAlignment ChartForgeX.Composition.VisualCanvasHeroTitleLayer.Alignment { get; set; }","assembly-move","ChartForgeX.Visuals"
"9cd02a52af97426eab4bf64b9775ce93057e5986","de8ab2a75330edc93f7c3b529463a05c5d2c1b7e","P:ChartForgeX.Composition.VisualCanvasHeroTitleLayer.FontSize","ChartForgeX","ChartForgeX.Visuals","public double ChartForgeX.Composition.VisualCanvasHeroTitleLayer.FontSize { get; set; }","public double ChartForgeX.Composition.VisualCanvasHeroTitleLayer.FontSize { get; set; }","assembly-move","ChartForgeX.Visuals"
"9cd02a52af97426eab4bf64b9775ce93057e5986","de8ab2a75330edc93f7c3b529463a05c5d2c1b7e","P:ChartForgeX.Composition.VisualCanvasHeroTitleLayer.Runs","ChartForgeX","ChartForgeX.Visuals","public System.Collections.Generic.IReadOnlyList<ChartForgeX.Composition.VisualCanvasTextRun> ChartForgeX.Composition.VisualCanvasHeroTitleLayer.Runs { get; }","public System.Collections.Generic.IReadOnlyList<ChartForgeX.Composition.VisualCanvasTextRun> ChartForgeX.Composition.VisualCanvasHeroTitleLayer.Runs { get; }","assembly-move","ChartForgeX.Visuals"
"9cd02a52af97426eab4bf64b9775ce93057e5986","de8ab2a75330edc93f7c3b529463a05c5d2c1b7e","P:ChartForgeX.Composition.VisualCanvasImageLayer.Fit","ChartForgeX","ChartForgeX.Visuals","public ChartForgeX.Composition.VisualCanvasImageFit ChartForgeX.Composition.VisualCanvasImageLayer.Fit { get; set; }","public ChartForgeX.Composition.VisualCanvasImageFit ChartForgeX.Composition.VisualCanvasImageLayer.Fit { get; set; }","assembly-move","ChartForgeX.Visuals"
"9cd02a52af97426eab4bf64b9775ce93057e5986","de8ab2a75330edc93f7c3b529463a05c5d2c1b7e","P:ChartForgeX.Composition.VisualCanvasImageLayer.Href","ChartForgeX","ChartForgeX.Visuals","public string ChartForgeX.Composition.VisualCanvasImageLayer.Href { get; set; }","public string ChartForgeX.Composition.VisualCanvasImageLayer.Href { get; set; }","assembly-move","ChartForgeX.Visuals"
"9cd02a52af97426eab4bf64b9775ce93057e5986","de8ab2a75330edc93f7c3b529463a05c5d2c1b7e","P:ChartForgeX.Composition.VisualCanvasImageLayer.Opacity","ChartForgeX","ChartForgeX.Visuals","public double ChartForgeX.Composition.VisualCanvasImageLayer.Opacity { get; set; }","public double ChartForgeX.Composition.VisualCanvasImageLayer.Opacity { get; set; }","assembly-move","ChartForgeX.Visuals"
"9cd02a52af97426eab4bf64b9775ce93057e5986","de8ab2a75330edc93f7c3b529463a05c5d2c1b7e","P:ChartForgeX.Composition.VisualCanvasImageLayer.Rgba","ChartForgeX","ChartForgeX.Visuals","public byte[]? ChartForgeX.Composition.VisualCanvasImageLayer.Rgba { get; set; }","public byte[]? ChartForgeX.Composition.VisualCanvasImageLayer.Rgba { get; set; }","assembly-move","ChartForgeX.Visuals"
"9cd02a52af97426eab4bf64b9775ce93057e5986","de8ab2a75330edc93f7c3b529463a05c5d2c1b7e","P:ChartForgeX.Composition.VisualCanvasImageLayer.SourceHeight","ChartForgeX","ChartForgeX.Visuals","public int ChartForgeX.Composition.VisualCanvasImageLayer.SourceHeight { get; set; }","public int ChartForgeX.Composition.VisualCanvasImageLayer.SourceHeight { get; set; }","assembly-move","ChartForgeX.Visuals"
"9cd02a52af97426eab4bf64b9775ce93057e5986","de8ab2a75330edc93f7c3b529463a05c5d2c1b7e","P:ChartForgeX.Composition.VisualCanvasImageLayer.SourceWidth","ChartForgeX","ChartForgeX.Visuals","public int ChartForgeX.Composition.VisualCanvasImageLayer.SourceWidth { get; set; }","public int ChartForgeX.Composition.VisualCanvasImageLayer.SourceWidth { get; set; }","assembly-move","ChartForgeX.Visuals"
"9cd02a52af97426eab4bf64b9775ce93057e5986","de8ab2a75330edc93f7c3b529463a05c5d2c1b7e","P:ChartForgeX.Composition.VisualCanvasInfoTileLayer.Accent","ChartForgeX","ChartForgeX.Visuals","public ChartForgeX.Primitives.ChartColor ChartForgeX.Composition.VisualCanvasInfoTileLayer.Accent { get; set; }","public ChartForgeX.Primitives.ChartColor ChartForgeX.Composition.VisualCanvasInfoTileLayer.Accent { get; set; }","assembly-move","ChartForgeX.Visuals"
"9cd02a52af97426eab4bf64b9775ce93057e5986","de8ab2a75330edc93f7c3b529463a05c5d2c1b7e","P:ChartForgeX.Composition.VisualCanvasInfoTileLayer.AccentOverride","ChartForgeX","ChartForgeX.Visuals","public ChartForgeX.Primitives.ChartColor? ChartForgeX.Composition.VisualCanvasInfoTileLayer.AccentOverride { get; set; }","public ChartForgeX.Primitives.ChartColor? ChartForgeX.Composition.VisualCanvasInfoTileLayer.AccentOverride { get; set; }","assembly-move","ChartForgeX.Visuals"
"9cd02a52af97426eab4bf64b9775ce93057e5986","de8ab2a75330edc93f7c3b529463a05c5d2c1b7e","P:ChartForgeX.Composition.VisualCanvasInfoTileLayer.Detail","ChartForgeX","ChartForgeX.Visuals","public string ChartForgeX.Composition.VisualCanvasInfoTileLayer.Detail { get; set; }","public string ChartForgeX.Composition.VisualCanvasInfoTileLayer.Detail { get; set; }","assembly-move","ChartForgeX.Visuals"
"9cd02a52af97426eab4bf64b9775ce93057e5986","de8ab2a75330edc93f7c3b529463a05c5d2c1b7e","P:ChartForgeX.Composition.VisualCanvasInfoTileLayer.Icon","ChartForgeX","ChartForgeX.Visuals","public string ChartForgeX.Composition.VisualCanvasInfoTileLayer.Icon { get; set; }","public string ChartForgeX.Composition.VisualCanvasInfoTileLayer.Icon { get; set; }","assembly-move","ChartForgeX.Visuals"
"9cd02a52af97426eab4bf64b9775ce93057e5986","de8ab2a75330edc93f7c3b529463a05c5d2c1b7e","P:ChartForgeX.Composition.VisualCanvasInfoTileLayer.IconKind","ChartForgeX","ChartForgeX.Visuals","public ChartForgeX.Composition.VisualCanvasInfoTileIconKind ChartForgeX.Composition.VisualCanvasInfoTileLayer.IconKind { get; set; }","public ChartForgeX.Composition.VisualCanvasInfoTileIconKind ChartForgeX.Composition.VisualCanvasInfoTileLayer.IconKind { get; set; }","assembly-move","ChartForgeX.Visuals"
"9cd02a52af97426eab4bf64b9775ce93057e5986","de8ab2a75330edc93f7c3b529463a05c5d2c1b7e","P:ChartForgeX.Composition.VisualCanvasInfoTileLayer.Label","ChartForgeX","ChartForgeX.Visuals","public string ChartForgeX.Composition.VisualCanvasInfoTileLayer.Label { get; set; }","public string ChartForgeX.Composition.VisualCanvasInfoTileLayer.Label { get; set; }","assembly-move","ChartForgeX.Visuals"
"9cd02a52af97426eab4bf64b9775ce93057e5986","de8ab2a75330edc93f7c3b529463a05c5d2c1b7e","P:ChartForgeX.Composition.VisualCanvasInfoTileLayer.MiniChartKind","ChartForgeX","ChartForgeX.Visuals","public ChartForgeX.Composition.VisualCanvasInfoTileMiniChartKind ChartForgeX.Composition.VisualCanvasInfoTileLayer.MiniChartKind { get; set; }","public ChartForgeX.Composition.VisualCanvasInfoTileMiniChartKind ChartForgeX.Composition.VisualCanvasInfoTileLayer.MiniChartKind { get; set; }","assembly-move","ChartForgeX.Visuals"
"9cd02a52af97426eab4bf64b9775ce93057e5986","de8ab2a75330edc93f7c3b529463a05c5d2c1b7e","P:ChartForgeX.Composition.VisualCanvasInfoTileLayer.MiniChartMaximum","ChartForgeX","ChartForgeX.Visuals","public double? ChartForgeX.Composition.VisualCanvasInfoTileLayer.MiniChartMaximum { get; set; }","public double? ChartForgeX.Composition.VisualCanvasInfoTileLayer.MiniChartMaximum { get; set; }","assembly-move","ChartForgeX.Visuals"
"9cd02a52af97426eab4bf64b9775ce93057e5986","de8ab2a75330edc93f7c3b529463a05c5d2c1b7e","P:ChartForgeX.Composition.VisualCanvasInfoTileLayer.MiniChartValues","ChartForgeX","ChartForgeX.Visuals","public System.Collections.Generic.IReadOnlyList<double> ChartForgeX.Composition.VisualCanvasInfoTileLayer.MiniChartValues { get; }","public System.Collections.Generic.IReadOnlyList<double> ChartForgeX.Composition.VisualCanvasInfoTileLayer.MiniChartValues { get; }","assembly-move","ChartForgeX.Visuals"
"9cd02a52af97426eab4bf64b9775ce93057e5986","de8ab2a75330edc93f7c3b529463a05c5d2c1b7e","P:ChartForgeX.Composition.VisualCanvasInfoTileLayer.Progress","ChartForgeX","ChartForgeX.Visuals","public double? ChartForgeX.Composition.VisualCanvasInfoTileLayer.Progress { get; set; }","public double? ChartForgeX.Composition.VisualCanvasInfoTileLayer.Progress { get; set; }","assembly-move","ChartForgeX.Visuals"
"9cd02a52af97426eab4bf64b9775ce93057e5986","de8ab2a75330edc93f7c3b529463a05c5d2c1b7e","P:ChartForgeX.Composition.VisualCanvasInfoTileLayer.SparklineData","ChartForgeX","ChartForgeX.Visuals","public ChartForgeX.Core.SparklineData? ChartForgeX.Composition.VisualCanvasInfoTileLayer.SparklineData { get; private set; }","public ChartForgeX.Core.SparklineData? ChartForgeX.Composition.VisualCanvasInfoTileLayer.SparklineData { get; private set; }","assembly-move","ChartForgeX.Visuals"
"9cd02a52af97426eab4bf64b9775ce93057e5986","de8ab2a75330edc93f7c3b529463a05c5d2c1b7e","P:ChartForgeX.Composition.VisualCanvasInfoTileLayer.SurfaceStyle","ChartForgeX","ChartForgeX.Visuals","public ChartForgeX.Composition.VisualCanvasInfoTileSurfaceStyle ChartForgeX.Composition.VisualCanvasInfoTileLayer.SurfaceStyle { get; set; }","public ChartForgeX.Composition.VisualCanvasInfoTileSurfaceStyle ChartForgeX.Composition.VisualCanvasInfoTileLayer.SurfaceStyle { get; set; }","assembly-move","ChartForgeX.Visuals"
"9cd02a52af97426eab4bf64b9775ce93057e5986","de8ab2a75330edc93f7c3b529463a05c5d2c1b7e","P:ChartForgeX.Composition.VisualCanvasInfoTileLayer.TextFitPolicy","ChartForgeX","ChartForgeX.Visuals","public ChartForgeX.Composition.VisualCanvasTextFitPolicy ChartForgeX.Composition.VisualCanvasInfoTileLayer.TextFitPolicy { get; set; }","public ChartForgeX.Composition.VisualCanvasTextFitPolicy ChartForgeX.Composition.VisualCanvasInfoTileLayer.TextFitPolicy { get; set; }","assembly-move","ChartForgeX.Visuals"
"9cd02a52af97426eab4bf64b9775ce93057e5986","de8ab2a75330edc93f7c3b529463a05c5d2c1b7e","P:ChartForgeX.Composition.VisualCanvasInfoTileLayer.Value","ChartForgeX","ChartForgeX.Visuals","public string ChartForgeX.Composition.VisualCanvasInfoTileLayer.Value { get; set; }","public string ChartForgeX.Composition.VisualCanvasInfoTileLayer.Value { get; set; }","assembly-move","ChartForgeX.Visuals"
"9cd02a52af97426eab4bf64b9775ce93057e5986","de8ab2a75330edc93f7c3b529463a05c5d2c1b7e","P:ChartForgeX.Composition.VisualCanvasKeyValueBlockLayer.ColumnGap","ChartForgeX","ChartForgeX.Visuals","public double ChartForgeX.Composition.VisualCanvasKeyValueBlockLayer.ColumnGap { get; set; }","public double ChartForgeX.Composition.VisualCanvasKeyValueBlockLayer.ColumnGap { get; set; }","assembly-move","ChartForgeX.Visuals"
"9cd02a52af97426eab4bf64b9775ce93057e5986","de8ab2a75330edc93f7c3b529463a05c5d2c1b7e","P:ChartForgeX.Composition.VisualCanvasKeyValueBlockLayer.FontFamilyName","ChartForgeX","ChartForgeX.Visuals","public string ChartForgeX.Composition.VisualCanvasKeyValueBlockLayer.FontFamilyName { get; set; }","public string ChartForgeX.Composition.VisualCanvasKeyValueBlockLayer.FontFamilyName { get; set; }","assembly-move","ChartForgeX.Visuals"
"9cd02a52af97426eab4bf64b9775ce93057e5986","de8ab2a75330edc93f7c3b529463a05c5d2c1b7e","P:ChartForgeX.Composition.VisualCanvasKeyValueBlockLayer.Items","ChartForgeX","ChartForgeX.Visuals","public System.Collections.Generic.IReadOnlyList<ChartForgeX.Composition.VisualCanvasKeyValueItem> ChartForgeX.Composition.VisualCanvasKeyValueBlockLayer.Items { get; }","public System.Collections.Generic.IReadOnlyList<ChartForgeX.Composition.VisualCanvasKeyValueItem> ChartForgeX.Composition.VisualCanvasKeyValueBlockLayer.Items { get; }","assembly-move","ChartForgeX.Visuals"
"9cd02a52af97426eab4bf64b9775ce93057e5986","de8ab2a75330edc93f7c3b529463a05c5d2c1b7e","P:ChartForgeX.Composition.VisualCanvasKeyValueBlockLayer.LabelColorOverride","ChartForgeX","ChartForgeX.Visuals","public ChartForgeX.Primitives.ChartColor? ChartForgeX.Composition.VisualCanvasKeyValueBlockLayer.LabelColorOverride { get; set; }","public ChartForgeX.Primitives.ChartColor? ChartForgeX.Composition.VisualCanvasKeyValueBlockLayer.LabelColorOverride { get; set; }","assembly-move","ChartForgeX.Visuals"
"9cd02a52af97426eab4bf64b9775ce93057e5986","de8ab2a75330edc93f7c3b529463a05c5d2c1b7e","P:ChartForgeX.Composition.VisualCanvasKeyValueBlockLayer.LabelEmphasized","ChartForgeX","ChartForgeX.Visuals","public bool ChartForgeX.Composition.VisualCanvasKeyValueBlockLayer.LabelEmphasized { get; set; }","public bool ChartForgeX.Composition.VisualCanvasKeyValueBlockLayer.LabelEmphasized { get; set; }","assembly-move","ChartForgeX.Visuals"
"9cd02a52af97426eab4bf64b9775ce93057e5986","de8ab2a75330edc93f7c3b529463a05c5d2c1b7e","P:ChartForgeX.Composition.VisualCanvasKeyValueBlockLayer.LabelFontSize","ChartForgeX","ChartForgeX.Visuals","public double ChartForgeX.Composition.VisualCanvasKeyValueBlockLayer.LabelFontSize { get; set; }","public double ChartForgeX.Composition.VisualCanvasKeyValueBlockLayer.LabelFontSize { get; set; }","assembly-move","ChartForgeX.Visuals"
"9cd02a52af97426eab4bf64b9775ce93057e5986","de8ab2a75330edc93f7c3b529463a05c5d2c1b7e","P:ChartForgeX.Composition.VisualCanvasKeyValueBlockLayer.LabelWidth","ChartForgeX","ChartForgeX.Visuals","public double? ChartForgeX.Composition.VisualCanvasKeyValueBlockLayer.LabelWidth { get; set; }","public double? ChartForgeX.Composition.VisualCanvasKeyValueBlockLayer.LabelWidth { get; set; }","assembly-move","ChartForgeX.Visuals"
"9cd02a52af97426eab4bf64b9775ce93057e5986","de8ab2a75330edc93f7c3b529463a05c5d2c1b7e","P:ChartForgeX.Composition.VisualCanvasKeyValueBlockLayer.RowGap","ChartForgeX","ChartForgeX.Visuals","public double ChartForgeX.Composition.VisualCanvasKeyValueBlockLayer.RowGap { get; set; }","public double ChartForgeX.Composition.VisualCanvasKeyValueBlockLayer.RowGap { get; set; }","assembly-move","ChartForgeX.Visuals"
"9cd02a52af97426eab4bf64b9775ce93057e5986","de8ab2a75330edc93f7c3b529463a05c5d2c1b7e","P:ChartForgeX.Composition.VisualCanvasKeyValueBlockLayer.ValueColorOverride","ChartForgeX","ChartForgeX.Visuals","public ChartForgeX.Primitives.ChartColor? ChartForgeX.Composition.VisualCanvasKeyValueBlockLayer.ValueColorOverride { get; set; }","public ChartForgeX.Primitives.ChartColor? ChartForgeX.Composition.VisualCanvasKeyValueBlockLayer.ValueColorOverride { get; set; }","assembly-move","ChartForgeX.Visuals"
"9cd02a52af97426eab4bf64b9775ce93057e5986","de8ab2a75330edc93f7c3b529463a05c5d2c1b7e","P:ChartForgeX.Composition.VisualCanvasKeyValueBlockLayer.ValueEmphasized","ChartForgeX","ChartForgeX.Visuals","public bool ChartForgeX.Composition.VisualCanvasKeyValueBlockLayer.ValueEmphasized { get; set; }","public bool ChartForgeX.Composition.VisualCanvasKeyValueBlockLayer.ValueEmphasized { get; set; }","assembly-move","ChartForgeX.Visuals"
"9cd02a52af97426eab4bf64b9775ce93057e5986","de8ab2a75330edc93f7c3b529463a05c5d2c1b7e","P:ChartForgeX.Composition.VisualCanvasKeyValueBlockLayer.ValueFontSize","ChartForgeX","ChartForgeX.Visuals","public double ChartForgeX.Composition.VisualCanvasKeyValueBlockLayer.ValueFontSize { get; set; }","public double ChartForgeX.Composition.VisualCanvasKeyValueBlockLayer.ValueFontSize { get; set; }","assembly-move","ChartForgeX.Visuals"
"9cd02a52af97426eab4bf64b9775ce93057e5986","de8ab2a75330edc93f7c3b529463a05c5d2c1b7e","P:ChartForgeX.Composition.VisualCanvasKeyValueBlockLayer.ValueWrapWidth","ChartForgeX","ChartForgeX.Visuals","public double? ChartForgeX.Composition.VisualCanvasKeyValueBlockLayer.ValueWrapWidth { get; set; }","public double? ChartForgeX.Composition.VisualCanvasKeyValueBlockLayer.ValueWrapWidth { get; set; }","assembly-move","ChartForgeX.Visuals"
"9cd02a52af97426eab4bf64b9775ce93057e5986","de8ab2a75330edc93f7c3b529463a05c5d2c1b7e","P:ChartForgeX.Composition.VisualCanvasKeyValueItem.Label","ChartForgeX","ChartForgeX.Visuals","public string ChartForgeX.Composition.VisualCanvasKeyValueItem.Label { get; set; }","public string ChartForgeX.Composition.VisualCanvasKeyValueItem.Label { get; set; }","assembly-move","ChartForgeX.Visuals"
"9cd02a52af97426eab4bf64b9775ce93057e5986","de8ab2a75330edc93f7c3b529463a05c5d2c1b7e","P:ChartForgeX.Composition.VisualCanvasKeyValueItem.LabelColor","ChartForgeX","ChartForgeX.Visuals","public ChartForgeX.Primitives.ChartColor? ChartForgeX.Composition.VisualCanvasKeyValueItem.LabelColor { get; set; }","public ChartForgeX.Primitives.ChartColor? ChartForgeX.Composition.VisualCanvasKeyValueItem.LabelColor { get; set; }","assembly-move","ChartForgeX.Visuals"
"9cd02a52af97426eab4bf64b9775ce93057e5986","de8ab2a75330edc93f7c3b529463a05c5d2c1b7e","P:ChartForgeX.Composition.VisualCanvasKeyValueItem.LabelOnly","ChartForgeX","ChartForgeX.Visuals","public bool ChartForgeX.Composition.VisualCanvasKeyValueItem.LabelOnly { get; set; }","public bool ChartForgeX.Composition.VisualCanvasKeyValueItem.LabelOnly { get; set; }","assembly-move","ChartForgeX.Visuals"
"9cd02a52af97426eab4bf64b9775ce93057e5986","de8ab2a75330edc93f7c3b529463a05c5d2c1b7e","P:ChartForgeX.Composition.VisualCanvasKeyValueItem.Value","ChartForgeX","ChartForgeX.Visuals","public string ChartForgeX.Composition.VisualCanvasKeyValueItem.Value { get; set; }","public string ChartForgeX.Composition.VisualCanvasKeyValueItem.Value { get; set; }","assembly-move","ChartForgeX.Visuals"
"9cd02a52af97426eab4bf64b9775ce93057e5986","de8ab2a75330edc93f7c3b529463a05c5d2c1b7e","P:ChartForgeX.Composition.VisualCanvasKeyValueItem.ValueColor","ChartForgeX","ChartForgeX.Visuals","public ChartForgeX.Primitives.ChartColor? ChartForgeX.Composition.VisualCanvasKeyValueItem.ValueColor { get; set; }","public ChartForgeX.Primitives.ChartColor? ChartForgeX.Composition.VisualCanvasKeyValueItem.ValueColor { get; set; }","assembly-move","ChartForgeX.Visuals"
"9cd02a52af97426eab4bf64b9775ce93057e5986","de8ab2a75330edc93f7c3b529463a05c5d2c1b7e","P:ChartForgeX.Composition.VisualCanvasLayer.Bounds","ChartForgeX","ChartForgeX.Visuals","public ChartForgeX.Primitives.ChartRect ChartForgeX.Composition.VisualCanvasLayer.Bounds { get; }","public ChartForgeX.Primitives.ChartRect ChartForgeX.Composition.VisualCanvasLayer.Bounds { get; }","assembly-move","ChartForgeX.Visuals"
"9cd02a52af97426eab4bf64b9775ce93057e5986","de8ab2a75330edc93f7c3b529463a05c5d2c1b7e","P:ChartForgeX.Composition.VisualCanvasLayer.Height","ChartForgeX","ChartForgeX.Visuals","public double ChartForgeX.Composition.VisualCanvasLayer.Height { get; set; }","public double ChartForgeX.Composition.VisualCanvasLayer.Height { get; set; }","assembly-move","ChartForgeX.Visuals"
"9cd02a52af97426eab4bf64b9775ce93057e5986","de8ab2a75330edc93f7c3b529463a05c5d2c1b7e","P:ChartForgeX.Composition.VisualCanvasLayer.Width","ChartForgeX","ChartForgeX.Visuals","public double ChartForgeX.Composition.VisualCanvasLayer.Width { get; set; }","public double ChartForgeX.Composition.VisualCanvasLayer.Width { get; set; }","assembly-move","ChartForgeX.Visuals"
"9cd02a52af97426eab4bf64b9775ce93057e5986","de8ab2a75330edc93f7c3b529463a05c5d2c1b7e","P:ChartForgeX.Composition.VisualCanvasLayer.X","ChartForgeX","ChartForgeX.Visuals","public double ChartForgeX.Composition.VisualCanvasLayer.X { get; set; }","public double ChartForgeX.Composition.VisualCanvasLayer.X { get; set; }","assembly-move","ChartForgeX.Visuals"
"9cd02a52af97426eab4bf64b9775ce93057e5986","de8ab2a75330edc93f7c3b529463a05c5d2c1b7e","P:ChartForgeX.Composition.VisualCanvasLayer.Y","ChartForgeX","ChartForgeX.Visuals","public double ChartForgeX.Composition.VisualCanvasLayer.Y { get; set; }","public double ChartForgeX.Composition.VisualCanvasLayer.Y { get; set; }","assembly-move","ChartForgeX.Visuals"
"9cd02a52af97426eab4bf64b9775ce93057e5986","de8ab2a75330edc93f7c3b529463a05c5d2c1b7e","P:ChartForgeX.Composition.VisualCanvasLayoutDiagnostic.Bounds","ChartForgeX","ChartForgeX.Visuals","public ChartForgeX.Primitives.ChartRect ChartForgeX.Composition.VisualCanvasLayoutDiagnostic.Bounds { get; }","public ChartForgeX.Primitives.ChartRect ChartForgeX.Composition.VisualCanvasLayoutDiagnostic.Bounds { get; }","assembly-move","ChartForgeX.Visuals"
"9cd02a52af97426eab4bf64b9775ce93057e5986","de8ab2a75330edc93f7c3b529463a05c5d2c1b7e","P:ChartForgeX.Composition.VisualCanvasLayoutDiagnostic.Code","ChartForgeX","ChartForgeX.Visuals","public string ChartForgeX.Composition.VisualCanvasLayoutDiagnostic.Code { get; }","public string ChartForgeX.Composition.VisualCanvasLayoutDiagnostic.Code { get; }","assembly-move","ChartForgeX.Visuals"
"9cd02a52af97426eab4bf64b9775ce93057e5986","de8ab2a75330edc93f7c3b529463a05c5d2c1b7e","P:ChartForgeX.Composition.VisualCanvasLayoutDiagnostic.LayerIndex","ChartForgeX","ChartForgeX.Visuals","public int ChartForgeX.Composition.VisualCanvasLayoutDiagnostic.LayerIndex { get; }","public int ChartForgeX.Composition.VisualCanvasLayoutDiagnostic.LayerIndex { get; }","assembly-move","ChartForgeX.Visuals"
"9cd02a52af97426eab4bf64b9775ce93057e5986","de8ab2a75330edc93f7c3b529463a05c5d2c1b7e","P:ChartForgeX.Composition.VisualCanvasLayoutDiagnostic.LayerType","ChartForgeX","ChartForgeX.Visuals","public string ChartForgeX.Composition.VisualCanvasLayoutDiagnostic.LayerType { get; }","public string ChartForgeX.Composition.VisualCanvasLayoutDiagnostic.LayerType { get; }","assembly-move","ChartForgeX.Visuals"
"9cd02a52af97426eab4bf64b9775ce93057e5986","de8ab2a75330edc93f7c3b529463a05c5d2c1b7e","P:ChartForgeX.Composition.VisualCanvasLayoutDiagnostic.Message","ChartForgeX","ChartForgeX.Visuals","public string ChartForgeX.Composition.VisualCanvasLayoutDiagnostic.Message { get; }","public string ChartForgeX.Composition.VisualCanvasLayoutDiagnostic.Message { get; }","assembly-move","ChartForgeX.Visuals"
"9cd02a52af97426eab4bf64b9775ce93057e5986","de8ab2a75330edc93f7c3b529463a05c5d2c1b7e","P:ChartForgeX.Composition.VisualCanvasLayoutDiagnostic.Severity","ChartForgeX","ChartForgeX.Visuals","public ChartForgeX.Composition.VisualCanvasLayoutDiagnosticSeverity ChartForgeX.Composition.VisualCanvasLayoutDiagnostic.Severity { get; }","public ChartForgeX.Composition.VisualCanvasLayoutDiagnosticSeverity ChartForgeX.Composition.VisualCanvasLayoutDiagnostic.Severity { get; }","assembly-move","ChartForgeX.Visuals"
"9cd02a52af97426eab4bf64b9775ce93057e5986","de8ab2a75330edc93f7c3b529463a05c5d2c1b7e","P:ChartForgeX.Composition.VisualCanvasLayoutReport.Diagnostics","ChartForgeX","ChartForgeX.Visuals","public System.Collections.Generic.IReadOnlyList<ChartForgeX.Composition.VisualCanvasLayoutDiagnostic> ChartForgeX.Composition.VisualCanvasLayoutReport.Diagnostics { get; }","public System.Collections.Generic.IReadOnlyList<ChartForgeX.Composition.VisualCanvasLayoutDiagnostic> ChartForgeX.Composition.VisualCanvasLayoutReport.Diagnostics { get; }","assembly-move","ChartForgeX.Visuals"
"9cd02a52af97426eab4bf64b9775ce93057e5986","de8ab2a75330edc93f7c3b529463a05c5d2c1b7e","P:ChartForgeX.Composition.VisualCanvasLayoutReport.HasErrors","ChartForgeX","ChartForgeX.Visuals","public bool ChartForgeX.Composition.VisualCanvasLayoutReport.HasErrors { get; }","public bool ChartForgeX.Composition.VisualCanvasLayoutReport.HasErrors { get; }","assembly-move","ChartForgeX.Visuals"
"9cd02a52af97426eab4bf64b9775ce93057e5986","de8ab2a75330edc93f7c3b529463a05c5d2c1b7e","P:ChartForgeX.Composition.VisualCanvasLayoutReport.HasWarnings","ChartForgeX","ChartForgeX.Visuals","public bool ChartForgeX.Composition.VisualCanvasLayoutReport.HasWarnings { get; }","public bool ChartForgeX.Composition.VisualCanvasLayoutReport.HasWarnings { get; }","assembly-move","ChartForgeX.Visuals"
"9cd02a52af97426eab4bf64b9775ce93057e5986","de8ab2a75330edc93f7c3b529463a05c5d2c1b7e","P:ChartForgeX.Composition.VisualCanvasLayoutReport.IsClean","ChartForgeX","ChartForgeX.Visuals","public bool ChartForgeX.Composition.VisualCanvasLayoutReport.IsClean { get; }","public bool ChartForgeX.Composition.VisualCanvasLayoutReport.IsClean { get; }","assembly-move","ChartForgeX.Visuals"
"9cd02a52af97426eab4bf64b9775ce93057e5986","de8ab2a75330edc93f7c3b529463a05c5d2c1b7e","P:ChartForgeX.Composition.VisualCanvasPlacement.Anchor","ChartForgeX","ChartForgeX.Visuals","public ChartForgeX.Composition.VisualCanvasAnchor ChartForgeX.Composition.VisualCanvasPlacement.Anchor { get; }","public ChartForgeX.Composition.VisualCanvasAnchor ChartForgeX.Composition.VisualCanvasPlacement.Anchor { get; }","assembly-move","ChartForgeX.Visuals"
"9cd02a52af97426eab4bf64b9775ce93057e5986","de8ab2a75330edc93f7c3b529463a05c5d2c1b7e","P:ChartForgeX.Composition.VisualCanvasPlacement.OffsetX","ChartForgeX","ChartForgeX.Visuals","public double ChartForgeX.Composition.VisualCanvasPlacement.OffsetX { get; }","public double ChartForgeX.Composition.VisualCanvasPlacement.OffsetX { get; }","assembly-move","ChartForgeX.Visuals"
"9cd02a52af97426eab4bf64b9775ce93057e5986","de8ab2a75330edc93f7c3b529463a05c5d2c1b7e","P:ChartForgeX.Composition.VisualCanvasPlacement.OffsetY","ChartForgeX","ChartForgeX.Visuals","public double ChartForgeX.Composition.VisualCanvasPlacement.OffsetY { get; }","public double ChartForgeX.Composition.VisualCanvasPlacement.OffsetY { get; }","assembly-move","ChartForgeX.Visuals"
"9cd02a52af97426eab4bf64b9775ce93057e5986","de8ab2a75330edc93f7c3b529463a05c5d2c1b7e","P:ChartForgeX.Composition.VisualCanvasTextLayer.Alignment","ChartForgeX","ChartForgeX.Visuals","public ChartForgeX.Typography.TextAlignment ChartForgeX.Composition.VisualCanvasTextLayer.Alignment { get; set; }","public ChartForgeX.Typography.TextAlignment ChartForgeX.Composition.VisualCanvasTextLayer.Alignment { get; set; }","assembly-move","ChartForgeX.Visuals"
"9cd02a52af97426eab4bf64b9775ce93057e5986","de8ab2a75330edc93f7c3b529463a05c5d2c1b7e","P:ChartForgeX.Composition.VisualCanvasTextLayer.Color","ChartForgeX","ChartForgeX.Visuals","public ChartForgeX.Primitives.ChartColor ChartForgeX.Composition.VisualCanvasTextLayer.Color { get; set; }","public ChartForgeX.Primitives.ChartColor ChartForgeX.Composition.VisualCanvasTextLayer.Color { get; set; }","assembly-move","ChartForgeX.Visuals"
"9cd02a52af97426eab4bf64b9775ce93057e5986","de8ab2a75330edc93f7c3b529463a05c5d2c1b7e","P:ChartForgeX.Composition.VisualCanvasTextLayer.Emphasized","ChartForgeX","ChartForgeX.Visuals","public bool ChartForgeX.Composition.VisualCanvasTextLayer.Emphasized { get; set; }","public bool ChartForgeX.Composition.VisualCanvasTextLayer.Emphasized { get; set; }","assembly-move","ChartForgeX.Visuals"
"9cd02a52af97426eab4bf64b9775ce93057e5986","de8ab2a75330edc93f7c3b529463a05c5d2c1b7e","P:ChartForgeX.Composition.VisualCanvasTextLayer.FontSize","ChartForgeX","ChartForgeX.Visuals","public double ChartForgeX.Composition.VisualCanvasTextLayer.FontSize { get; set; }","public double ChartForgeX.Composition.VisualCanvasTextLayer.FontSize { get; set; }","assembly-move","ChartForgeX.Visuals"
"9cd02a52af97426eab4bf64b9775ce93057e5986","de8ab2a75330edc93f7c3b529463a05c5d2c1b7e","P:ChartForgeX.Composition.VisualCanvasTextLayer.Text","ChartForgeX","ChartForgeX.Visuals","public string ChartForgeX.Composition.VisualCanvasTextLayer.Text { get; set; }","public string ChartForgeX.Composition.VisualCanvasTextLayer.Text { get; set; }","assembly-move","ChartForgeX.Visuals"
"9cd02a52af97426eab4bf64b9775ce93057e5986","de8ab2a75330edc93f7c3b529463a05c5d2c1b7e","P:ChartForgeX.Composition.VisualCanvasTextRun.Color","ChartForgeX","ChartForgeX.Visuals","public ChartForgeX.Primitives.ChartColor ChartForgeX.Composition.VisualCanvasTextRun.Color { get; set; }","public ChartForgeX.Primitives.ChartColor ChartForgeX.Composition.VisualCanvasTextRun.Color { get; set; }","assembly-move","ChartForgeX.Visuals"
"9cd02a52af97426eab4bf64b9775ce93057e5986","de8ab2a75330edc93f7c3b529463a05c5d2c1b7e","P:ChartForgeX.Composition.VisualCanvasTextRun.Text","ChartForgeX","ChartForgeX.Visuals","public string ChartForgeX.Composition.VisualCanvasTextRun.Text { get; set; }","public string ChartForgeX.Composition.VisualCanvasTextRun.Text { get; set; }","assembly-move","ChartForgeX.Visuals"
"9cd02a52af97426eab4bf64b9775ce93057e5986","de8ab2a75330edc93f7c3b529463a05c5d2c1b7e","P:ChartForgeX.Composition.VisualCanvasTheme.Accent","ChartForgeX","ChartForgeX.Visuals","public ChartForgeX.Primitives.ChartColor ChartForgeX.Composition.VisualCanvasTheme.Accent { get; set; }","public ChartForgeX.Primitives.ChartColor ChartForgeX.Composition.VisualCanvasTheme.Accent { get; set; }","assembly-move","ChartForgeX.Visuals"
"9cd02a52af97426eab4bf64b9775ce93057e5986","de8ab2a75330edc93f7c3b529463a05c5d2c1b7e","P:ChartForgeX.Composition.VisualCanvasTheme.FeatureDividerColor","ChartForgeX","ChartForgeX.Visuals","public ChartForgeX.Primitives.ChartColor ChartForgeX.Composition.VisualCanvasTheme.FeatureDividerColor { get; set; }","public ChartForgeX.Primitives.ChartColor ChartForgeX.Composition.VisualCanvasTheme.FeatureDividerColor { get; set; }","assembly-move","ChartForgeX.Visuals"
"9cd02a52af97426eab4bf64b9775ce93057e5986","de8ab2a75330edc93f7c3b529463a05c5d2c1b7e","P:ChartForgeX.Composition.VisualCanvasTheme.FeatureLabelColor","ChartForgeX","ChartForgeX.Visuals","public ChartForgeX.Primitives.ChartColor ChartForgeX.Composition.VisualCanvasTheme.FeatureLabelColor { get; set; }","public ChartForgeX.Primitives.ChartColor ChartForgeX.Composition.VisualCanvasTheme.FeatureLabelColor { get; set; }","assembly-move","ChartForgeX.Visuals"
"9cd02a52af97426eab4bf64b9775ce93057e5986","de8ab2a75330edc93f7c3b529463a05c5d2c1b7e","P:ChartForgeX.Composition.VisualCanvasTheme.FontFamily","ChartForgeX","ChartForgeX.Visuals","public string ChartForgeX.Composition.VisualCanvasTheme.FontFamily { get; set; }","public string ChartForgeX.Composition.VisualCanvasTheme.FontFamily { get; set; }","assembly-move","ChartForgeX.Visuals"
"9cd02a52af97426eab4bf64b9775ce93057e5986","de8ab2a75330edc93f7c3b529463a05c5d2c1b7e","P:ChartForgeX.Composition.VisualCanvasTheme.HeroBadgeBottom","ChartForgeX","ChartForgeX.Visuals","public ChartForgeX.Primitives.ChartColor ChartForgeX.Composition.VisualCanvasTheme.HeroBadgeBottom { get; set; }","public ChartForgeX.Primitives.ChartColor ChartForgeX.Composition.VisualCanvasTheme.HeroBadgeBottom { get; set; }","assembly-move","ChartForgeX.Visuals"
"9cd02a52af97426eab4bf64b9775ce93057e5986","de8ab2a75330edc93f7c3b529463a05c5d2c1b7e","P:ChartForgeX.Composition.VisualCanvasTheme.HeroBadgeGlowColor","ChartForgeX","ChartForgeX.Visuals","public ChartForgeX.Primitives.ChartColor ChartForgeX.Composition.VisualCanvasTheme.HeroBadgeGlowColor { get; set; }","public ChartForgeX.Primitives.ChartColor ChartForgeX.Composition.VisualCanvasTheme.HeroBadgeGlowColor { get; set; }","assembly-move","ChartForgeX.Visuals"
"9cd02a52af97426eab4bf64b9775ce93057e5986","de8ab2a75330edc93f7c3b529463a05c5d2c1b7e","P:ChartForgeX.Composition.VisualCanvasTheme.HeroBadgeTextColor","ChartForgeX","ChartForgeX.Visuals","public ChartForgeX.Primitives.ChartColor ChartForgeX.Composition.VisualCanvasTheme.HeroBadgeTextColor { get; set; }","public ChartForgeX.Primitives.ChartColor ChartForgeX.Composition.VisualCanvasTheme.HeroBadgeTextColor { get; set; }","assembly-move","ChartForgeX.Visuals"
"9cd02a52af97426eab4bf64b9775ce93057e5986","de8ab2a75330edc93f7c3b529463a05c5d2c1b7e","P:ChartForgeX.Composition.VisualCanvasTheme.HeroBadgeTop","ChartForgeX","ChartForgeX.Visuals","public ChartForgeX.Primitives.ChartColor ChartForgeX.Composition.VisualCanvasTheme.HeroBadgeTop { get; set; }","public ChartForgeX.Primitives.ChartColor ChartForgeX.Composition.VisualCanvasTheme.HeroBadgeTop { get; set; }","assembly-move","ChartForgeX.Visuals"
"9cd02a52af97426eab4bf64b9775ce93057e5986","de8ab2a75330edc93f7c3b529463a05c5d2c1b7e","P:ChartForgeX.Composition.VisualCanvasTheme.HeroTitleAccentColor","ChartForgeX","ChartForgeX.Visuals","public ChartForgeX.Primitives.ChartColor ChartForgeX.Composition.VisualCanvasTheme.HeroTitleAccentColor { get; set; }","public ChartForgeX.Primitives.ChartColor ChartForgeX.Composition.VisualCanvasTheme.HeroTitleAccentColor { get; set; }","assembly-move","ChartForgeX.Visuals"
"9cd02a52af97426eab4bf64b9775ce93057e5986","de8ab2a75330edc93f7c3b529463a05c5d2c1b7e","P:ChartForgeX.Composition.VisualCanvasTheme.HeroTitleColor","ChartForgeX","ChartForgeX.Visuals","public ChartForgeX.Primitives.ChartColor ChartForgeX.Composition.VisualCanvasTheme.HeroTitleColor { get; set; }","public ChartForgeX.Primitives.ChartColor ChartForgeX.Composition.VisualCanvasTheme.HeroTitleColor { get; set; }","assembly-move","ChartForgeX.Visuals"
"9cd02a52af97426eab4bf64b9775ce93057e5986","de8ab2a75330edc93f7c3b529463a05c5d2c1b7e","P:ChartForgeX.Composition.VisualCanvasTheme.ImagePlaceholderFill","ChartForgeX","ChartForgeX.Visuals","public ChartForgeX.Primitives.ChartColor ChartForgeX.Composition.VisualCanvasTheme.ImagePlaceholderFill { get; set; }","public ChartForgeX.Primitives.ChartColor ChartForgeX.Composition.VisualCanvasTheme.ImagePlaceholderFill { get; set; }","assembly-move","ChartForgeX.Visuals"
"9cd02a52af97426eab4bf64b9775ce93057e5986","de8ab2a75330edc93f7c3b529463a05c5d2c1b7e","P:ChartForgeX.Composition.VisualCanvasTheme.ImagePlaceholderStroke","ChartForgeX","ChartForgeX.Visuals","public ChartForgeX.Primitives.ChartColor ChartForgeX.Composition.VisualCanvasTheme.ImagePlaceholderStroke { get; set; }","public ChartForgeX.Primitives.ChartColor ChartForgeX.Composition.VisualCanvasTheme.ImagePlaceholderStroke { get; set; }","assembly-move","ChartForgeX.Visuals"
"9cd02a52af97426eab4bf64b9775ce93057e5986","de8ab2a75330edc93f7c3b529463a05c5d2c1b7e","P:ChartForgeX.Composition.VisualCanvasTheme.MonospaceFontFamily","ChartForgeX","ChartForgeX.Visuals","public string ChartForgeX.Composition.VisualCanvasTheme.MonospaceFontFamily { get; set; }","public string ChartForgeX.Composition.VisualCanvasTheme.MonospaceFontFamily { get; set; }","assembly-move","ChartForgeX.Visuals"
"9cd02a52af97426eab4bf64b9775ce93057e5986","de8ab2a75330edc93f7c3b529463a05c5d2c1b7e","P:ChartForgeX.Composition.VisualCanvasTheme.SecondaryAccent","ChartForgeX","ChartForgeX.Visuals","public ChartForgeX.Primitives.ChartColor ChartForgeX.Composition.VisualCanvasTheme.SecondaryAccent { get; set; }","public ChartForgeX.Primitives.ChartColor ChartForgeX.Composition.VisualCanvasTheme.SecondaryAccent { get; set; }","assembly-move","ChartForgeX.Visuals"
"9cd02a52af97426eab4bf64b9775ce93057e5986","de8ab2a75330edc93f7c3b529463a05c5d2c1b7e","P:ChartForgeX.Composition.VisualCanvasTheme.SubtitleColor","ChartForgeX","ChartForgeX.Visuals","public ChartForgeX.Primitives.ChartColor ChartForgeX.Composition.VisualCanvasTheme.SubtitleColor { get; set; }","public ChartForgeX.Primitives.ChartColor ChartForgeX.Composition.VisualCanvasTheme.SubtitleColor { get; set; }","assembly-move","ChartForgeX.Visuals"
"9cd02a52af97426eab4bf64b9775ce93057e5986","de8ab2a75330edc93f7c3b529463a05c5d2c1b7e","P:ChartForgeX.Composition.VisualCanvasTheme.TechHorizonFill","ChartForgeX","ChartForgeX.Visuals","public ChartForgeX.Primitives.ChartColor ChartForgeX.Composition.VisualCanvasTheme.TechHorizonFill { get; set; }","public ChartForgeX.Primitives.ChartColor ChartForgeX.Composition.VisualCanvasTheme.TechHorizonFill { get; set; }","assembly-move","ChartForgeX.Visuals"
"9cd02a52af97426eab4bf64b9775ce93057e5986","de8ab2a75330edc93f7c3b529463a05c5d2c1b7e","P:ChartForgeX.Composition.VisualCanvasTheme.TextMeasurementMode","ChartForgeX","ChartForgeX.Visuals","public ChartForgeX.Typography.TextMeasurementMode ChartForgeX.Composition.VisualCanvasTheme.TextMeasurementMode { get; set; }","public ChartForgeX.Typography.TextMeasurementMode ChartForgeX.Composition.VisualCanvasTheme.TextMeasurementMode { get; set; }","assembly-move","ChartForgeX.Visuals"
"9cd02a52af97426eab4bf64b9775ce93057e5986","de8ab2a75330edc93f7c3b529463a05c5d2c1b7e","P:ChartForgeX.Composition.VisualCanvasTheme.TileDetailColor","ChartForgeX","ChartForgeX.Visuals","public ChartForgeX.Primitives.ChartColor ChartForgeX.Composition.VisualCanvasTheme.TileDetailColor { get; set; }","public ChartForgeX.Primitives.ChartColor ChartForgeX.Composition.VisualCanvasTheme.TileDetailColor { get; set; }","assembly-move","ChartForgeX.Visuals"
"9cd02a52af97426eab4bf64b9775ce93057e5986","de8ab2a75330edc93f7c3b529463a05c5d2c1b7e","P:ChartForgeX.Composition.VisualCanvasTheme.TileGlassBottom","ChartForgeX","ChartForgeX.Visuals","public ChartForgeX.Primitives.ChartColor ChartForgeX.Composition.VisualCanvasTheme.TileGlassBottom { get; set; }","public ChartForgeX.Primitives.ChartColor ChartForgeX.Composition.VisualCanvasTheme.TileGlassBottom { get; set; }","assembly-move","ChartForgeX.Visuals"
"9cd02a52af97426eab4bf64b9775ce93057e5986","de8ab2a75330edc93f7c3b529463a05c5d2c1b7e","P:ChartForgeX.Composition.VisualCanvasTheme.TileGlassTop","ChartForgeX","ChartForgeX.Visuals","public ChartForgeX.Primitives.ChartColor ChartForgeX.Composition.VisualCanvasTheme.TileGlassTop { get; set; }","public ChartForgeX.Primitives.ChartColor ChartForgeX.Composition.VisualCanvasTheme.TileGlassTop { get; set; }","assembly-move","ChartForgeX.Visuals"
"9cd02a52af97426eab4bf64b9775ce93057e5986","de8ab2a75330edc93f7c3b529463a05c5d2c1b7e","P:ChartForgeX.Composition.VisualCanvasTheme.TileInnerStroke","ChartForgeX","ChartForgeX.Visuals","public ChartForgeX.Primitives.ChartColor ChartForgeX.Composition.VisualCanvasTheme.TileInnerStroke { get; set; }","public ChartForgeX.Primitives.ChartColor ChartForgeX.Composition.VisualCanvasTheme.TileInnerStroke { get; set; }","assembly-move","ChartForgeX.Visuals"
"9cd02a52af97426eab4bf64b9775ce93057e5986","de8ab2a75330edc93f7c3b529463a05c5d2c1b7e","P:ChartForgeX.Composition.VisualCanvasTheme.TileLabelColor","ChartForgeX","ChartForgeX.Visuals","public ChartForgeX.Primitives.ChartColor ChartForgeX.Composition.VisualCanvasTheme.TileLabelColor { get; set; }","public ChartForgeX.Primitives.ChartColor ChartForgeX.Composition.VisualCanvasTheme.TileLabelColor { get; set; }","assembly-move","ChartForgeX.Visuals"
"9cd02a52af97426eab4bf64b9775ce93057e5986","de8ab2a75330edc93f7c3b529463a05c5d2c1b7e","P:ChartForgeX.Composition.VisualCanvasTheme.TileMiniChartFillColor","ChartForgeX","ChartForgeX.Visuals","public ChartForgeX.Primitives.ChartColor ChartForgeX.Composition.VisualCanvasTheme.TileMiniChartFillColor { get; set; }","public ChartForgeX.Primitives.ChartColor ChartForgeX.Composition.VisualCanvasTheme.TileMiniChartFillColor { get; set; }","assembly-move","ChartForgeX.Visuals"
"9cd02a52af97426eab4bf64b9775ce93057e5986","de8ab2a75330edc93f7c3b529463a05c5d2c1b7e","P:ChartForgeX.Composition.VisualCanvasTheme.TileMiniChartTrackColor","ChartForgeX","ChartForgeX.Visuals","public ChartForgeX.Primitives.ChartColor ChartForgeX.Composition.VisualCanvasTheme.TileMiniChartTrackColor { get; set; }","public ChartForgeX.Primitives.ChartColor ChartForgeX.Composition.VisualCanvasTheme.TileMiniChartTrackColor { get; set; }","assembly-move","ChartForgeX.Visuals"
"9cd02a52af97426eab4bf64b9775ce93057e5986","de8ab2a75330edc93f7c3b529463a05c5d2c1b7e","P:ChartForgeX.Composition.VisualCanvasTheme.TileProgressTrackColor","ChartForgeX","ChartForgeX.Visuals","public ChartForgeX.Primitives.ChartColor ChartForgeX.Composition.VisualCanvasTheme.TileProgressTrackColor { get; set; }","public ChartForgeX.Primitives.ChartColor ChartForgeX.Composition.VisualCanvasTheme.TileProgressTrackColor { get; set; }","assembly-move","ChartForgeX.Visuals"
"9cd02a52af97426eab4bf64b9775ce93057e5986","de8ab2a75330edc93f7c3b529463a05c5d2c1b7e","P:ChartForgeX.Composition.VisualCanvasTheme.TileValueColor","ChartForgeX","ChartForgeX.Visuals","public ChartForgeX.Primitives.ChartColor ChartForgeX.Composition.VisualCanvasTheme.TileValueColor { get; set; }","public ChartForgeX.Primitives.ChartColor ChartForgeX.Composition.VisualCanvasTheme.TileValueColor { get; set; }","assembly-move","ChartForgeX.Visuals"
"9cd02a52af97426eab4bf64b9775ce93057e5986","de8ab2a75330edc93f7c3b529463a05c5d2c1b7e","P:ChartForgeX.Motion.VisualMotionCue.DelaySeconds","ChartForgeX","ChartForgeX.Stories","public double ChartForgeX.Motion.VisualMotionCue.DelaySeconds { get; set; }","public double ChartForgeX.Motion.VisualMotionCue.DelaySeconds { get; set; }","assembly-move","ChartForgeX.Stories"
"9cd02a52af97426eab4bf64b9775ce93057e5986","de8ab2a75330edc93f7c3b529463a05c5d2c1b7e","P:ChartForgeX.Motion.VisualMotionCue.DistancePixels","ChartForgeX","ChartForgeX.Stories","public double ChartForgeX.Motion.VisualMotionCue.DistancePixels { get; set; }","public double ChartForgeX.Motion.VisualMotionCue.DistancePixels { get; set; }","assembly-move","ChartForgeX.Stories"
"9cd02a52af97426eab4bf64b9775ce93057e5986","de8ab2a75330edc93f7c3b529463a05c5d2c1b7e","P:ChartForgeX.Motion.VisualMotionCue.DurationSeconds","ChartForgeX","ChartForgeX.Stories","public double ChartForgeX.Motion.VisualMotionCue.DurationSeconds { get; set; }","public double ChartForgeX.Motion.VisualMotionCue.DurationSeconds { get; set; }","assembly-move","ChartForgeX.Stories"
"9cd02a52af97426eab4bf64b9775ce93057e5986","de8ab2a75330edc93f7c3b529463a05c5d2c1b7e","P:ChartForgeX.Motion.VisualMotionCue.Easing","ChartForgeX","ChartForgeX.Stories","public ChartForgeX.Motion.VisualMotionEasing ChartForgeX.Motion.VisualMotionCue.Easing { get; set; }","public ChartForgeX.Motion.VisualMotionEasing ChartForgeX.Motion.VisualMotionCue.Easing { get; set; }","assembly-move","ChartForgeX.Stories"
"9cd02a52af97426eab4bf64b9775ce93057e5986","de8ab2a75330edc93f7c3b529463a05c5d2c1b7e","P:ChartForgeX.Motion.VisualMotionCue.Effect","ChartForgeX","ChartForgeX.Stories","public ChartForgeX.Motion.VisualMotionEffect ChartForgeX.Motion.VisualMotionCue.Effect { get; set; }","public ChartForgeX.Motion.VisualMotionEffect ChartForgeX.Motion.VisualMotionCue.Effect { get; set; }","assembly-move","ChartForgeX.Stories"
"9cd02a52af97426eab4bf64b9775ce93057e5986","de8ab2a75330edc93f7c3b529463a05c5d2c1b7e","P:ChartForgeX.Motion.VisualMotionCue.TargetId","ChartForgeX","ChartForgeX.Stories","public string ChartForgeX.Motion.VisualMotionCue.TargetId { get; set; }","public string ChartForgeX.Motion.VisualMotionCue.TargetId { get; set; }","assembly-move","ChartForgeX.Stories"
"9cd02a52af97426eab4bf64b9775ce93057e5986","de8ab2a75330edc93f7c3b529463a05c5d2c1b7e","P:ChartForgeX.Motion.VisualMotionTimeline.Cues","ChartForgeX","ChartForgeX.Stories","public System.Collections.Generic.IReadOnlyList<ChartForgeX.Motion.VisualMotionCue> ChartForgeX.Motion.VisualMotionTimeline.Cues { get; }","public System.Collections.Generic.IReadOnlyList<ChartForgeX.Motion.VisualMotionCue> ChartForgeX.Motion.VisualMotionTimeline.Cues { get; }","assembly-move","ChartForgeX.Stories"
"9cd02a52af97426eab4bf64b9775ce93057e5986","de8ab2a75330edc93f7c3b529463a05c5d2c1b7e","P:ChartForgeX.Stories.IStorySourceTokenizer.Language","ChartForgeX","ChartForgeX.Stories","string ChartForgeX.Stories.IStorySourceTokenizer.Language { get; }","string ChartForgeX.Stories.IStorySourceTokenizer.Language { get; }","assembly-move","ChartForgeX.Stories"
"9cd02a52af97426eab4bf64b9775ce93057e5986","de8ab2a75330edc93f7c3b529463a05c5d2c1b7e","P:ChartForgeX.Stories.StorySourceSpan.End","ChartForgeX","ChartForgeX.Stories","public int ChartForgeX.Stories.StorySourceSpan.End { get; }","public int ChartForgeX.Stories.StorySourceSpan.End { get; }","assembly-move","ChartForgeX.Stories"
"9cd02a52af97426eab4bf64b9775ce93057e5986","de8ab2a75330edc93f7c3b529463a05c5d2c1b7e","P:ChartForgeX.Stories.StorySourceSpan.Kind","ChartForgeX","ChartForgeX.Stories","public ChartForgeX.Stories.StorySyntaxKind ChartForgeX.Stories.StorySourceSpan.Kind { get; }","public ChartForgeX.Stories.StorySyntaxKind ChartForgeX.Stories.StorySourceSpan.Kind { get; }","assembly-move","ChartForgeX.Stories"
"9cd02a52af97426eab4bf64b9775ce93057e5986","de8ab2a75330edc93f7c3b529463a05c5d2c1b7e","P:ChartForgeX.Stories.StorySourceSpan.Length","ChartForgeX","ChartForgeX.Stories","public int ChartForgeX.Stories.StorySourceSpan.Length { get; }","public int ChartForgeX.Stories.StorySourceSpan.Length { get; }","assembly-move","ChartForgeX.Stories"
"9cd02a52af97426eab4bf64b9775ce93057e5986","de8ab2a75330edc93f7c3b529463a05c5d2c1b7e","P:ChartForgeX.Stories.StorySourceSpan.Start","ChartForgeX","ChartForgeX.Stories","public int ChartForgeX.Stories.StorySourceSpan.Start { get; }","public int ChartForgeX.Stories.StorySourceSpan.Start { get; }","assembly-move","ChartForgeX.Stories"
"9cd02a52af97426eab4bf64b9775ce93057e5986","de8ab2a75330edc93f7c3b529463a05c5d2c1b7e","P:ChartForgeX.Stories.StorySourceText.Language","ChartForgeX","ChartForgeX.Stories","public string ChartForgeX.Stories.StorySourceText.Language { get; }","public string ChartForgeX.Stories.StorySourceText.Language { get; }","assembly-move","ChartForgeX.Stories"
"9cd02a52af97426eab4bf64b9775ce93057e5986","de8ab2a75330edc93f7c3b529463a05c5d2c1b7e","P:ChartForgeX.Stories.StorySourceText.Spans","ChartForgeX","ChartForgeX.Stories","public System.Collections.Generic.IReadOnlyList<ChartForgeX.Stories.StorySourceSpan> ChartForgeX.Stories.StorySourceText.Spans { get; }","public System.Collections.Generic.IReadOnlyList<ChartForgeX.Stories.StorySourceSpan> ChartForgeX.Stories.StorySourceText.Spans { get; }","assembly-move","ChartForgeX.Stories"
"9cd02a52af97426eab4bf64b9775ce93057e5986","de8ab2a75330edc93f7c3b529463a05c5d2c1b7e","P:ChartForgeX.Stories.StorySourceText.Text","ChartForgeX","ChartForgeX.Stories","public string ChartForgeX.Stories.StorySourceText.Text { get; }","public string ChartForgeX.Stories.StorySourceText.Text { get; }","assembly-move","ChartForgeX.Stories"
"9cd02a52af97426eab4bf64b9775ce93057e5986","de8ab2a75330edc93f7c3b529463a05c5d2c1b7e","P:ChartForgeX.Stories.StorySyntaxPalette.Command","ChartForgeX","ChartForgeX.Stories","public ChartForgeX.Primitives.ChartColor ChartForgeX.Stories.StorySyntaxPalette.Command { get; set; }","public ChartForgeX.Primitives.ChartColor ChartForgeX.Stories.StorySyntaxPalette.Command { get; set; }","assembly-move","ChartForgeX.Stories"
"9cd02a52af97426eab4bf64b9775ce93057e5986","de8ab2a75330edc93f7c3b529463a05c5d2c1b7e","P:ChartForgeX.Stories.StorySyntaxPalette.Comment","ChartForgeX","ChartForgeX.Stories","public ChartForgeX.Primitives.ChartColor ChartForgeX.Stories.StorySyntaxPalette.Comment { get; set; }","public ChartForgeX.Primitives.ChartColor ChartForgeX.Stories.StorySyntaxPalette.Comment { get; set; }","assembly-move","ChartForgeX.Stories"
"9cd02a52af97426eab4bf64b9775ce93057e5986","de8ab2a75330edc93f7c3b529463a05c5d2c1b7e","P:ChartForgeX.Stories.StorySyntaxPalette.Keyword","ChartForgeX","ChartForgeX.Stories","public ChartForgeX.Primitives.ChartColor ChartForgeX.Stories.StorySyntaxPalette.Keyword { get; set; }","public ChartForgeX.Primitives.ChartColor ChartForgeX.Stories.StorySyntaxPalette.Keyword { get; set; }","assembly-move","ChartForgeX.Stories"
"9cd02a52af97426eab4bf64b9775ce93057e5986","de8ab2a75330edc93f7c3b529463a05c5d2c1b7e","P:ChartForgeX.Stories.StorySyntaxPalette.Number","ChartForgeX","ChartForgeX.Stories","public ChartForgeX.Primitives.ChartColor ChartForgeX.Stories.StorySyntaxPalette.Number { get; set; }","public ChartForgeX.Primitives.ChartColor ChartForgeX.Stories.StorySyntaxPalette.Number { get; set; }","assembly-move","ChartForgeX.Stories"
"9cd02a52af97426eab4bf64b9775ce93057e5986","de8ab2a75330edc93f7c3b529463a05c5d2c1b7e","P:ChartForgeX.Stories.StorySyntaxPalette.Operator","ChartForgeX","ChartForgeX.Stories","public ChartForgeX.Primitives.ChartColor ChartForgeX.Stories.StorySyntaxPalette.Operator { get; set; }","public ChartForgeX.Primitives.ChartColor ChartForgeX.Stories.StorySyntaxPalette.Operator { get; set; }","assembly-move","ChartForgeX.Stories"
"9cd02a52af97426eab4bf64b9775ce93057e5986","de8ab2a75330edc93f7c3b529463a05c5d2c1b7e","P:ChartForgeX.Stories.StorySyntaxPalette.Parameter","ChartForgeX","ChartForgeX.Stories","public ChartForgeX.Primitives.ChartColor ChartForgeX.Stories.StorySyntaxPalette.Parameter { get; set; }","public ChartForgeX.Primitives.ChartColor ChartForgeX.Stories.StorySyntaxPalette.Parameter { get; set; }","assembly-move","ChartForgeX.Stories"
"9cd02a52af97426eab4bf64b9775ce93057e5986","de8ab2a75330edc93f7c3b529463a05c5d2c1b7e","P:ChartForgeX.Stories.StorySyntaxPalette.Plain","ChartForgeX","ChartForgeX.Stories","public ChartForgeX.Primitives.ChartColor ChartForgeX.Stories.StorySyntaxPalette.Plain { get; set; }","public ChartForgeX.Primitives.ChartColor ChartForgeX.Stories.StorySyntaxPalette.Plain { get; set; }","assembly-move","ChartForgeX.Stories"
"9cd02a52af97426eab4bf64b9775ce93057e5986","de8ab2a75330edc93f7c3b529463a05c5d2c1b7e","P:ChartForgeX.Stories.StorySyntaxPalette.Property","ChartForgeX","ChartForgeX.Stories","public ChartForgeX.Primitives.ChartColor ChartForgeX.Stories.StorySyntaxPalette.Property { get; set; }","public ChartForgeX.Primitives.ChartColor ChartForgeX.Stories.StorySyntaxPalette.Property { get; set; }","assembly-move","ChartForgeX.Stories"
"9cd02a52af97426eab4bf64b9775ce93057e5986","de8ab2a75330edc93f7c3b529463a05c5d2c1b7e","P:ChartForgeX.Stories.StorySyntaxPalette.Punctuation","ChartForgeX","ChartForgeX.Stories","public ChartForgeX.Primitives.ChartColor ChartForgeX.Stories.StorySyntaxPalette.Punctuation { get; set; }","public ChartForgeX.Primitives.ChartColor ChartForgeX.Stories.StorySyntaxPalette.Punctuation { get; set; }","assembly-move","ChartForgeX.Stories"
"9cd02a52af97426eab4bf64b9775ce93057e5986","de8ab2a75330edc93f7c3b529463a05c5d2c1b7e","P:ChartForgeX.Stories.StorySyntaxPalette.String","ChartForgeX","ChartForgeX.Stories","public ChartForgeX.Primitives.ChartColor ChartForgeX.Stories.StorySyntaxPalette.String { get; set; }","public ChartForgeX.Primitives.ChartColor ChartForgeX.Stories.StorySyntaxPalette.String { get; set; }","assembly-move","ChartForgeX.Stories"
"9cd02a52af97426eab4bf64b9775ce93057e5986","de8ab2a75330edc93f7c3b529463a05c5d2c1b7e","P:ChartForgeX.Stories.StorySyntaxPalette.Type","ChartForgeX","ChartForgeX.Stories","public ChartForgeX.Primitives.ChartColor ChartForgeX.Stories.StorySyntaxPalette.Type { get; set; }","public ChartForgeX.Primitives.ChartColor ChartForgeX.Stories.StorySyntaxPalette.Type { get; set; }","assembly-move","ChartForgeX.Stories"
"9cd02a52af97426eab4bf64b9775ce93057e5986","de8ab2a75330edc93f7c3b529463a05c5d2c1b7e","P:ChartForgeX.Stories.StorySyntaxPalette.Variable","ChartForgeX","ChartForgeX.Stories","public ChartForgeX.Primitives.ChartColor ChartForgeX.Stories.StorySyntaxPalette.Variable { get; set; }","public ChartForgeX.Primitives.ChartColor ChartForgeX.Stories.StorySyntaxPalette.Variable { get; set; }","assembly-move","ChartForgeX.Stories"
"9cd02a52af97426eab4bf64b9775ce93057e5986","de8ab2a75330edc93f7c3b529463a05c5d2c1b7e","P:ChartForgeX.Stories.VisualStory.Description","ChartForgeX","ChartForgeX.Stories","public string ChartForgeX.Stories.VisualStory.Description { get; private set; }","public string ChartForgeX.Stories.VisualStory.Description { get; private set; }","assembly-move","ChartForgeX.Stories"
"9cd02a52af97426eab4bf64b9775ce93057e5986","de8ab2a75330edc93f7c3b529463a05c5d2c1b7e","P:ChartForgeX.Stories.VisualStory.Height","ChartForgeX","ChartForgeX.Stories","public int ChartForgeX.Stories.VisualStory.Height { get; private set; }","public int ChartForgeX.Stories.VisualStory.Height { get; private set; }","assembly-move","ChartForgeX.Stories"
"9cd02a52af97426eab4bf64b9775ce93057e5986","de8ab2a75330edc93f7c3b529463a05c5d2c1b7e","P:ChartForgeX.Stories.VisualStory.Outcomes","ChartForgeX","ChartForgeX.Stories","public System.Collections.Generic.IReadOnlyList<ChartForgeX.Stories.VisualStoryOutcome> ChartForgeX.Stories.VisualStory.Outcomes { get; }","public System.Collections.Generic.IReadOnlyList<ChartForgeX.Stories.VisualStoryOutcome> ChartForgeX.Stories.VisualStory.Outcomes { get; }","assembly-move","ChartForgeX.Stories"
"9cd02a52af97426eab4bf64b9775ce93057e5986","de8ab2a75330edc93f7c3b529463a05c5d2c1b7e","P:ChartForgeX.Stories.VisualStory.Scenes","ChartForgeX","ChartForgeX.Stories","public System.Collections.Generic.IReadOnlyList<ChartForgeX.Stories.VisualStoryScene> ChartForgeX.Stories.VisualStory.Scenes { get; }","public System.Collections.Generic.IReadOnlyList<ChartForgeX.Stories.VisualStoryScene> ChartForgeX.Stories.VisualStory.Scenes { get; }","assembly-move","ChartForgeX.Stories"
"9cd02a52af97426eab4bf64b9775ce93057e5986","de8ab2a75330edc93f7c3b529463a05c5d2c1b7e","P:ChartForgeX.Stories.VisualStory.Theme","ChartForgeX","ChartForgeX.Stories","public ChartForgeX.Stories.VisualStoryTheme ChartForgeX.Stories.VisualStory.Theme { get; private set; }","public ChartForgeX.Stories.VisualStoryTheme ChartForgeX.Stories.VisualStory.Theme { get; private set; }","assembly-move","ChartForgeX.Stories"
"9cd02a52af97426eab4bf64b9775ce93057e5986","de8ab2a75330edc93f7c3b529463a05c5d2c1b7e","P:ChartForgeX.Stories.VisualStory.Title","ChartForgeX","ChartForgeX.Stories","public string ChartForgeX.Stories.VisualStory.Title { get; }","public string ChartForgeX.Stories.VisualStory.Title { get; }","assembly-move","ChartForgeX.Stories"
"9cd02a52af97426eab4bf64b9775ce93057e5986","de8ab2a75330edc93f7c3b529463a05c5d2c1b7e","P:ChartForgeX.Stories.VisualStory.Width","ChartForgeX","ChartForgeX.Stories","public int ChartForgeX.Stories.VisualStory.Width { get; private set; }","public int ChartForgeX.Stories.VisualStory.Width { get; private set; }","assembly-move","ChartForgeX.Stories"
"9cd02a52af97426eab4bf64b9775ce93057e5986","de8ab2a75330edc93f7c3b529463a05c5d2c1b7e","P:ChartForgeX.Stories.VisualStoryAnimationOptions.EndHoldSeconds","ChartForgeX","ChartForgeX.Stories","public double ChartForgeX.Stories.VisualStoryAnimationOptions.EndHoldSeconds { get; private set; }","public double ChartForgeX.Stories.VisualStoryAnimationOptions.EndHoldSeconds { get; private set; }","assembly-move","ChartForgeX.Stories"
"9cd02a52af97426eab4bf64b9775ce93057e5986","de8ab2a75330edc93f7c3b529463a05c5d2c1b7e","P:ChartForgeX.Stories.VisualStoryAnimationOptions.FramesPerSecond","ChartForgeX","ChartForgeX.Stories","public int ChartForgeX.Stories.VisualStoryAnimationOptions.FramesPerSecond { get; private set; }","public int ChartForgeX.Stories.VisualStoryAnimationOptions.FramesPerSecond { get; private set; }","assembly-move","ChartForgeX.Stories"
"9cd02a52af97426eab4bf64b9775ce93057e5986","de8ab2a75330edc93f7c3b529463a05c5d2c1b7e","P:ChartForgeX.Stories.VisualStoryAnimationOptions.Loop","ChartForgeX","ChartForgeX.Stories","public bool ChartForgeX.Stories.VisualStoryAnimationOptions.Loop { get; private set; }","public bool ChartForgeX.Stories.VisualStoryAnimationOptions.Loop { get; private set; }","assembly-move","ChartForgeX.Stories"
"9cd02a52af97426eab4bf64b9775ce93057e5986","de8ab2a75330edc93f7c3b529463a05c5d2c1b7e","P:ChartForgeX.Stories.VisualStoryAnimationOptions.MaximumFrames","ChartForgeX","ChartForgeX.Stories","public int ChartForgeX.Stories.VisualStoryAnimationOptions.MaximumFrames { get; private set; }","public int ChartForgeX.Stories.VisualStoryAnimationOptions.MaximumFrames { get; private set; }","assembly-move","ChartForgeX.Stories"
"9cd02a52af97426eab4bf64b9775ce93057e5986","de8ab2a75330edc93f7c3b529463a05c5d2c1b7e","P:ChartForgeX.Stories.VisualStoryAnimationOptions.OutputScale","ChartForgeX","ChartForgeX.Stories","public int ChartForgeX.Stories.VisualStoryAnimationOptions.OutputScale { get; private set; }","public int ChartForgeX.Stories.VisualStoryAnimationOptions.OutputScale { get; private set; }","assembly-move","ChartForgeX.Stories"
"9cd02a52af97426eab4bf64b9775ce93057e5986","de8ab2a75330edc93f7c3b529463a05c5d2c1b7e","P:ChartForgeX.Stories.VisualStoryAnimationOptions.TransitionSeconds","ChartForgeX","ChartForgeX.Stories","public double ChartForgeX.Stories.VisualStoryAnimationOptions.TransitionSeconds { get; private set; }","public double ChartForgeX.Stories.VisualStoryAnimationOptions.TransitionSeconds { get; private set; }","assembly-move","ChartForgeX.Stories"
"9cd02a52af97426eab4bf64b9775ce93057e5986","de8ab2a75330edc93f7c3b529463a05c5d2c1b7e","P:ChartForgeX.Stories.VisualStoryMediaSurface.Raster","ChartForgeX","ChartForgeX.Stories","public ChartForgeX.Raster.RgbaImage ChartForgeX.Stories.VisualStoryMediaSurface.Raster { get; }","public ChartForgeX.Raster.RgbaImage ChartForgeX.Stories.VisualStoryMediaSurface.Raster { get; }","assembly-move","ChartForgeX.Stories"
"9cd02a52af97426eab4bf64b9775ce93057e5986","de8ab2a75330edc93f7c3b529463a05c5d2c1b7e","P:ChartForgeX.Stories.VisualStoryMediaSurface.Svg","ChartForgeX","ChartForgeX.Stories","public string ChartForgeX.Stories.VisualStoryMediaSurface.Svg { get; }","public string ChartForgeX.Stories.VisualStoryMediaSurface.Svg { get; }","assembly-move","ChartForgeX.Stories"
"9cd02a52af97426eab4bf64b9775ce93057e5986","de8ab2a75330edc93f7c3b529463a05c5d2c1b7e","P:ChartForgeX.Stories.VisualStoryOutcome.Id","ChartForgeX","ChartForgeX.Stories","public string ChartForgeX.Stories.VisualStoryOutcome.Id { get; }","public string ChartForgeX.Stories.VisualStoryOutcome.Id { get; }","assembly-move","ChartForgeX.Stories"
"9cd02a52af97426eab4bf64b9775ce93057e5986","de8ab2a75330edc93f7c3b529463a05c5d2c1b7e","P:ChartForgeX.Stories.VisualStoryOutcome.Label","ChartForgeX","ChartForgeX.Stories","public string ChartForgeX.Stories.VisualStoryOutcome.Label { get; }","public string ChartForgeX.Stories.VisualStoryOutcome.Label { get; }","assembly-move","ChartForgeX.Stories"
"9cd02a52af97426eab4bf64b9775ce93057e5986","de8ab2a75330edc93f7c3b529463a05c5d2c1b7e","P:ChartForgeX.Stories.VisualStoryOutcome.PanelId","ChartForgeX","ChartForgeX.Stories","public string ChartForgeX.Stories.VisualStoryOutcome.PanelId { get; }","public string ChartForgeX.Stories.VisualStoryOutcome.PanelId { get; }","assembly-move","ChartForgeX.Stories"
"9cd02a52af97426eab4bf64b9775ce93057e5986","de8ab2a75330edc93f7c3b529463a05c5d2c1b7e","P:ChartForgeX.Stories.VisualStoryPanel.Id","ChartForgeX","ChartForgeX.Stories","public string ChartForgeX.Stories.VisualStoryPanel.Id { get; }","public string ChartForgeX.Stories.VisualStoryPanel.Id { get; }","assembly-move","ChartForgeX.Stories"
"9cd02a52af97426eab4bf64b9775ce93057e5986","de8ab2a75330edc93f7c3b529463a05c5d2c1b7e","P:ChartForgeX.Stories.VisualStoryPanel.Surface","ChartForgeX","ChartForgeX.Stories","public ChartForgeX.Stories.VisualStorySurface ChartForgeX.Stories.VisualStoryPanel.Surface { get; }","public ChartForgeX.Stories.VisualStorySurface ChartForgeX.Stories.VisualStoryPanel.Surface { get; }","assembly-move","ChartForgeX.Stories"
"9cd02a52af97426eab4bf64b9775ce93057e5986","de8ab2a75330edc93f7c3b529463a05c5d2c1b7e","P:ChartForgeX.Stories.VisualStoryPanel.Title","ChartForgeX","ChartForgeX.Stories","public string ChartForgeX.Stories.VisualStoryPanel.Title { get; }","public string ChartForgeX.Stories.VisualStoryPanel.Title { get; }","assembly-move","ChartForgeX.Stories"
"9cd02a52af97426eab4bf64b9775ce93057e5986","de8ab2a75330edc93f7c3b529463a05c5d2c1b7e","P:ChartForgeX.Stories.VisualStoryPanel.Weight","ChartForgeX","ChartForgeX.Stories","public double ChartForgeX.Stories.VisualStoryPanel.Weight { get; }","public double ChartForgeX.Stories.VisualStoryPanel.Weight { get; }","assembly-move","ChartForgeX.Stories"
"9cd02a52af97426eab4bf64b9775ce93057e5986","de8ab2a75330edc93f7c3b529463a05c5d2c1b7e","P:ChartForgeX.Stories.VisualStoryScene.DurationSeconds","ChartForgeX","ChartForgeX.Stories","public double ChartForgeX.Stories.VisualStoryScene.DurationSeconds { get; }","public double ChartForgeX.Stories.VisualStoryScene.DurationSeconds { get; }","assembly-move","ChartForgeX.Stories"
"9cd02a52af97426eab4bf64b9775ce93057e5986","de8ab2a75330edc93f7c3b529463a05c5d2c1b7e","P:ChartForgeX.Stories.VisualStoryScene.Id","ChartForgeX","ChartForgeX.Stories","public string ChartForgeX.Stories.VisualStoryScene.Id { get; }","public string ChartForgeX.Stories.VisualStoryScene.Id { get; }","assembly-move","ChartForgeX.Stories"
"9cd02a52af97426eab4bf64b9775ce93057e5986","de8ab2a75330edc93f7c3b529463a05c5d2c1b7e","P:ChartForgeX.Stories.VisualStoryScene.Layout","ChartForgeX","ChartForgeX.Stories","public ChartForgeX.Stories.VisualStorySceneLayout ChartForgeX.Stories.VisualStoryScene.Layout { get; }","public ChartForgeX.Stories.VisualStorySceneLayout ChartForgeX.Stories.VisualStoryScene.Layout { get; }","assembly-move","ChartForgeX.Stories"
"9cd02a52af97426eab4bf64b9775ce93057e5986","de8ab2a75330edc93f7c3b529463a05c5d2c1b7e","P:ChartForgeX.Stories.VisualStoryScene.Panels","ChartForgeX","ChartForgeX.Stories","public System.Collections.Generic.IReadOnlyList<ChartForgeX.Stories.VisualStoryPanel> ChartForgeX.Stories.VisualStoryScene.Panels { get; }","public System.Collections.Generic.IReadOnlyList<ChartForgeX.Stories.VisualStoryPanel> ChartForgeX.Stories.VisualStoryScene.Panels { get; }","assembly-move","ChartForgeX.Stories"
"9cd02a52af97426eab4bf64b9775ce93057e5986","de8ab2a75330edc93f7c3b529463a05c5d2c1b7e","P:ChartForgeX.Stories.VisualStoryScene.Title","ChartForgeX","ChartForgeX.Stories","public string ChartForgeX.Stories.VisualStoryScene.Title { get; }","public string ChartForgeX.Stories.VisualStoryScene.Title { get; }","assembly-move","ChartForgeX.Stories"
"9cd02a52af97426eab4bf64b9775ce93057e5986","de8ab2a75330edc93f7c3b529463a05c5d2c1b7e","P:ChartForgeX.Stories.VisualStorySourceSurface.AccessibleText","ChartForgeX","ChartForgeX.Stories","public override string ChartForgeX.Stories.VisualStorySourceSurface.AccessibleText { get; }","public override string ChartForgeX.Stories.VisualStorySourceSurface.AccessibleText { get; }","assembly-move","ChartForgeX.Stories"
"9cd02a52af97426eab4bf64b9775ce93057e5986","de8ab2a75330edc93f7c3b529463a05c5d2c1b7e","P:ChartForgeX.Stories.VisualStorySourceSurface.Source","ChartForgeX","ChartForgeX.Stories","public ChartForgeX.Stories.StorySourceText ChartForgeX.Stories.VisualStorySourceSurface.Source { get; }","public ChartForgeX.Stories.StorySourceText ChartForgeX.Stories.VisualStorySourceSurface.Source { get; }","assembly-move","ChartForgeX.Stories"
"9cd02a52af97426eab4bf64b9775ce93057e5986","de8ab2a75330edc93f7c3b529463a05c5d2c1b7e","P:ChartForgeX.Stories.VisualStorySurface.AccessibleText","ChartForgeX","ChartForgeX.Stories","public virtual string ChartForgeX.Stories.VisualStorySurface.AccessibleText { get; }","public virtual string ChartForgeX.Stories.VisualStorySurface.AccessibleText { get; }","assembly-move","ChartForgeX.Stories"
"9cd02a52af97426eab4bf64b9775ce93057e5986","de8ab2a75330edc93f7c3b529463a05c5d2c1b7e","P:ChartForgeX.Stories.VisualStorySurface.Kind","ChartForgeX","ChartForgeX.Stories","public ChartForgeX.Stories.VisualStorySurfaceKind ChartForgeX.Stories.VisualStorySurface.Kind { get; }","public ChartForgeX.Stories.VisualStorySurfaceKind ChartForgeX.Stories.VisualStorySurface.Kind { get; }","assembly-move","ChartForgeX.Stories"
"9cd02a52af97426eab4bf64b9775ce93057e5986","de8ab2a75330edc93f7c3b529463a05c5d2c1b7e","P:ChartForgeX.Stories.VisualStoryTerminalSurface.AccessibleText","ChartForgeX","ChartForgeX.Stories","public override string ChartForgeX.Stories.VisualStoryTerminalSurface.AccessibleText { get; }","public override string ChartForgeX.Stories.VisualStoryTerminalSurface.AccessibleText { get; }","assembly-move","ChartForgeX.Stories"
"9cd02a52af97426eab4bf64b9775ce93057e5986","de8ab2a75330edc93f7c3b529463a05c5d2c1b7e","P:ChartForgeX.Stories.VisualStoryTerminalSurface.Terminal","ChartForgeX","ChartForgeX.Stories","public ChartForgeX.Terminal.TerminalStory ChartForgeX.Stories.VisualStoryTerminalSurface.Terminal { get; }","public ChartForgeX.Terminal.TerminalStory ChartForgeX.Stories.VisualStoryTerminalSurface.Terminal { get; }","assembly-move","ChartForgeX.Stories"
"9cd02a52af97426eab4bf64b9775ce93057e5986","de8ab2a75330edc93f7c3b529463a05c5d2c1b7e","P:ChartForgeX.Stories.VisualStoryTextSurface.Emphasized","ChartForgeX","ChartForgeX.Stories","public bool ChartForgeX.Stories.VisualStoryTextSurface.Emphasized { get; }","public bool ChartForgeX.Stories.VisualStoryTextSurface.Emphasized { get; }","assembly-move","ChartForgeX.Stories"
"9cd02a52af97426eab4bf64b9775ce93057e5986","de8ab2a75330edc93f7c3b529463a05c5d2c1b7e","P:ChartForgeX.Stories.VisualStoryTextSurface.Text","ChartForgeX","ChartForgeX.Stories","public string ChartForgeX.Stories.VisualStoryTextSurface.Text { get; }","public string ChartForgeX.Stories.VisualStoryTextSurface.Text { get; }","assembly-move","ChartForgeX.Stories"
"9cd02a52af97426eab4bf64b9775ce93057e5986","de8ab2a75330edc93f7c3b529463a05c5d2c1b7e","P:ChartForgeX.Stories.VisualStoryTheme.Accent","ChartForgeX","ChartForgeX.Stories","public ChartForgeX.Primitives.ChartColor ChartForgeX.Stories.VisualStoryTheme.Accent { get; set; }","public ChartForgeX.Primitives.ChartColor ChartForgeX.Stories.VisualStoryTheme.Accent { get; set; }","assembly-move","ChartForgeX.Stories"
"9cd02a52af97426eab4bf64b9775ce93057e5986","de8ab2a75330edc93f7c3b529463a05c5d2c1b7e","P:ChartForgeX.Stories.VisualStoryTheme.Background","ChartForgeX","ChartForgeX.Stories","public ChartForgeX.Primitives.ChartColor ChartForgeX.Stories.VisualStoryTheme.Background { get; set; }","public ChartForgeX.Primitives.ChartColor ChartForgeX.Stories.VisualStoryTheme.Background { get; set; }","assembly-move","ChartForgeX.Stories"
"9cd02a52af97426eab4bf64b9775ce93057e5986","de8ab2a75330edc93f7c3b529463a05c5d2c1b7e","P:ChartForgeX.Stories.VisualStoryTheme.Border","ChartForgeX","ChartForgeX.Stories","public ChartForgeX.Primitives.ChartColor ChartForgeX.Stories.VisualStoryTheme.Border { get; set; }","public ChartForgeX.Primitives.ChartColor ChartForgeX.Stories.VisualStoryTheme.Border { get; set; }","assembly-move","ChartForgeX.Stories"
"9cd02a52af97426eab4bf64b9775ce93057e5986","de8ab2a75330edc93f7c3b529463a05c5d2c1b7e","P:ChartForgeX.Stories.VisualStoryTheme.FontFamily","ChartForgeX","ChartForgeX.Stories","public string ChartForgeX.Stories.VisualStoryTheme.FontFamily { get; set; }","public string ChartForgeX.Stories.VisualStoryTheme.FontFamily { get; set; }","assembly-move","ChartForgeX.Stories"
"9cd02a52af97426eab4bf64b9775ce93057e5986","de8ab2a75330edc93f7c3b529463a05c5d2c1b7e","P:ChartForgeX.Stories.VisualStoryTheme.MonospaceFontFamily","ChartForgeX","ChartForgeX.Stories","public string ChartForgeX.Stories.VisualStoryTheme.MonospaceFontFamily { get; set; }","public string ChartForgeX.Stories.VisualStoryTheme.MonospaceFontFamily { get; set; }","assembly-move","ChartForgeX.Stories"
"9cd02a52af97426eab4bf64b9775ce93057e5986","de8ab2a75330edc93f7c3b529463a05c5d2c1b7e","P:ChartForgeX.Stories.VisualStoryTheme.Muted","ChartForgeX","ChartForgeX.Stories","public ChartForgeX.Primitives.ChartColor ChartForgeX.Stories.VisualStoryTheme.Muted { get; set; }","public ChartForgeX.Primitives.ChartColor ChartForgeX.Stories.VisualStoryTheme.Muted { get; set; }","assembly-move","ChartForgeX.Stories"
"9cd02a52af97426eab4bf64b9775ce93057e5986","de8ab2a75330edc93f7c3b529463a05c5d2c1b7e","P:ChartForgeX.Stories.VisualStoryTheme.Panel","ChartForgeX","ChartForgeX.Stories","public ChartForgeX.Primitives.ChartColor ChartForgeX.Stories.VisualStoryTheme.Panel { get; set; }","public ChartForgeX.Primitives.ChartColor ChartForgeX.Stories.VisualStoryTheme.Panel { get; set; }","assembly-move","ChartForgeX.Stories"
"9cd02a52af97426eab4bf64b9775ce93057e5986","de8ab2a75330edc93f7c3b529463a05c5d2c1b7e","P:ChartForgeX.Stories.VisualStoryTheme.Success","ChartForgeX","ChartForgeX.Stories","public ChartForgeX.Primitives.ChartColor ChartForgeX.Stories.VisualStoryTheme.Success { get; set; }","public ChartForgeX.Primitives.ChartColor ChartForgeX.Stories.VisualStoryTheme.Success { get; set; }","assembly-move","ChartForgeX.Stories"
"9cd02a52af97426eab4bf64b9775ce93057e5986","de8ab2a75330edc93f7c3b529463a05c5d2c1b7e","P:ChartForgeX.Stories.VisualStoryTheme.Syntax","ChartForgeX","ChartForgeX.Stories","public ChartForgeX.Stories.StorySyntaxPalette ChartForgeX.Stories.VisualStoryTheme.Syntax { get; set; }","public ChartForgeX.Stories.StorySyntaxPalette ChartForgeX.Stories.VisualStoryTheme.Syntax { get; set; }","assembly-move","ChartForgeX.Stories"
"9cd02a52af97426eab4bf64b9775ce93057e5986","de8ab2a75330edc93f7c3b529463a05c5d2c1b7e","P:ChartForgeX.Stories.VisualStoryTheme.Text","ChartForgeX","ChartForgeX.Stories","public ChartForgeX.Primitives.ChartColor ChartForgeX.Stories.VisualStoryTheme.Text { get; set; }","public ChartForgeX.Primitives.ChartColor ChartForgeX.Stories.VisualStoryTheme.Text { get; set; }","assembly-move","ChartForgeX.Stories"
"9cd02a52af97426eab4bf64b9775ce93057e5986","de8ab2a75330edc93f7c3b529463a05c5d2c1b7e","P:ChartForgeX.Terminal.TerminalStory.ActiveTabId","ChartForgeX","ChartForgeX.Stories","public string ChartForgeX.Terminal.TerminalStory.ActiveTabId { get; }","public string ChartForgeX.Terminal.TerminalStory.ActiveTabId { get; }","assembly-move","ChartForgeX.Stories"
"9cd02a52af97426eab4bf64b9775ce93057e5986","de8ab2a75330edc93f7c3b529463a05c5d2c1b7e","P:ChartForgeX.Terminal.TerminalStory.CharactersPerSecond","ChartForgeX","ChartForgeX.Stories","public double ChartForgeX.Terminal.TerminalStory.CharactersPerSecond { get; private set; }","public double ChartForgeX.Terminal.TerminalStory.CharactersPerSecond { get; private set; }","assembly-move","ChartForgeX.Stories"
"9cd02a52af97426eab4bf64b9775ce93057e5986","de8ab2a75330edc93f7c3b529463a05c5d2c1b7e","P:ChartForgeX.Terminal.TerminalStory.CustomPrompt","ChartForgeX","ChartForgeX.Stories","public string ChartForgeX.Terminal.TerminalStory.CustomPrompt { get; }","public string ChartForgeX.Terminal.TerminalStory.CustomPrompt { get; }","assembly-move","ChartForgeX.Stories"
"9cd02a52af97426eab4bf64b9775ce93057e5986","de8ab2a75330edc93f7c3b529463a05c5d2c1b7e","P:ChartForgeX.Terminal.TerminalStory.Dialect","ChartForgeX","ChartForgeX.Stories","public ChartForgeX.Terminal.TerminalDialect ChartForgeX.Terminal.TerminalStory.Dialect { get; }","public ChartForgeX.Terminal.TerminalDialect ChartForgeX.Terminal.TerminalStory.Dialect { get; }","assembly-move","ChartForgeX.Stories"
"9cd02a52af97426eab4bf64b9775ce93057e5986","de8ab2a75330edc93f7c3b529463a05c5d2c1b7e","P:ChartForgeX.Terminal.TerminalStory.FontSize","ChartForgeX","ChartForgeX.Stories","public double ChartForgeX.Terminal.TerminalStory.FontSize { get; private set; }","public double ChartForgeX.Terminal.TerminalStory.FontSize { get; private set; }","assembly-move","ChartForgeX.Stories"
"9cd02a52af97426eab4bf64b9775ce93057e5986","de8ab2a75330edc93f7c3b529463a05c5d2c1b7e","P:ChartForgeX.Terminal.TerminalStory.InitialDelaySeconds","ChartForgeX","ChartForgeX.Stories","public double ChartForgeX.Terminal.TerminalStory.InitialDelaySeconds { get; private set; }","public double ChartForgeX.Terminal.TerminalStory.InitialDelaySeconds { get; private set; }","assembly-move","ChartForgeX.Stories"
"9cd02a52af97426eab4bf64b9775ce93057e5986","de8ab2a75330edc93f7c3b529463a05c5d2c1b7e","P:ChartForgeX.Terminal.TerminalStory.LineDelaySeconds","ChartForgeX","ChartForgeX.Stories","public double ChartForgeX.Terminal.TerminalStory.LineDelaySeconds { get; private set; }","public double ChartForgeX.Terminal.TerminalStory.LineDelaySeconds { get; private set; }","assembly-move","ChartForgeX.Stories"
"9cd02a52af97426eab4bf64b9775ce93057e5986","de8ab2a75330edc93f7c3b529463a05c5d2c1b7e","P:ChartForgeX.Terminal.TerminalStory.LineHeight","ChartForgeX","ChartForgeX.Stories","public double ChartForgeX.Terminal.TerminalStory.LineHeight { get; private set; }","public double ChartForgeX.Terminal.TerminalStory.LineHeight { get; private set; }","assembly-move","ChartForgeX.Stories"
"9cd02a52af97426eab4bf64b9775ce93057e5986","de8ab2a75330edc93f7c3b529463a05c5d2c1b7e","P:ChartForgeX.Terminal.TerminalStory.PngOutputScale","ChartForgeX","ChartForgeX.Stories","public int ChartForgeX.Terminal.TerminalStory.PngOutputScale { get; private set; }","public int ChartForgeX.Terminal.TerminalStory.PngOutputScale { get; private set; }","assembly-move","ChartForgeX.Stories"
"9cd02a52af97426eab4bf64b9775ce93057e5986","de8ab2a75330edc93f7c3b529463a05c5d2c1b7e","P:ChartForgeX.Terminal.TerminalStory.ShowFinalPrompt","ChartForgeX","ChartForgeX.Stories","public bool ChartForgeX.Terminal.TerminalStory.ShowFinalPrompt { get; private set; }","public bool ChartForgeX.Terminal.TerminalStory.ShowFinalPrompt { get; private set; }","assembly-move","ChartForgeX.Stories"
"9cd02a52af97426eab4bf64b9775ce93057e5986","de8ab2a75330edc93f7c3b529463a05c5d2c1b7e","P:ChartForgeX.Terminal.TerminalStory.Steps","ChartForgeX","ChartForgeX.Stories","public System.Collections.Generic.IReadOnlyList<ChartForgeX.Terminal.TerminalStoryStep> ChartForgeX.Terminal.TerminalStory.Steps { get; }","public System.Collections.Generic.IReadOnlyList<ChartForgeX.Terminal.TerminalStoryStep> ChartForgeX.Terminal.TerminalStory.Steps { get; }","assembly-move","ChartForgeX.Stories"
"9cd02a52af97426eab4bf64b9775ce93057e5986","de8ab2a75330edc93f7c3b529463a05c5d2c1b7e","P:ChartForgeX.Terminal.TerminalStory.TabHoldSeconds","ChartForgeX","ChartForgeX.Stories","public double ChartForgeX.Terminal.TerminalStory.TabHoldSeconds { get; private set; }","public double ChartForgeX.Terminal.TerminalStory.TabHoldSeconds { get; private set; }","assembly-move","ChartForgeX.Stories"
"9cd02a52af97426eab4bf64b9775ce93057e5986","de8ab2a75330edc93f7c3b529463a05c5d2c1b7e","P:ChartForgeX.Terminal.TerminalStory.Tabs","ChartForgeX","ChartForgeX.Stories","public System.Collections.Generic.IReadOnlyList<ChartForgeX.Terminal.TerminalTab> ChartForgeX.Terminal.TerminalStory.Tabs { get; }","public System.Collections.Generic.IReadOnlyList<ChartForgeX.Terminal.TerminalTab> ChartForgeX.Terminal.TerminalStory.Tabs { get; }","assembly-move","ChartForgeX.Stories"
"9cd02a52af97426eab4bf64b9775ce93057e5986","de8ab2a75330edc93f7c3b529463a05c5d2c1b7e","P:ChartForgeX.Terminal.TerminalStory.Theme","ChartForgeX","ChartForgeX.Stories","public ChartForgeX.Terminal.TerminalTheme ChartForgeX.Terminal.TerminalStory.Theme { get; }","public ChartForgeX.Terminal.TerminalTheme ChartForgeX.Terminal.TerminalStory.Theme { get; }","assembly-move","ChartForgeX.Stories"
"9cd02a52af97426eab4bf64b9775ce93057e5986","de8ab2a75330edc93f7c3b529463a05c5d2c1b7e","P:ChartForgeX.Terminal.TerminalStory.Title","ChartForgeX","ChartForgeX.Stories","public string ChartForgeX.Terminal.TerminalStory.Title { get; }","public string ChartForgeX.Terminal.TerminalStory.Title { get; }","assembly-move","ChartForgeX.Stories"
"9cd02a52af97426eab4bf64b9775ce93057e5986","de8ab2a75330edc93f7c3b529463a05c5d2c1b7e","P:ChartForgeX.Terminal.TerminalStory.Width","ChartForgeX","ChartForgeX.Stories","public int ChartForgeX.Terminal.TerminalStory.Width { get; private set; }","public int ChartForgeX.Terminal.TerminalStory.Width { get; private set; }","assembly-move","ChartForgeX.Stories"
"9cd02a52af97426eab4bf64b9775ce93057e5986","de8ab2a75330edc93f7c3b529463a05c5d2c1b7e","P:ChartForgeX.Terminal.TerminalStory.WindowStyle","ChartForgeX","ChartForgeX.Stories","public ChartForgeX.Terminal.TerminalWindowStyle ChartForgeX.Terminal.TerminalStory.WindowStyle { get; private set; }","public ChartForgeX.Terminal.TerminalWindowStyle ChartForgeX.Terminal.TerminalStory.WindowStyle { get; private set; }","assembly-move","ChartForgeX.Stories"
"9cd02a52af97426eab4bf64b9775ce93057e5986","de8ab2a75330edc93f7c3b529463a05c5d2c1b7e","P:ChartForgeX.Terminal.TerminalStory.WorkingDirectory","ChartForgeX","ChartForgeX.Stories","public string ChartForgeX.Terminal.TerminalStory.WorkingDirectory { get; }","public string ChartForgeX.Terminal.TerminalStory.WorkingDirectory { get; }","assembly-move","ChartForgeX.Stories"
"9cd02a52af97426eab4bf64b9775ce93057e5986","de8ab2a75330edc93f7c3b529463a05c5d2c1b7e","P:ChartForgeX.Terminal.TerminalStoryAnimationOptions.EndHoldSeconds","ChartForgeX","ChartForgeX.Stories","public double ChartForgeX.Terminal.TerminalStoryAnimationOptions.EndHoldSeconds { get; private set; }","public double ChartForgeX.Terminal.TerminalStoryAnimationOptions.EndHoldSeconds { get; private set; }","assembly-move","ChartForgeX.Stories"
"9cd02a52af97426eab4bf64b9775ce93057e5986","de8ab2a75330edc93f7c3b529463a05c5d2c1b7e","P:ChartForgeX.Terminal.TerminalStoryAnimationOptions.FramesPerSecond","ChartForgeX","ChartForgeX.Stories","public int ChartForgeX.Terminal.TerminalStoryAnimationOptions.FramesPerSecond { get; private set; }","public int ChartForgeX.Terminal.TerminalStoryAnimationOptions.FramesPerSecond { get; private set; }","assembly-move","ChartForgeX.Stories"
"9cd02a52af97426eab4bf64b9775ce93057e5986","de8ab2a75330edc93f7c3b529463a05c5d2c1b7e","P:ChartForgeX.Terminal.TerminalStoryAnimationOptions.Loop","ChartForgeX","ChartForgeX.Stories","public bool ChartForgeX.Terminal.TerminalStoryAnimationOptions.Loop { get; private set; }","public bool ChartForgeX.Terminal.TerminalStoryAnimationOptions.Loop { get; private set; }","assembly-move","ChartForgeX.Stories"
"9cd02a52af97426eab4bf64b9775ce93057e5986","de8ab2a75330edc93f7c3b529463a05c5d2c1b7e","P:ChartForgeX.Terminal.TerminalStoryAnimationOptions.MaximumFrames","ChartForgeX","ChartForgeX.Stories","public int ChartForgeX.Terminal.TerminalStoryAnimationOptions.MaximumFrames { get; private set; }","public int ChartForgeX.Terminal.TerminalStoryAnimationOptions.MaximumFrames { get; private set; }","assembly-move","ChartForgeX.Stories"
"9cd02a52af97426eab4bf64b9775ce93057e5986","de8ab2a75330edc93f7c3b529463a05c5d2c1b7e","P:ChartForgeX.Terminal.TerminalStoryAnimationOptions.OutputScale","ChartForgeX","ChartForgeX.Stories","public int ChartForgeX.Terminal.TerminalStoryAnimationOptions.OutputScale { get; private set; }","public int ChartForgeX.Terminal.TerminalStoryAnimationOptions.OutputScale { get; private set; }","assembly-move","ChartForgeX.Stories"
"9cd02a52af97426eab4bf64b9775ce93057e5986","de8ab2a75330edc93f7c3b529463a05c5d2c1b7e","P:ChartForgeX.Terminal.TerminalStoryStep.DurationSeconds","ChartForgeX","ChartForgeX.Stories","public double ChartForgeX.Terminal.TerminalStoryStep.DurationSeconds { get; }","public double ChartForgeX.Terminal.TerminalStoryStep.DurationSeconds { get; }","assembly-move","ChartForgeX.Stories"
"9cd02a52af97426eab4bf64b9775ce93057e5986","de8ab2a75330edc93f7c3b529463a05c5d2c1b7e","P:ChartForgeX.Terminal.TerminalStoryStep.Kind","ChartForgeX","ChartForgeX.Stories","public ChartForgeX.Terminal.TerminalStoryStepKind ChartForgeX.Terminal.TerminalStoryStep.Kind { get; }","public ChartForgeX.Terminal.TerminalStoryStepKind ChartForgeX.Terminal.TerminalStoryStep.Kind { get; }","assembly-move","ChartForgeX.Stories"
"9cd02a52af97426eab4bf64b9775ce93057e5986","de8ab2a75330edc93f7c3b529463a05c5d2c1b7e","P:ChartForgeX.Terminal.TerminalStoryStep.Tab","ChartForgeX","ChartForgeX.Stories","public ChartForgeX.Terminal.TerminalTab? ChartForgeX.Terminal.TerminalStoryStep.Tab { get; }","public ChartForgeX.Terminal.TerminalTab? ChartForgeX.Terminal.TerminalStoryStep.Tab { get; }","assembly-move","ChartForgeX.Stories"
"9cd02a52af97426eab4bf64b9775ce93057e5986","de8ab2a75330edc93f7c3b529463a05c5d2c1b7e","P:ChartForgeX.Terminal.TerminalStoryStep.TabId","ChartForgeX","ChartForgeX.Stories","public string ChartForgeX.Terminal.TerminalStoryStep.TabId { get; }","public string ChartForgeX.Terminal.TerminalStoryStep.TabId { get; }","assembly-move","ChartForgeX.Stories"
"9cd02a52af97426eab4bf64b9775ce93057e5986","de8ab2a75330edc93f7c3b529463a05c5d2c1b7e","P:ChartForgeX.Terminal.TerminalStoryStep.Table","ChartForgeX","ChartForgeX.Stories","public ChartForgeX.Terminal.TerminalTable? ChartForgeX.Terminal.TerminalStoryStep.Table { get; }","public ChartForgeX.Terminal.TerminalTable? ChartForgeX.Terminal.TerminalStoryStep.Table { get; }","assembly-move","ChartForgeX.Stories"
"9cd02a52af97426eab4bf64b9775ce93057e5986","de8ab2a75330edc93f7c3b529463a05c5d2c1b7e","P:ChartForgeX.Terminal.TerminalStoryStep.Text","ChartForgeX","ChartForgeX.Stories","public string ChartForgeX.Terminal.TerminalStoryStep.Text { get; }","public string ChartForgeX.Terminal.TerminalStoryStep.Text { get; }","assembly-move","ChartForgeX.Stories"
"9cd02a52af97426eab4bf64b9775ce93057e5986","de8ab2a75330edc93f7c3b529463a05c5d2c1b7e","P:ChartForgeX.Terminal.TerminalStoryStep.Tone","ChartForgeX","ChartForgeX.Stories","public ChartForgeX.Terminal.TerminalTextTone ChartForgeX.Terminal.TerminalStoryStep.Tone { get; }","public ChartForgeX.Terminal.TerminalTextTone ChartForgeX.Terminal.TerminalStoryStep.Tone { get; }","assembly-move","ChartForgeX.Stories"
"9cd02a52af97426eab4bf64b9775ce93057e5986","de8ab2a75330edc93f7c3b529463a05c5d2c1b7e","P:ChartForgeX.Terminal.TerminalTab.CustomPrompt","ChartForgeX","ChartForgeX.Stories","public string ChartForgeX.Terminal.TerminalTab.CustomPrompt { get; internal set; }","public string ChartForgeX.Terminal.TerminalTab.CustomPrompt { get; internal set; }","assembly-move","ChartForgeX.Stories"
"9cd02a52af97426eab4bf64b9775ce93057e5986","de8ab2a75330edc93f7c3b529463a05c5d2c1b7e","P:ChartForgeX.Terminal.TerminalTab.Dialect","ChartForgeX","ChartForgeX.Stories","public ChartForgeX.Terminal.TerminalDialect ChartForgeX.Terminal.TerminalTab.Dialect { get; internal set; }","public ChartForgeX.Terminal.TerminalDialect ChartForgeX.Terminal.TerminalTab.Dialect { get; internal set; }","assembly-move","ChartForgeX.Stories"
"9cd02a52af97426eab4bf64b9775ce93057e5986","de8ab2a75330edc93f7c3b529463a05c5d2c1b7e","P:ChartForgeX.Terminal.TerminalTab.Icon","ChartForgeX","ChartForgeX.Stories","public ChartForgeX.Terminal.TerminalTabIcon ChartForgeX.Terminal.TerminalTab.Icon { get; internal set; }","public ChartForgeX.Terminal.TerminalTabIcon ChartForgeX.Terminal.TerminalTab.Icon { get; internal set; }","assembly-move","ChartForgeX.Stories"
"9cd02a52af97426eab4bf64b9775ce93057e5986","de8ab2a75330edc93f7c3b529463a05c5d2c1b7e","P:ChartForgeX.Terminal.TerminalTab.Id","ChartForgeX","ChartForgeX.Stories","public string ChartForgeX.Terminal.TerminalTab.Id { get; }","public string ChartForgeX.Terminal.TerminalTab.Id { get; }","assembly-move","ChartForgeX.Stories"
"9cd02a52af97426eab4bf64b9775ce93057e5986","de8ab2a75330edc93f7c3b529463a05c5d2c1b7e","P:ChartForgeX.Terminal.TerminalTab.Theme","ChartForgeX","ChartForgeX.Stories","public ChartForgeX.Terminal.TerminalTheme ChartForgeX.Terminal.TerminalTab.Theme { get; internal set; }","public ChartForgeX.Terminal.TerminalTheme ChartForgeX.Terminal.TerminalTab.Theme { get; internal set; }","assembly-move","ChartForgeX.Stories"
"9cd02a52af97426eab4bf64b9775ce93057e5986","de8ab2a75330edc93f7c3b529463a05c5d2c1b7e","P:ChartForgeX.Terminal.TerminalTab.Title","ChartForgeX","ChartForgeX.Stories","public string ChartForgeX.Terminal.TerminalTab.Title { get; internal set; }","public string ChartForgeX.Terminal.TerminalTab.Title { get; internal set; }","assembly-move","ChartForgeX.Stories"
"9cd02a52af97426eab4bf64b9775ce93057e5986","de8ab2a75330edc93f7c3b529463a05c5d2c1b7e","P:ChartForgeX.Terminal.TerminalTab.WorkingDirectory","ChartForgeX","ChartForgeX.Stories","public string ChartForgeX.Terminal.TerminalTab.WorkingDirectory { get; internal set; }","public string ChartForgeX.Terminal.TerminalTab.WorkingDirectory { get; internal set; }","assembly-move","ChartForgeX.Stories"
"9cd02a52af97426eab4bf64b9775ce93057e5986","de8ab2a75330edc93f7c3b529463a05c5d2c1b7e","P:ChartForgeX.Terminal.TerminalTable.Alignments","ChartForgeX","ChartForgeX.Stories","public System.Collections.Generic.IReadOnlyList<ChartForgeX.Terminal.TerminalColumnAlignment> ChartForgeX.Terminal.TerminalTable.Alignments { get; }","public System.Collections.Generic.IReadOnlyList<ChartForgeX.Terminal.TerminalColumnAlignment> ChartForgeX.Terminal.TerminalTable.Alignments { get; }","assembly-move","ChartForgeX.Stories"
"9cd02a52af97426eab4bf64b9775ce93057e5986","de8ab2a75330edc93f7c3b529463a05c5d2c1b7e","P:ChartForgeX.Terminal.TerminalTable.Columns","ChartForgeX","ChartForgeX.Stories","public System.Collections.Generic.IReadOnlyList<string> ChartForgeX.Terminal.TerminalTable.Columns { get; }","public System.Collections.Generic.IReadOnlyList<string> ChartForgeX.Terminal.TerminalTable.Columns { get; }","assembly-move","ChartForgeX.Stories"
"9cd02a52af97426eab4bf64b9775ce93057e5986","de8ab2a75330edc93f7c3b529463a05c5d2c1b7e","P:ChartForgeX.Terminal.TerminalTable.Rows","ChartForgeX","ChartForgeX.Stories","public System.Collections.Generic.IReadOnlyList<System.Collections.Generic.IReadOnlyList<string>> ChartForgeX.Terminal.TerminalTable.Rows { get; }","public System.Collections.Generic.IReadOnlyList<System.Collections.Generic.IReadOnlyList<string>> ChartForgeX.Terminal.TerminalTable.Rows { get; }","assembly-move","ChartForgeX.Stories"
"9cd02a52af97426eab4bf64b9775ce93057e5986","de8ab2a75330edc93f7c3b529463a05c5d2c1b7e","P:ChartForgeX.Terminal.TerminalTheme.Accent","ChartForgeX","ChartForgeX.Stories","public ChartForgeX.Primitives.ChartColor ChartForgeX.Terminal.TerminalTheme.Accent { get; set; }","public ChartForgeX.Primitives.ChartColor ChartForgeX.Terminal.TerminalTheme.Accent { get; set; }","assembly-move","ChartForgeX.Stories"
"9cd02a52af97426eab4bf64b9775ce93057e5986","de8ab2a75330edc93f7c3b529463a05c5d2c1b7e","P:ChartForgeX.Terminal.TerminalTheme.Background","ChartForgeX","ChartForgeX.Stories","public ChartForgeX.Primitives.ChartColor ChartForgeX.Terminal.TerminalTheme.Background { get; set; }","public ChartForgeX.Primitives.ChartColor ChartForgeX.Terminal.TerminalTheme.Background { get; set; }","assembly-move","ChartForgeX.Stories"
"9cd02a52af97426eab4bf64b9775ce93057e5986","de8ab2a75330edc93f7c3b529463a05c5d2c1b7e","P:ChartForgeX.Terminal.TerminalTheme.Border","ChartForgeX","ChartForgeX.Stories","public ChartForgeX.Primitives.ChartColor ChartForgeX.Terminal.TerminalTheme.Border { get; set; }","public ChartForgeX.Primitives.ChartColor ChartForgeX.Terminal.TerminalTheme.Border { get; set; }","assembly-move","ChartForgeX.Stories"
"9cd02a52af97426eab4bf64b9775ce93057e5986","de8ab2a75330edc93f7c3b529463a05c5d2c1b7e","P:ChartForgeX.Terminal.TerminalTheme.Cursor","ChartForgeX","ChartForgeX.Stories","public ChartForgeX.Primitives.ChartColor ChartForgeX.Terminal.TerminalTheme.Cursor { get; set; }","public ChartForgeX.Primitives.ChartColor ChartForgeX.Terminal.TerminalTheme.Cursor { get; set; }","assembly-move","ChartForgeX.Stories"
"9cd02a52af97426eab4bf64b9775ce93057e5986","de8ab2a75330edc93f7c3b529463a05c5d2c1b7e","P:ChartForgeX.Terminal.TerminalTheme.Error","ChartForgeX","ChartForgeX.Stories","public ChartForgeX.Primitives.ChartColor ChartForgeX.Terminal.TerminalTheme.Error { get; set; }","public ChartForgeX.Primitives.ChartColor ChartForgeX.Terminal.TerminalTheme.Error { get; set; }","assembly-move","ChartForgeX.Stories"
"9cd02a52af97426eab4bf64b9775ce93057e5986","de8ab2a75330edc93f7c3b529463a05c5d2c1b7e","P:ChartForgeX.Terminal.TerminalTheme.FontFamily","ChartForgeX","ChartForgeX.Stories","public string ChartForgeX.Terminal.TerminalTheme.FontFamily { get; set; }","public string ChartForgeX.Terminal.TerminalTheme.FontFamily { get; set; }","assembly-move","ChartForgeX.Stories"
"9cd02a52af97426eab4bf64b9775ce93057e5986","de8ab2a75330edc93f7c3b529463a05c5d2c1b7e","P:ChartForgeX.Terminal.TerminalTheme.HeaderBackground","ChartForgeX","ChartForgeX.Stories","public ChartForgeX.Primitives.ChartColor ChartForgeX.Terminal.TerminalTheme.HeaderBackground { get; set; }","public ChartForgeX.Primitives.ChartColor ChartForgeX.Terminal.TerminalTheme.HeaderBackground { get; set; }","assembly-move","ChartForgeX.Stories"
"9cd02a52af97426eab4bf64b9775ce93057e5986","de8ab2a75330edc93f7c3b529463a05c5d2c1b7e","P:ChartForgeX.Terminal.TerminalTheme.Muted","ChartForgeX","ChartForgeX.Stories","public ChartForgeX.Primitives.ChartColor ChartForgeX.Terminal.TerminalTheme.Muted { get; set; }","public ChartForgeX.Primitives.ChartColor ChartForgeX.Terminal.TerminalTheme.Muted { get; set; }","assembly-move","ChartForgeX.Stories"
"9cd02a52af97426eab4bf64b9775ce93057e5986","de8ab2a75330edc93f7c3b529463a05c5d2c1b7e","P:ChartForgeX.Terminal.TerminalTheme.PageBackground","ChartForgeX","ChartForgeX.Stories","public ChartForgeX.Primitives.ChartColor ChartForgeX.Terminal.TerminalTheme.PageBackground { get; set; }","public ChartForgeX.Primitives.ChartColor ChartForgeX.Terminal.TerminalTheme.PageBackground { get; set; }","assembly-move","ChartForgeX.Stories"
"9cd02a52af97426eab4bf64b9775ce93057e5986","de8ab2a75330edc93f7c3b529463a05c5d2c1b7e","P:ChartForgeX.Terminal.TerminalTheme.Success","ChartForgeX","ChartForgeX.Stories","public ChartForgeX.Primitives.ChartColor ChartForgeX.Terminal.TerminalTheme.Success { get; set; }","public ChartForgeX.Primitives.ChartColor ChartForgeX.Terminal.TerminalTheme.Success { get; set; }","assembly-move","ChartForgeX.Stories"
"9cd02a52af97426eab4bf64b9775ce93057e5986","de8ab2a75330edc93f7c3b529463a05c5d2c1b7e","P:ChartForgeX.Terminal.TerminalTheme.Text","ChartForgeX","ChartForgeX.Stories","public ChartForgeX.Primitives.ChartColor ChartForgeX.Terminal.TerminalTheme.Text { get; set; }","public ChartForgeX.Primitives.ChartColor ChartForgeX.Terminal.TerminalTheme.Text { get; set; }","assembly-move","ChartForgeX.Stories"
"9cd02a52af97426eab4bf64b9775ce93057e5986","de8ab2a75330edc93f7c3b529463a05c5d2c1b7e","P:ChartForgeX.Terminal.TerminalTheme.Warning","ChartForgeX","ChartForgeX.Stories","public ChartForgeX.Primitives.ChartColor ChartForgeX.Terminal.TerminalTheme.Warning { get; set; }","public ChartForgeX.Primitives.ChartColor ChartForgeX.Terminal.TerminalTheme.Warning { get; set; }","assembly-move","ChartForgeX.Stories"
"9cd02a52af97426eab4bf64b9775ce93057e5986","de8ab2a75330edc93f7c3b529463a05c5d2c1b7e","P:ChartForgeX.Topology.TopologyMotionOptions.DurationSeconds","ChartForgeX","ChartForgeX.Stories","public double ChartForgeX.Topology.TopologyMotionOptions.DurationSeconds { get; set; }","public double ChartForgeX.Topology.TopologyMotionOptions.DurationSeconds { get; set; }","assembly-move","ChartForgeX.Stories"
"9cd02a52af97426eab4bf64b9775ce93057e5986","de8ab2a75330edc93f7c3b529463a05c5d2c1b7e","P:ChartForgeX.Topology.TopologyMotionOptions.EdgeIds","ChartForgeX","ChartForgeX.Stories","public System.Collections.Generic.List<string> ChartForgeX.Topology.TopologyMotionOptions.EdgeIds { get; }","public System.Collections.Generic.List<string> ChartForgeX.Topology.TopologyMotionOptions.EdgeIds { get; }","assembly-move","ChartForgeX.Stories"
"9cd02a52af97426eab4bf64b9775ce93057e5986","de8ab2a75330edc93f7c3b529463a05c5d2c1b7e","P:ChartForgeX.Topology.TopologyMotionOptions.FramesPerSecond","ChartForgeX","ChartForgeX.Stories","public double ChartForgeX.Topology.TopologyMotionOptions.FramesPerSecond { get; set; }","public double ChartForgeX.Topology.TopologyMotionOptions.FramesPerSecond { get; set; }","assembly-move","ChartForgeX.Stories"
"9cd02a52af97426eab4bf64b9775ce93057e5986","de8ab2a75330edc93f7c3b529463a05c5d2c1b7e","P:ChartForgeX.Topology.TopologyMotionOptions.Loop","ChartForgeX","ChartForgeX.Stories","public bool ChartForgeX.Topology.TopologyMotionOptions.Loop { get; set; }","public bool ChartForgeX.Topology.TopologyMotionOptions.Loop { get; set; }","assembly-move","ChartForgeX.Stories"
"9cd02a52af97426eab4bf64b9775ce93057e5986","de8ab2a75330edc93f7c3b529463a05c5d2c1b7e","P:ChartForgeX.Topology.TopologyMotionOptions.MarkerColor","ChartForgeX","ChartForgeX.Stories","public string? ChartForgeX.Topology.TopologyMotionOptions.MarkerColor { get; set; }","public string? ChartForgeX.Topology.TopologyMotionOptions.MarkerColor { get; set; }","assembly-move","ChartForgeX.Stories"
"9cd02a52af97426eab4bf64b9775ce93057e5986","de8ab2a75330edc93f7c3b529463a05c5d2c1b7e","P:ChartForgeX.Topology.TopologyMotionOptions.MarkerRadius","ChartForgeX","ChartForgeX.Stories","public double ChartForgeX.Topology.TopologyMotionOptions.MarkerRadius { get; set; }","public double ChartForgeX.Topology.TopologyMotionOptions.MarkerRadius { get; set; }","assembly-move","ChartForgeX.Stories"
"9cd02a52af97426eab4bf64b9775ce93057e5986","de8ab2a75330edc93f7c3b529463a05c5d2c1b7e","P:ChartForgeX.Topology.TopologyMotionOptions.MaximumRasterFrames","ChartForgeX","ChartForgeX.Stories","public int ChartForgeX.Topology.TopologyMotionOptions.MaximumRasterFrames { get; set; }","public int ChartForgeX.Topology.TopologyMotionOptions.MaximumRasterFrames { get; set; }","assembly-move","ChartForgeX.Stories"
"9cd02a52af97426eab4bf64b9775ce93057e5986","de8ab2a75330edc93f7c3b529463a05c5d2c1b7e","P:ChartForgeX.Topology.TopologyMotionOptions.Progress","ChartForgeX","ChartForgeX.Stories","public double ChartForgeX.Topology.TopologyMotionOptions.Progress { get; set; }","public double ChartForgeX.Topology.TopologyMotionOptions.Progress { get; set; }","assembly-move","ChartForgeX.Stories"
"9cd02a52af97426eab4bf64b9775ce93057e5986","de8ab2a75330edc93f7c3b529463a05c5d2c1b7e","P:ChartForgeX.Topology.TopologyMotionOptions.PulseRouteEndpoints","ChartForgeX","ChartForgeX.Stories","public bool ChartForgeX.Topology.TopologyMotionOptions.PulseRouteEndpoints { get; set; }","public bool ChartForgeX.Topology.TopologyMotionOptions.PulseRouteEndpoints { get; set; }","assembly-move","ChartForgeX.Stories"
"9cd02a52af97426eab4bf64b9775ce93057e5986","de8ab2a75330edc93f7c3b529463a05c5d2c1b7e","P:ChartForgeX.Topology.TopologyMotionOptions.ScenarioId","ChartForgeX","ChartForgeX.Stories","public string? ChartForgeX.Topology.TopologyMotionOptions.ScenarioId { get; set; }","public string? ChartForgeX.Topology.TopologyMotionOptions.ScenarioId { get; set; }","assembly-move","ChartForgeX.Stories"
"9cd02a52af97426eab4bf64b9775ce93057e5986","de8ab2a75330edc93f7c3b529463a05c5d2c1b7e","P:ChartForgeX.Topology.TopologyRenderOptions.Motion","ChartForgeX","","public ChartForgeX.Topology.TopologyMotionOptions? ChartForgeX.Topology.TopologyRenderOptions.Motion { get; set; }","","removed-or-replaced","ChartForgeX.Stories"
"9cd02a52af97426eab4bf64b9775ce93057e5986","de8ab2a75330edc93f7c3b529463a05c5d2c1b7e","P:ChartForgeX.VisualArtifacts.VisualArtifactRenderOptions.Watermarks","ChartForgeX","","public System.Collections.Generic.List<ChartForgeX.VisualArtifacts.VisualWatermark> ChartForgeX.VisualArtifacts.VisualArtifactRenderOptions.Watermarks { get; }","","removed-or-replaced","ChartForgeX.Visuals"
"9cd02a52af97426eab4bf64b9775ce93057e5986","de8ab2a75330edc93f7c3b529463a05c5d2c1b7e","P:ChartForgeX.VisualArtifacts.VisualWatermark.Anchor","ChartForgeX","ChartForgeX.Visuals","public ChartForgeX.Composition.VisualCanvasAnchor ChartForgeX.VisualArtifacts.VisualWatermark.Anchor { get; set; }","public ChartForgeX.Composition.VisualCanvasAnchor ChartForgeX.VisualArtifacts.VisualWatermark.Anchor { get; set; }","assembly-move","ChartForgeX.Visuals"
"9cd02a52af97426eab4bf64b9775ce93057e5986","de8ab2a75330edc93f7c3b529463a05c5d2c1b7e","P:ChartForgeX.VisualArtifacts.VisualWatermark.Color","ChartForgeX","ChartForgeX.Visuals","public ChartForgeX.Primitives.ChartColor ChartForgeX.VisualArtifacts.VisualWatermark.Color { get; set; }","public ChartForgeX.Primitives.ChartColor ChartForgeX.VisualArtifacts.VisualWatermark.Color { get; set; }","assembly-move","ChartForgeX.Visuals"
"9cd02a52af97426eab4bf64b9775ce93057e5986","de8ab2a75330edc93f7c3b529463a05c5d2c1b7e","P:ChartForgeX.VisualArtifacts.VisualWatermark.Emphasized","ChartForgeX","ChartForgeX.Visuals","public bool ChartForgeX.VisualArtifacts.VisualWatermark.Emphasized { get; set; }","public bool ChartForgeX.VisualArtifacts.VisualWatermark.Emphasized { get; set; }","assembly-move","ChartForgeX.Visuals"
"9cd02a52af97426eab4bf64b9775ce93057e5986","de8ab2a75330edc93f7c3b529463a05c5d2c1b7e","P:ChartForgeX.VisualArtifacts.VisualWatermark.FontSize","ChartForgeX","ChartForgeX.Visuals","public double ChartForgeX.VisualArtifacts.VisualWatermark.FontSize { get; set; }","public double ChartForgeX.VisualArtifacts.VisualWatermark.FontSize { get; set; }","assembly-move","ChartForgeX.Visuals"
"9cd02a52af97426eab4bf64b9775ce93057e5986","de8ab2a75330edc93f7c3b529463a05c5d2c1b7e","P:ChartForgeX.VisualArtifacts.VisualWatermark.Height","ChartForgeX","ChartForgeX.Visuals","public double? ChartForgeX.VisualArtifacts.VisualWatermark.Height { get; set; }","public double? ChartForgeX.VisualArtifacts.VisualWatermark.Height { get; set; }","assembly-move","ChartForgeX.Visuals"
"9cd02a52af97426eab4bf64b9775ce93057e5986","de8ab2a75330edc93f7c3b529463a05c5d2c1b7e","P:ChartForgeX.VisualArtifacts.VisualWatermark.ImageBytes","ChartForgeX","ChartForgeX.Visuals","public byte[]? ChartForgeX.VisualArtifacts.VisualWatermark.ImageBytes { get; }","public byte[]? ChartForgeX.VisualArtifacts.VisualWatermark.ImageBytes { get; }","assembly-move","ChartForgeX.Visuals"
"9cd02a52af97426eab4bf64b9775ce93057e5986","de8ab2a75330edc93f7c3b529463a05c5d2c1b7e","P:ChartForgeX.VisualArtifacts.VisualWatermark.ImageMimeType","ChartForgeX","ChartForgeX.Visuals","public string? ChartForgeX.VisualArtifacts.VisualWatermark.ImageMimeType { get; }","public string? ChartForgeX.VisualArtifacts.VisualWatermark.ImageMimeType { get; }","assembly-move","ChartForgeX.Visuals"
"9cd02a52af97426eab4bf64b9775ce93057e5986","de8ab2a75330edc93f7c3b529463a05c5d2c1b7e","P:ChartForgeX.VisualArtifacts.VisualWatermark.Kind","ChartForgeX","ChartForgeX.Visuals","public ChartForgeX.VisualArtifacts.VisualWatermarkKind ChartForgeX.VisualArtifacts.VisualWatermark.Kind { get; }","public ChartForgeX.VisualArtifacts.VisualWatermarkKind ChartForgeX.VisualArtifacts.VisualWatermark.Kind { get; }","assembly-move","ChartForgeX.Visuals"
"9cd02a52af97426eab4bf64b9775ce93057e5986","de8ab2a75330edc93f7c3b529463a05c5d2c1b7e","P:ChartForgeX.VisualArtifacts.VisualWatermark.OffsetX","ChartForgeX","ChartForgeX.Visuals","public double ChartForgeX.VisualArtifacts.VisualWatermark.OffsetX { get; set; }","public double ChartForgeX.VisualArtifacts.VisualWatermark.OffsetX { get; set; }","assembly-move","ChartForgeX.Visuals"
"9cd02a52af97426eab4bf64b9775ce93057e5986","de8ab2a75330edc93f7c3b529463a05c5d2c1b7e","P:ChartForgeX.VisualArtifacts.VisualWatermark.OffsetY","ChartForgeX","ChartForgeX.Visuals","public double ChartForgeX.VisualArtifacts.VisualWatermark.OffsetY { get; set; }","public double ChartForgeX.VisualArtifacts.VisualWatermark.OffsetY { get; set; }","assembly-move","ChartForgeX.Visuals"
"9cd02a52af97426eab4bf64b9775ce93057e5986","de8ab2a75330edc93f7c3b529463a05c5d2c1b7e","P:ChartForgeX.VisualArtifacts.VisualWatermark.Opacity","ChartForgeX","ChartForgeX.Visuals","public double ChartForgeX.VisualArtifacts.VisualWatermark.Opacity { get; set; }","public double ChartForgeX.VisualArtifacts.VisualWatermark.Opacity { get; set; }","assembly-move","ChartForgeX.Visuals"
"9cd02a52af97426eab4bf64b9775ce93057e5986","de8ab2a75330edc93f7c3b529463a05c5d2c1b7e","P:ChartForgeX.VisualArtifacts.VisualWatermark.Padding","ChartForgeX","ChartForgeX.Visuals","public double ChartForgeX.VisualArtifacts.VisualWatermark.Padding { get; set; }","public double ChartForgeX.VisualArtifacts.VisualWatermark.Padding { get; set; }","assembly-move","ChartForgeX.Visuals"
"9cd02a52af97426eab4bf64b9775ce93057e5986","de8ab2a75330edc93f7c3b529463a05c5d2c1b7e","P:ChartForgeX.VisualArtifacts.VisualWatermark.Repeat","ChartForgeX","ChartForgeX.Visuals","public bool ChartForgeX.VisualArtifacts.VisualWatermark.Repeat { get; set; }","public bool ChartForgeX.VisualArtifacts.VisualWatermark.Repeat { get; set; }","assembly-move","ChartForgeX.Visuals"
"9cd02a52af97426eab4bf64b9775ce93057e5986","de8ab2a75330edc93f7c3b529463a05c5d2c1b7e","P:ChartForgeX.VisualArtifacts.VisualWatermark.RepeatSpacingX","ChartForgeX","ChartForgeX.Visuals","public double ChartForgeX.VisualArtifacts.VisualWatermark.RepeatSpacingX { get; set; }","public double ChartForgeX.VisualArtifacts.VisualWatermark.RepeatSpacingX { get; set; }","assembly-move","ChartForgeX.Visuals"
"9cd02a52af97426eab4bf64b9775ce93057e5986","de8ab2a75330edc93f7c3b529463a05c5d2c1b7e","P:ChartForgeX.VisualArtifacts.VisualWatermark.RepeatSpacingY","ChartForgeX","ChartForgeX.Visuals","public double ChartForgeX.VisualArtifacts.VisualWatermark.RepeatSpacingY { get; set; }","public double ChartForgeX.VisualArtifacts.VisualWatermark.RepeatSpacingY { get; set; }","assembly-move","ChartForgeX.Visuals"
"9cd02a52af97426eab4bf64b9775ce93057e5986","de8ab2a75330edc93f7c3b529463a05c5d2c1b7e","P:ChartForgeX.VisualArtifacts.VisualWatermark.RotationDegrees","ChartForgeX","ChartForgeX.Visuals","public double ChartForgeX.VisualArtifacts.VisualWatermark.RotationDegrees { get; set; }","public double ChartForgeX.VisualArtifacts.VisualWatermark.RotationDegrees { get; set; }","assembly-move","ChartForgeX.Visuals"
"9cd02a52af97426eab4bf64b9775ce93057e5986","de8ab2a75330edc93f7c3b529463a05c5d2c1b7e","P:ChartForgeX.VisualArtifacts.VisualWatermark.Scale","ChartForgeX","ChartForgeX.Visuals","public double ChartForgeX.VisualArtifacts.VisualWatermark.Scale { get; set; }","public double ChartForgeX.VisualArtifacts.VisualWatermark.Scale { get; set; }","assembly-move","ChartForgeX.Visuals"
"9cd02a52af97426eab4bf64b9775ce93057e5986","de8ab2a75330edc93f7c3b529463a05c5d2c1b7e","P:ChartForgeX.VisualArtifacts.VisualWatermark.Text","ChartForgeX","ChartForgeX.Visuals","public string? ChartForgeX.VisualArtifacts.VisualWatermark.Text { get; }","public string? ChartForgeX.VisualArtifacts.VisualWatermark.Text { get; }","assembly-move","ChartForgeX.Visuals"
"9cd02a52af97426eab4bf64b9775ce93057e5986","de8ab2a75330edc93f7c3b529463a05c5d2c1b7e","P:ChartForgeX.VisualArtifacts.VisualWatermark.Width","ChartForgeX","ChartForgeX.Visuals","public double? ChartForgeX.VisualArtifacts.VisualWatermark.Width { get; set; }","public double? ChartForgeX.VisualArtifacts.VisualWatermark.Width { get; set; }","assembly-move","ChartForgeX.Visuals"
"9cd02a52af97426eab4bf64b9775ce93057e5986","de8ab2a75330edc93f7c3b529463a05c5d2c1b7e","P:ChartForgeX.VisualBlocks.ActivityTimelineBlock.Items","ChartForgeX","ChartForgeX.Visuals","public System.Collections.Generic.IReadOnlyList<ChartForgeX.VisualBlocks.ActivityTimelineItem> ChartForgeX.VisualBlocks.ActivityTimelineBlock.Items { get; }","public System.Collections.Generic.IReadOnlyList<ChartForgeX.VisualBlocks.ActivityTimelineItem> ChartForgeX.VisualBlocks.ActivityTimelineBlock.Items { get; }","assembly-move","ChartForgeX.Visuals"
"9cd02a52af97426eab4bf64b9775ce93057e5986","de8ab2a75330edc93f7c3b529463a05c5d2c1b7e","P:ChartForgeX.VisualBlocks.ActivityTimelineBlock.ShowEventSurfaces","ChartForgeX","ChartForgeX.Visuals","public bool ChartForgeX.VisualBlocks.ActivityTimelineBlock.ShowEventSurfaces { get; set; }","public bool ChartForgeX.VisualBlocks.ActivityTimelineBlock.ShowEventSurfaces { get; set; }","assembly-move","ChartForgeX.Visuals"
"9cd02a52af97426eab4bf64b9775ce93057e5986","de8ab2a75330edc93f7c3b529463a05c5d2c1b7e","P:ChartForgeX.VisualBlocks.ActivityTimelineItem.Badge","ChartForgeX","ChartForgeX.Visuals","public string ChartForgeX.VisualBlocks.ActivityTimelineItem.Badge { get; set; }","public string ChartForgeX.VisualBlocks.ActivityTimelineItem.Badge { get; set; }","assembly-move","ChartForgeX.Visuals"
"9cd02a52af97426eab4bf64b9775ce93057e5986","de8ab2a75330edc93f7c3b529463a05c5d2c1b7e","P:ChartForgeX.VisualBlocks.ActivityTimelineItem.Completed","ChartForgeX","ChartForgeX.Visuals","public bool ChartForgeX.VisualBlocks.ActivityTimelineItem.Completed { get; set; }","public bool ChartForgeX.VisualBlocks.ActivityTimelineItem.Completed { get; set; }","assembly-move","ChartForgeX.Visuals"
"9cd02a52af97426eab4bf64b9775ce93057e5986","de8ab2a75330edc93f7c3b529463a05c5d2c1b7e","P:ChartForgeX.VisualBlocks.ActivityTimelineItem.Detail","ChartForgeX","ChartForgeX.Visuals","public string ChartForgeX.VisualBlocks.ActivityTimelineItem.Detail { get; set; }","public string ChartForgeX.VisualBlocks.ActivityTimelineItem.Detail { get; set; }","assembly-move","ChartForgeX.Visuals"
"9cd02a52af97426eab4bf64b9775ce93057e5986","de8ab2a75330edc93f7c3b529463a05c5d2c1b7e","P:ChartForgeX.VisualBlocks.ActivityTimelineItem.HiddenCount","ChartForgeX","ChartForgeX.Visuals","public int ChartForgeX.VisualBlocks.ActivityTimelineItem.HiddenCount { get; set; }","public int ChartForgeX.VisualBlocks.ActivityTimelineItem.HiddenCount { get; set; }","assembly-move","ChartForgeX.Visuals"
"9cd02a52af97426eab4bf64b9775ce93057e5986","de8ab2a75330edc93f7c3b529463a05c5d2c1b7e","P:ChartForgeX.VisualBlocks.ActivityTimelineItem.Kind","ChartForgeX","ChartForgeX.Visuals","public ChartForgeX.VisualBlocks.ActivityTimelineItemKind ChartForgeX.VisualBlocks.ActivityTimelineItem.Kind { get; set; }","public ChartForgeX.VisualBlocks.ActivityTimelineItemKind ChartForgeX.VisualBlocks.ActivityTimelineItem.Kind { get; set; }","assembly-move","ChartForgeX.Visuals"
"9cd02a52af97426eab4bf64b9775ce93057e5986","de8ab2a75330edc93f7c3b529463a05c5d2c1b7e","P:ChartForgeX.VisualBlocks.ActivityTimelineItem.Muted","ChartForgeX","ChartForgeX.Visuals","public bool ChartForgeX.VisualBlocks.ActivityTimelineItem.Muted { get; set; }","public bool ChartForgeX.VisualBlocks.ActivityTimelineItem.Muted { get; set; }","assembly-move","ChartForgeX.Visuals"
"9cd02a52af97426eab4bf64b9775ce93057e5986","de8ab2a75330edc93f7c3b529463a05c5d2c1b7e","P:ChartForgeX.VisualBlocks.ActivityTimelineItem.Status","ChartForgeX","ChartForgeX.Visuals","public ChartForgeX.VisualBlocks.VisualStatus ChartForgeX.VisualBlocks.ActivityTimelineItem.Status { get; set; }","public ChartForgeX.VisualBlocks.VisualStatus ChartForgeX.VisualBlocks.ActivityTimelineItem.Status { get; set; }","assembly-move","ChartForgeX.Visuals"
"9cd02a52af97426eab4bf64b9775ce93057e5986","de8ab2a75330edc93f7c3b529463a05c5d2c1b7e","P:ChartForgeX.VisualBlocks.ActivityTimelineItem.Symbol","ChartForgeX","ChartForgeX.Visuals","public string ChartForgeX.VisualBlocks.ActivityTimelineItem.Symbol { get; set; }","public string ChartForgeX.VisualBlocks.ActivityTimelineItem.Symbol { get; set; }","assembly-move","ChartForgeX.Visuals"
"9cd02a52af97426eab4bf64b9775ce93057e5986","de8ab2a75330edc93f7c3b529463a05c5d2c1b7e","P:ChartForgeX.VisualBlocks.ActivityTimelineItem.Timestamp","ChartForgeX","ChartForgeX.Visuals","public string ChartForgeX.VisualBlocks.ActivityTimelineItem.Timestamp { get; set; }","public string ChartForgeX.VisualBlocks.ActivityTimelineItem.Timestamp { get; set; }","assembly-move","ChartForgeX.Visuals"
"9cd02a52af97426eab4bf64b9775ce93057e5986","de8ab2a75330edc93f7c3b529463a05c5d2c1b7e","P:ChartForgeX.VisualBlocks.ActivityTimelineItem.Title","ChartForgeX","ChartForgeX.Visuals","public string ChartForgeX.VisualBlocks.ActivityTimelineItem.Title { get; set; }","public string ChartForgeX.VisualBlocks.ActivityTimelineItem.Title { get; set; }","assembly-move","ChartForgeX.Visuals"
"9cd02a52af97426eab4bf64b9775ce93057e5986","de8ab2a75330edc93f7c3b529463a05c5d2c1b7e","P:ChartForgeX.VisualBlocks.ChartList.Dense","ChartForgeX","ChartForgeX.Visuals","public bool ChartForgeX.VisualBlocks.ChartList.Dense { get; set; }","public bool ChartForgeX.VisualBlocks.ChartList.Dense { get; set; }","assembly-move","ChartForgeX.Visuals"
"9cd02a52af97426eab4bf64b9775ce93057e5986","de8ab2a75330edc93f7c3b529463a05c5d2c1b7e","P:ChartForgeX.VisualBlocks.ChartList.Items","ChartForgeX","ChartForgeX.Visuals","public System.Collections.Generic.IReadOnlyList<ChartForgeX.VisualBlocks.ChartListItem> ChartForgeX.VisualBlocks.ChartList.Items { get; }","public System.Collections.Generic.IReadOnlyList<ChartForgeX.VisualBlocks.ChartListItem> ChartForgeX.VisualBlocks.ChartList.Items { get; }","assembly-move","ChartForgeX.Visuals"
"9cd02a52af97426eab4bf64b9775ce93057e5986","de8ab2a75330edc93f7c3b529463a05c5d2c1b7e","P:ChartForgeX.VisualBlocks.ChartList.Marker","ChartForgeX","ChartForgeX.Visuals","public ChartForgeX.VisualBlocks.VisualListMarker ChartForgeX.VisualBlocks.ChartList.Marker { get; set; }","public ChartForgeX.VisualBlocks.VisualListMarker ChartForgeX.VisualBlocks.ChartList.Marker { get; set; }","assembly-move","ChartForgeX.Visuals"
"9cd02a52af97426eab4bf64b9775ce93057e5986","de8ab2a75330edc93f7c3b529463a05c5d2c1b7e","P:ChartForgeX.VisualBlocks.ChartListItem.IsChecked","ChartForgeX","ChartForgeX.Visuals","public bool? ChartForgeX.VisualBlocks.ChartListItem.IsChecked { get; set; }","public bool? ChartForgeX.VisualBlocks.ChartListItem.IsChecked { get; set; }","assembly-move","ChartForgeX.Visuals"
"9cd02a52af97426eab4bf64b9775ce93057e5986","de8ab2a75330edc93f7c3b529463a05c5d2c1b7e","P:ChartForgeX.VisualBlocks.ChartListItem.Status","ChartForgeX","ChartForgeX.Visuals","public ChartForgeX.VisualBlocks.VisualStatus ChartForgeX.VisualBlocks.ChartListItem.Status { get; set; }","public ChartForgeX.VisualBlocks.VisualStatus ChartForgeX.VisualBlocks.ChartListItem.Status { get; set; }","assembly-move","ChartForgeX.Visuals"
"9cd02a52af97426eab4bf64b9775ce93057e5986","de8ab2a75330edc93f7c3b529463a05c5d2c1b7e","P:ChartForgeX.VisualBlocks.ChartListItem.Text","ChartForgeX","ChartForgeX.Visuals","public string ChartForgeX.VisualBlocks.ChartListItem.Text { get; set; }","public string ChartForgeX.VisualBlocks.ChartListItem.Text { get; set; }","assembly-move","ChartForgeX.Visuals"
"9cd02a52af97426eab4bf64b9775ce93057e5986","de8ab2a75330edc93f7c3b529463a05c5d2c1b7e","P:ChartForgeX.VisualBlocks.ChartListItem.Value","ChartForgeX","ChartForgeX.Visuals","public string? ChartForgeX.VisualBlocks.ChartListItem.Value { get; set; }","public string? ChartForgeX.VisualBlocks.ChartListItem.Value { get; set; }","assembly-move","ChartForgeX.Visuals"
"9cd02a52af97426eab4bf64b9775ce93057e5986","de8ab2a75330edc93f7c3b529463a05c5d2c1b7e","P:ChartForgeX.VisualBlocks.ChartTable.Columns","ChartForgeX","ChartForgeX.Visuals","public System.Collections.Generic.IReadOnlyList<ChartForgeX.VisualBlocks.ChartTableColumn> ChartForgeX.VisualBlocks.ChartTable.Columns { get; }","public System.Collections.Generic.IReadOnlyList<ChartForgeX.VisualBlocks.ChartTableColumn> ChartForgeX.VisualBlocks.ChartTable.Columns { get; }","assembly-move","ChartForgeX.Visuals"
"9cd02a52af97426eab4bf64b9775ce93057e5986","de8ab2a75330edc93f7c3b529463a05c5d2c1b7e","P:ChartForgeX.VisualBlocks.ChartTable.Dense","ChartForgeX","ChartForgeX.Visuals","public bool ChartForgeX.VisualBlocks.ChartTable.Dense { get; set; }","public bool ChartForgeX.VisualBlocks.ChartTable.Dense { get; set; }","assembly-move","ChartForgeX.Visuals"
"9cd02a52af97426eab4bf64b9775ce93057e5986","de8ab2a75330edc93f7c3b529463a05c5d2c1b7e","P:ChartForgeX.VisualBlocks.ChartTable.RowStriping","ChartForgeX","ChartForgeX.Visuals","public bool ChartForgeX.VisualBlocks.ChartTable.RowStriping { get; set; }","public bool ChartForgeX.VisualBlocks.ChartTable.RowStriping { get; set; }","assembly-move","ChartForgeX.Visuals"
"9cd02a52af97426eab4bf64b9775ce93057e5986","de8ab2a75330edc93f7c3b529463a05c5d2c1b7e","P:ChartForgeX.VisualBlocks.ChartTable.Rows","ChartForgeX","ChartForgeX.Visuals","public System.Collections.Generic.IReadOnlyList<ChartForgeX.VisualBlocks.ChartTableRow> ChartForgeX.VisualBlocks.ChartTable.Rows { get; }","public System.Collections.Generic.IReadOnlyList<ChartForgeX.VisualBlocks.ChartTableRow> ChartForgeX.VisualBlocks.ChartTable.Rows { get; }","assembly-move","ChartForgeX.Visuals"
"9cd02a52af97426eab4bf64b9775ce93057e5986","de8ab2a75330edc93f7c3b529463a05c5d2c1b7e","P:ChartForgeX.VisualBlocks.ChartTable.ShowHeader","ChartForgeX","ChartForgeX.Visuals","public bool ChartForgeX.VisualBlocks.ChartTable.ShowHeader { get; set; }","public bool ChartForgeX.VisualBlocks.ChartTable.ShowHeader { get; set; }","assembly-move","ChartForgeX.Visuals"
"9cd02a52af97426eab4bf64b9775ce93057e5986","de8ab2a75330edc93f7c3b529463a05c5d2c1b7e","P:ChartForgeX.VisualBlocks.ChartTable.StatusColumnIndex","ChartForgeX","ChartForgeX.Visuals","public int? ChartForgeX.VisualBlocks.ChartTable.StatusColumnIndex { get; }","public int? ChartForgeX.VisualBlocks.ChartTable.StatusColumnIndex { get; }","assembly-move","ChartForgeX.Visuals"
"9cd02a52af97426eab4bf64b9775ce93057e5986","de8ab2a75330edc93f7c3b529463a05c5d2c1b7e","P:ChartForgeX.VisualBlocks.ChartTableCell.Alignment","ChartForgeX","ChartForgeX.Visuals","public ChartForgeX.Typography.TextAlignment? ChartForgeX.VisualBlocks.ChartTableCell.Alignment { get; set; }","public ChartForgeX.Typography.TextAlignment? ChartForgeX.VisualBlocks.ChartTableCell.Alignment { get; set; }","assembly-move","ChartForgeX.Visuals"
"9cd02a52af97426eab4bf64b9775ce93057e5986","de8ab2a75330edc93f7c3b529463a05c5d2c1b7e","P:ChartForgeX.VisualBlocks.ChartTableCell.Background","ChartForgeX","ChartForgeX.Visuals","public ChartForgeX.Primitives.ChartColor? ChartForgeX.VisualBlocks.ChartTableCell.Background { get; set; }","public ChartForgeX.Primitives.ChartColor? ChartForgeX.VisualBlocks.ChartTableCell.Background { get; set; }","assembly-move","ChartForgeX.Visuals"
"9cd02a52af97426eab4bf64b9775ce93057e5986","de8ab2a75330edc93f7c3b529463a05c5d2c1b7e","P:ChartForgeX.VisualBlocks.ChartTableCell.BadgeColor","ChartForgeX","ChartForgeX.Visuals","public ChartForgeX.Primitives.ChartColor? ChartForgeX.VisualBlocks.ChartTableCell.BadgeColor { get; set; }","public ChartForgeX.Primitives.ChartColor? ChartForgeX.VisualBlocks.ChartTableCell.BadgeColor { get; set; }","assembly-move","ChartForgeX.Visuals"
"9cd02a52af97426eab4bf64b9775ce93057e5986","de8ab2a75330edc93f7c3b529463a05c5d2c1b7e","P:ChartForgeX.VisualBlocks.ChartTableCell.BadgeStatus","ChartForgeX","ChartForgeX.Visuals","public ChartForgeX.VisualBlocks.VisualStatus ChartForgeX.VisualBlocks.ChartTableCell.BadgeStatus { get; set; }","public ChartForgeX.VisualBlocks.VisualStatus ChartForgeX.VisualBlocks.ChartTableCell.BadgeStatus { get; set; }","assembly-move","ChartForgeX.Visuals"
"9cd02a52af97426eab4bf64b9775ce93057e5986","de8ab2a75330edc93f7c3b529463a05c5d2c1b7e","P:ChartForgeX.VisualBlocks.ChartTableCell.BadgeStyle","ChartForgeX","ChartForgeX.Visuals","public ChartForgeX.VisualBlocks.VisualBadgeStyle ChartForgeX.VisualBlocks.ChartTableCell.BadgeStyle { get; set; }","public ChartForgeX.VisualBlocks.VisualBadgeStyle ChartForgeX.VisualBlocks.ChartTableCell.BadgeStyle { get; set; }","assembly-move","ChartForgeX.Visuals"
"9cd02a52af97426eab4bf64b9775ce93057e5986","de8ab2a75330edc93f7c3b529463a05c5d2c1b7e","P:ChartForgeX.VisualBlocks.ChartTableCell.BadgeText","ChartForgeX","ChartForgeX.Visuals","public string ChartForgeX.VisualBlocks.ChartTableCell.BadgeText { get; set; }","public string ChartForgeX.VisualBlocks.ChartTableCell.BadgeText { get; set; }","assembly-move","ChartForgeX.Visuals"
"9cd02a52af97426eab4bf64b9775ce93057e5986","de8ab2a75330edc93f7c3b529463a05c5d2c1b7e","P:ChartForgeX.VisualBlocks.ChartTableCell.Foreground","ChartForgeX","ChartForgeX.Visuals","public ChartForgeX.Primitives.ChartColor? ChartForgeX.VisualBlocks.ChartTableCell.Foreground { get; set; }","public ChartForgeX.Primitives.ChartColor? ChartForgeX.VisualBlocks.ChartTableCell.Foreground { get; set; }","assembly-move","ChartForgeX.Visuals"
"9cd02a52af97426eab4bf64b9775ce93057e5986","de8ab2a75330edc93f7c3b529463a05c5d2c1b7e","P:ChartForgeX.VisualBlocks.ChartTableCell.MicroVisualColor","ChartForgeX","ChartForgeX.Visuals","public ChartForgeX.Primitives.ChartColor? ChartForgeX.VisualBlocks.ChartTableCell.MicroVisualColor { get; set; }","public ChartForgeX.Primitives.ChartColor? ChartForgeX.VisualBlocks.ChartTableCell.MicroVisualColor { get; set; }","assembly-move","ChartForgeX.Visuals"
"9cd02a52af97426eab4bf64b9775ce93057e5986","de8ab2a75330edc93f7c3b529463a05c5d2c1b7e","P:ChartForgeX.VisualBlocks.ChartTableCell.MicroVisualKind","ChartForgeX","ChartForgeX.Visuals","public ChartForgeX.VisualBlocks.ChartTableCellMicroVisualKind ChartForgeX.VisualBlocks.ChartTableCell.MicroVisualKind { get; set; }","public ChartForgeX.VisualBlocks.ChartTableCellMicroVisualKind ChartForgeX.VisualBlocks.ChartTableCell.MicroVisualKind { get; set; }","assembly-move","ChartForgeX.Visuals"
"9cd02a52af97426eab4bf64b9775ce93057e5986","de8ab2a75330edc93f7c3b529463a05c5d2c1b7e","P:ChartForgeX.VisualBlocks.ChartTableCell.MicroVisualMaximum","ChartForgeX","ChartForgeX.Visuals","public double? ChartForgeX.VisualBlocks.ChartTableCell.MicroVisualMaximum { get; set; }","public double? ChartForgeX.VisualBlocks.ChartTableCell.MicroVisualMaximum { get; set; }","assembly-move","ChartForgeX.Visuals"
"9cd02a52af97426eab4bf64b9775ce93057e5986","de8ab2a75330edc93f7c3b529463a05c5d2c1b7e","P:ChartForgeX.VisualBlocks.ChartTableCell.MicroVisualMinimum","ChartForgeX","ChartForgeX.Visuals","public double? ChartForgeX.VisualBlocks.ChartTableCell.MicroVisualMinimum { get; set; }","public double? ChartForgeX.VisualBlocks.ChartTableCell.MicroVisualMinimum { get; set; }","assembly-move","ChartForgeX.Visuals"
"9cd02a52af97426eab4bf64b9775ce93057e5986","de8ab2a75330edc93f7c3b529463a05c5d2c1b7e","P:ChartForgeX.VisualBlocks.ChartTableCell.MicroVisualValues","ChartForgeX","ChartForgeX.Visuals","public System.Collections.Generic.IReadOnlyList<double> ChartForgeX.VisualBlocks.ChartTableCell.MicroVisualValues { get; }","public System.Collections.Generic.IReadOnlyList<double> ChartForgeX.VisualBlocks.ChartTableCell.MicroVisualValues { get; }","assembly-move","ChartForgeX.Visuals"
"9cd02a52af97426eab4bf64b9775ce93057e5986","de8ab2a75330edc93f7c3b529463a05c5d2c1b7e","P:ChartForgeX.VisualBlocks.ChartTableCell.SparklineData","ChartForgeX","ChartForgeX.Visuals","public ChartForgeX.Core.SparklineData? ChartForgeX.VisualBlocks.ChartTableCell.SparklineData { get; private set; }","public ChartForgeX.Core.SparklineData? ChartForgeX.VisualBlocks.ChartTableCell.SparklineData { get; private set; }","assembly-move","ChartForgeX.Visuals"
"9cd02a52af97426eab4bf64b9775ce93057e5986","de8ab2a75330edc93f7c3b529463a05c5d2c1b7e","P:ChartForgeX.VisualBlocks.ChartTableCell.Status","ChartForgeX","ChartForgeX.Visuals","public ChartForgeX.VisualBlocks.VisualStatus ChartForgeX.VisualBlocks.ChartTableCell.Status { get; set; }","public ChartForgeX.VisualBlocks.VisualStatus ChartForgeX.VisualBlocks.ChartTableCell.Status { get; set; }","assembly-move","ChartForgeX.Visuals"
"9cd02a52af97426eab4bf64b9775ce93057e5986","de8ab2a75330edc93f7c3b529463a05c5d2c1b7e","P:ChartForgeX.VisualBlocks.ChartTableCell.Text","ChartForgeX","ChartForgeX.Visuals","public string ChartForgeX.VisualBlocks.ChartTableCell.Text { get; set; }","public string ChartForgeX.VisualBlocks.ChartTableCell.Text { get; set; }","assembly-move","ChartForgeX.Visuals"
"9cd02a52af97426eab4bf64b9775ce93057e5986","de8ab2a75330edc93f7c3b529463a05c5d2c1b7e","P:ChartForgeX.VisualBlocks.ChartTableColumn.Alignment","ChartForgeX","ChartForgeX.Visuals","public ChartForgeX.Typography.TextAlignment ChartForgeX.VisualBlocks.ChartTableColumn.Alignment { get; }","public ChartForgeX.Typography.TextAlignment ChartForgeX.VisualBlocks.ChartTableColumn.Alignment { get; }","assembly-move","ChartForgeX.Visuals"
"9cd02a52af97426eab4bf64b9775ce93057e5986","de8ab2a75330edc93f7c3b529463a05c5d2c1b7e","P:ChartForgeX.VisualBlocks.ChartTableColumn.Format","ChartForgeX","ChartForgeX.Visuals","public string? ChartForgeX.VisualBlocks.ChartTableColumn.Format { get; }","public string? ChartForgeX.VisualBlocks.ChartTableColumn.Format { get; }","assembly-move","ChartForgeX.Visuals"
"9cd02a52af97426eab4bf64b9775ce93057e5986","de8ab2a75330edc93f7c3b529463a05c5d2c1b7e","P:ChartForgeX.VisualBlocks.ChartTableColumn.Header","ChartForgeX","ChartForgeX.Visuals","public string ChartForgeX.VisualBlocks.ChartTableColumn.Header { get; }","public string ChartForgeX.VisualBlocks.ChartTableColumn.Header { get; }","assembly-move","ChartForgeX.Visuals"
"9cd02a52af97426eab4bf64b9775ce93057e5986","de8ab2a75330edc93f7c3b529463a05c5d2c1b7e","P:ChartForgeX.VisualBlocks.ChartTableColumn.Width","ChartForgeX","ChartForgeX.Visuals","public double? ChartForgeX.VisualBlocks.ChartTableColumn.Width { get; }","public double? ChartForgeX.VisualBlocks.ChartTableColumn.Width { get; }","assembly-move","ChartForgeX.Visuals"
"9cd02a52af97426eab4bf64b9775ce93057e5986","de8ab2a75330edc93f7c3b529463a05c5d2c1b7e","P:ChartForgeX.VisualBlocks.ChartTableRow.Background","ChartForgeX","ChartForgeX.Visuals","public ChartForgeX.Primitives.ChartColor? ChartForgeX.VisualBlocks.ChartTableRow.Background { get; set; }","public ChartForgeX.Primitives.ChartColor? ChartForgeX.VisualBlocks.ChartTableRow.Background { get; set; }","assembly-move","ChartForgeX.Visuals"
"9cd02a52af97426eab4bf64b9775ce93057e5986","de8ab2a75330edc93f7c3b529463a05c5d2c1b7e","P:ChartForgeX.VisualBlocks.ChartTableRow.Cells","ChartForgeX","ChartForgeX.Visuals","public System.Collections.Generic.List<ChartForgeX.VisualBlocks.ChartTableCell> ChartForgeX.VisualBlocks.ChartTableRow.Cells { get; }","public System.Collections.Generic.List<ChartForgeX.VisualBlocks.ChartTableCell> ChartForgeX.VisualBlocks.ChartTableRow.Cells { get; }","assembly-move","ChartForgeX.Visuals"
"9cd02a52af97426eab4bf64b9775ce93057e5986","de8ab2a75330edc93f7c3b529463a05c5d2c1b7e","P:ChartForgeX.VisualBlocks.ChartTableRow.Foreground","ChartForgeX","ChartForgeX.Visuals","public ChartForgeX.Primitives.ChartColor? ChartForgeX.VisualBlocks.ChartTableRow.Foreground { get; set; }","public ChartForgeX.Primitives.ChartColor? ChartForgeX.VisualBlocks.ChartTableRow.Foreground { get; set; }","assembly-move","ChartForgeX.Visuals"
"9cd02a52af97426eab4bf64b9775ce93057e5986","de8ab2a75330edc93f7c3b529463a05c5d2c1b7e","P:ChartForgeX.VisualBlocks.DateStripBlock.Header","ChartForgeX","ChartForgeX.Visuals","public string ChartForgeX.VisualBlocks.DateStripBlock.Header { get; set; }","public string ChartForgeX.VisualBlocks.DateStripBlock.Header { get; set; }","assembly-move","ChartForgeX.Visuals"
"9cd02a52af97426eab4bf64b9775ce93057e5986","de8ab2a75330edc93f7c3b529463a05c5d2c1b7e","P:ChartForgeX.VisualBlocks.DateStripBlock.Items","ChartForgeX","ChartForgeX.Visuals","public System.Collections.Generic.IReadOnlyList<ChartForgeX.VisualBlocks.DateStripItem> ChartForgeX.VisualBlocks.DateStripBlock.Items { get; }","public System.Collections.Generic.IReadOnlyList<ChartForgeX.VisualBlocks.DateStripItem> ChartForgeX.VisualBlocks.DateStripBlock.Items { get; }","assembly-move","ChartForgeX.Visuals"
"9cd02a52af97426eab4bf64b9775ce93057e5986","de8ab2a75330edc93f7c3b529463a05c5d2c1b7e","P:ChartForgeX.VisualBlocks.DateStripBlock.NextSymbol","ChartForgeX","","public string ChartForgeX.VisualBlocks.DateStripBlock.NextSymbol { get; set; }","","removed-or-replaced","removed-static-chrome"
"9cd02a52af97426eab4bf64b9775ce93057e5986","de8ab2a75330edc93f7c3b529463a05c5d2c1b7e","P:ChartForgeX.VisualBlocks.DateStripBlock.PreviousSymbol","ChartForgeX","","public string ChartForgeX.VisualBlocks.DateStripBlock.PreviousSymbol { get; set; }","","removed-or-replaced","removed-static-chrome"
"9cd02a52af97426eab4bf64b9775ce93057e5986","de8ab2a75330edc93f7c3b529463a05c5d2c1b7e","P:ChartForgeX.VisualBlocks.DateStripBlock.ShowNavigation","ChartForgeX","","public bool ChartForgeX.VisualBlocks.DateStripBlock.ShowNavigation { get; set; }","","removed-or-replaced","removed-static-chrome"
"9cd02a52af97426eab4bf64b9775ce93057e5986","de8ab2a75330edc93f7c3b529463a05c5d2c1b7e","P:ChartForgeX.VisualBlocks.DateStripItem.Color","ChartForgeX","ChartForgeX.Visuals","public ChartForgeX.Primitives.ChartColor? ChartForgeX.VisualBlocks.DateStripItem.Color { get; set; }","public ChartForgeX.Primitives.ChartColor? ChartForgeX.VisualBlocks.DateStripItem.Color { get; set; }","assembly-move","ChartForgeX.Visuals"
"9cd02a52af97426eab4bf64b9775ce93057e5986","de8ab2a75330edc93f7c3b529463a05c5d2c1b7e","P:ChartForgeX.VisualBlocks.DateStripItem.Label","ChartForgeX","ChartForgeX.Visuals","public string ChartForgeX.VisualBlocks.DateStripItem.Label { get; set; }","public string ChartForgeX.VisualBlocks.DateStripItem.Label { get; set; }","assembly-move","ChartForgeX.Visuals"
"9cd02a52af97426eab4bf64b9775ce93057e5986","de8ab2a75330edc93f7c3b529463a05c5d2c1b7e","P:ChartForgeX.VisualBlocks.DateStripItem.Selected","ChartForgeX","ChartForgeX.Visuals","public bool ChartForgeX.VisualBlocks.DateStripItem.Selected { get; set; }","public bool ChartForgeX.VisualBlocks.DateStripItem.Selected { get; set; }","assembly-move","ChartForgeX.Visuals"
"9cd02a52af97426eab4bf64b9775ce93057e5986","de8ab2a75330edc93f7c3b529463a05c5d2c1b7e","P:ChartForgeX.VisualBlocks.DateStripItem.Value","ChartForgeX","ChartForgeX.Visuals","public string ChartForgeX.VisualBlocks.DateStripItem.Value { get; set; }","public string ChartForgeX.VisualBlocks.DateStripItem.Value { get; set; }","assembly-move","ChartForgeX.Visuals"
"9cd02a52af97426eab4bf64b9775ce93057e5986","de8ab2a75330edc93f7c3b529463a05c5d2c1b7e","P:ChartForgeX.VisualBlocks.EntityStripBlock.ActionLabel","ChartForgeX","","public string ChartForgeX.VisualBlocks.EntityStripBlock.ActionLabel { get; set; }","","removed-or-replaced","removed-static-chrome"
"9cd02a52af97426eab4bf64b9775ce93057e5986","de8ab2a75330edc93f7c3b529463a05c5d2c1b7e","P:ChartForgeX.VisualBlocks.EntityStripBlock.ActionSymbol","ChartForgeX","","public string ChartForgeX.VisualBlocks.EntityStripBlock.ActionSymbol { get; set; }","","removed-or-replaced","removed-static-chrome"
"9cd02a52af97426eab4bf64b9775ce93057e5986","de8ab2a75330edc93f7c3b529463a05c5d2c1b7e","P:ChartForgeX.VisualBlocks.EntityStripBlock.ActionUrl","ChartForgeX","","public string ChartForgeX.VisualBlocks.EntityStripBlock.ActionUrl { get; set; }","","removed-or-replaced","removed-static-chrome"
"9cd02a52af97426eab4bf64b9775ce93057e5986","de8ab2a75330edc93f7c3b529463a05c5d2c1b7e","P:ChartForgeX.VisualBlocks.EntityStripBlock.Items","ChartForgeX","ChartForgeX.Visuals","public System.Collections.Generic.IReadOnlyList<ChartForgeX.VisualBlocks.EntityStripItem> ChartForgeX.VisualBlocks.EntityStripBlock.Items { get; }","public System.Collections.Generic.IReadOnlyList<ChartForgeX.VisualBlocks.EntityStripItem> ChartForgeX.VisualBlocks.EntityStripBlock.Items { get; }","assembly-move","ChartForgeX.Visuals"
"9cd02a52af97426eab4bf64b9775ce93057e5986","de8ab2a75330edc93f7c3b529463a05c5d2c1b7e","P:ChartForgeX.VisualBlocks.EntityStripItem.AvatarText","ChartForgeX","ChartForgeX.Visuals","public string ChartForgeX.VisualBlocks.EntityStripItem.AvatarText { get; set; }","public string ChartForgeX.VisualBlocks.EntityStripItem.AvatarText { get; set; }","assembly-move","ChartForgeX.Visuals"
"9cd02a52af97426eab4bf64b9775ce93057e5986","de8ab2a75330edc93f7c3b529463a05c5d2c1b7e","P:ChartForgeX.VisualBlocks.EntityStripItem.Color","ChartForgeX","ChartForgeX.Visuals","public ChartForgeX.Primitives.ChartColor? ChartForgeX.VisualBlocks.EntityStripItem.Color { get; set; }","public ChartForgeX.Primitives.ChartColor? ChartForgeX.VisualBlocks.EntityStripItem.Color { get; set; }","assembly-move","ChartForgeX.Visuals"
"9cd02a52af97426eab4bf64b9775ce93057e5986","de8ab2a75330edc93f7c3b529463a05c5d2c1b7e","P:ChartForgeX.VisualBlocks.EntityStripItem.Label","ChartForgeX","ChartForgeX.Visuals","public string ChartForgeX.VisualBlocks.EntityStripItem.Label { get; set; }","public string ChartForgeX.VisualBlocks.EntityStripItem.Label { get; set; }","assembly-move","ChartForgeX.Visuals"
"9cd02a52af97426eab4bf64b9775ce93057e5986","de8ab2a75330edc93f7c3b529463a05c5d2c1b7e","P:ChartForgeX.VisualBlocks.EntityStripItem.Status","ChartForgeX","ChartForgeX.Visuals","public ChartForgeX.VisualBlocks.VisualStatus ChartForgeX.VisualBlocks.EntityStripItem.Status { get; set; }","public ChartForgeX.VisualBlocks.VisualStatus ChartForgeX.VisualBlocks.EntityStripItem.Status { get; set; }","assembly-move","ChartForgeX.Visuals"
"9cd02a52af97426eab4bf64b9775ce93057e5986","de8ab2a75330edc93f7c3b529463a05c5d2c1b7e","P:ChartForgeX.VisualBlocks.HeatmapInsightCard.ColorKeyLabel","ChartForgeX","ChartForgeX.Visuals","public string ChartForgeX.VisualBlocks.HeatmapInsightCard.ColorKeyLabel { get; set; }","public string ChartForgeX.VisualBlocks.HeatmapInsightCard.ColorKeyLabel { get; set; }","assembly-move","ChartForgeX.Visuals"
"9cd02a52af97426eab4bf64b9775ce93057e5986","de8ab2a75330edc93f7c3b529463a05c5d2c1b7e","P:ChartForgeX.VisualBlocks.HeatmapInsightCard.Columns","ChartForgeX","ChartForgeX.Visuals","public System.Collections.Generic.IReadOnlyList<string> ChartForgeX.VisualBlocks.HeatmapInsightCard.Columns { get; }","public System.Collections.Generic.IReadOnlyList<string> ChartForgeX.VisualBlocks.HeatmapInsightCard.Columns { get; }","assembly-move","ChartForgeX.Visuals"
"9cd02a52af97426eab4bf64b9775ce93057e5986","de8ab2a75330edc93f7c3b529463a05c5d2c1b7e","P:ChartForgeX.VisualBlocks.HeatmapInsightCard.HighColor","ChartForgeX","ChartForgeX.Visuals","public ChartForgeX.Primitives.ChartColor ChartForgeX.VisualBlocks.HeatmapInsightCard.HighColor { get; set; }","public ChartForgeX.Primitives.ChartColor ChartForgeX.VisualBlocks.HeatmapInsightCard.HighColor { get; set; }","assembly-move","ChartForgeX.Visuals"
"9cd02a52af97426eab4bf64b9775ce93057e5986","de8ab2a75330edc93f7c3b529463a05c5d2c1b7e","P:ChartForgeX.VisualBlocks.HeatmapInsightCard.InsightTitle","ChartForgeX","ChartForgeX.Visuals","public string ChartForgeX.VisualBlocks.HeatmapInsightCard.InsightTitle { get; set; }","public string ChartForgeX.VisualBlocks.HeatmapInsightCard.InsightTitle { get; set; }","assembly-move","ChartForgeX.Visuals"
"9cd02a52af97426eab4bf64b9775ce93057e5986","de8ab2a75330edc93f7c3b529463a05c5d2c1b7e","P:ChartForgeX.VisualBlocks.HeatmapInsightCard.Insights","ChartForgeX","ChartForgeX.Visuals","public System.Collections.Generic.IReadOnlyList<ChartForgeX.VisualBlocks.HeatmapInsightItem> ChartForgeX.VisualBlocks.HeatmapInsightCard.Insights { get; }","public System.Collections.Generic.IReadOnlyList<ChartForgeX.VisualBlocks.HeatmapInsightItem> ChartForgeX.VisualBlocks.HeatmapInsightCard.Insights { get; }","assembly-move","ChartForgeX.Visuals"
"9cd02a52af97426eab4bf64b9775ce93057e5986","de8ab2a75330edc93f7c3b529463a05c5d2c1b7e","P:ChartForgeX.VisualBlocks.HeatmapInsightCard.LeftControl","ChartForgeX","","public string ChartForgeX.VisualBlocks.HeatmapInsightCard.LeftControl { get; set; }","","removed-or-replaced","removed-static-chrome"
"9cd02a52af97426eab4bf64b9775ce93057e5986","de8ab2a75330edc93f7c3b529463a05c5d2c1b7e","P:ChartForgeX.VisualBlocks.HeatmapInsightCard.LowColor","ChartForgeX","ChartForgeX.Visuals","public ChartForgeX.Primitives.ChartColor ChartForgeX.VisualBlocks.HeatmapInsightCard.LowColor { get; set; }","public ChartForgeX.Primitives.ChartColor ChartForgeX.VisualBlocks.HeatmapInsightCard.LowColor { get; set; }","assembly-move","ChartForgeX.Visuals"
"9cd02a52af97426eab4bf64b9775ce93057e5986","de8ab2a75330edc93f7c3b529463a05c5d2c1b7e","P:ChartForgeX.VisualBlocks.HeatmapInsightCard.Maximum","ChartForgeX","ChartForgeX.Visuals","public double ChartForgeX.VisualBlocks.HeatmapInsightCard.Maximum { get; set; }","public double ChartForgeX.VisualBlocks.HeatmapInsightCard.Maximum { get; set; }","assembly-move","ChartForgeX.Visuals"
"9cd02a52af97426eab4bf64b9775ce93057e5986","de8ab2a75330edc93f7c3b529463a05c5d2c1b7e","P:ChartForgeX.VisualBlocks.HeatmapInsightCard.Minimum","ChartForgeX","ChartForgeX.Visuals","public double ChartForgeX.VisualBlocks.HeatmapInsightCard.Minimum { get; set; }","public double ChartForgeX.VisualBlocks.HeatmapInsightCard.Minimum { get; set; }","assembly-move","ChartForgeX.Visuals"
"9cd02a52af97426eab4bf64b9775ce93057e5986","de8ab2a75330edc93f7c3b529463a05c5d2c1b7e","P:ChartForgeX.VisualBlocks.HeatmapInsightCard.PeriodLabel","ChartForgeX","ChartForgeX.Visuals","public string ChartForgeX.VisualBlocks.HeatmapInsightCard.PeriodLabel { get; set; }","public string ChartForgeX.VisualBlocks.HeatmapInsightCard.PeriodLabel { get; set; }","assembly-move","ChartForgeX.Visuals"
"9cd02a52af97426eab4bf64b9775ce93057e5986","de8ab2a75330edc93f7c3b529463a05c5d2c1b7e","P:ChartForgeX.VisualBlocks.HeatmapInsightCard.Rows","ChartForgeX","ChartForgeX.Visuals","public System.Collections.Generic.IReadOnlyList<ChartForgeX.VisualBlocks.HeatmapInsightRow> ChartForgeX.VisualBlocks.HeatmapInsightCard.Rows { get; }","public System.Collections.Generic.IReadOnlyList<ChartForgeX.VisualBlocks.HeatmapInsightRow> ChartForgeX.VisualBlocks.HeatmapInsightCard.Rows { get; }","assembly-move","ChartForgeX.Visuals"
"9cd02a52af97426eab4bf64b9775ce93057e5986","de8ab2a75330edc93f7c3b529463a05c5d2c1b7e","P:ChartForgeX.VisualBlocks.HeatmapInsightCard.SelectedControl","ChartForgeX","","public string ChartForgeX.VisualBlocks.HeatmapInsightCard.SelectedControl { get; set; }","","removed-or-replaced","removed-static-chrome"
"9cd02a52af97426eab4bf64b9775ce93057e5986","de8ab2a75330edc93f7c3b529463a05c5d2c1b7e","P:ChartForgeX.VisualBlocks.HeatmapInsightItem.Detail","ChartForgeX","ChartForgeX.Visuals","public string ChartForgeX.VisualBlocks.HeatmapInsightItem.Detail { get; set; }","public string ChartForgeX.VisualBlocks.HeatmapInsightItem.Detail { get; set; }","assembly-move","ChartForgeX.Visuals"
"9cd02a52af97426eab4bf64b9775ce93057e5986","de8ab2a75330edc93f7c3b529463a05c5d2c1b7e","P:ChartForgeX.VisualBlocks.HeatmapInsightItem.Label","ChartForgeX","ChartForgeX.Visuals","public string ChartForgeX.VisualBlocks.HeatmapInsightItem.Label { get; set; }","public string ChartForgeX.VisualBlocks.HeatmapInsightItem.Label { get; set; }","assembly-move","ChartForgeX.Visuals"
"9cd02a52af97426eab4bf64b9775ce93057e5986","de8ab2a75330edc93f7c3b529463a05c5d2c1b7e","P:ChartForgeX.VisualBlocks.HeatmapInsightRow.Label","ChartForgeX","ChartForgeX.Visuals","public string ChartForgeX.VisualBlocks.HeatmapInsightRow.Label { get; set; }","public string ChartForgeX.VisualBlocks.HeatmapInsightRow.Label { get; set; }","assembly-move","ChartForgeX.Visuals"
"9cd02a52af97426eab4bf64b9775ce93057e5986","de8ab2a75330edc93f7c3b529463a05c5d2c1b7e","P:ChartForgeX.VisualBlocks.HeatmapInsightRow.Values","ChartForgeX","ChartForgeX.Visuals","public System.Collections.Generic.IReadOnlyList<double> ChartForgeX.VisualBlocks.HeatmapInsightRow.Values { get; }","public System.Collections.Generic.IReadOnlyList<double> ChartForgeX.VisualBlocks.HeatmapInsightRow.Values { get; }","assembly-move","ChartForgeX.Visuals"
"9cd02a52af97426eab4bf64b9775ce93057e5986","de8ab2a75330edc93f7c3b529463a05c5d2c1b7e","P:ChartForgeX.VisualBlocks.MetricCard.AccessibleName","ChartForgeX","ChartForgeX.Visuals","public override string ChartForgeX.VisualBlocks.MetricCard.AccessibleName { get; }","public override string ChartForgeX.VisualBlocks.MetricCard.AccessibleName { get; }","assembly-move","ChartForgeX.Visuals"
"9cd02a52af97426eab4bf64b9775ce93057e5986","de8ab2a75330edc93f7c3b529463a05c5d2c1b7e","P:ChartForgeX.VisualBlocks.MetricCard.ActionLabel","ChartForgeX","","public string ChartForgeX.VisualBlocks.MetricCard.ActionLabel { get; set; }","","removed-or-replaced","removed-static-chrome"
"9cd02a52af97426eab4bf64b9775ce93057e5986","de8ab2a75330edc93f7c3b529463a05c5d2c1b7e","P:ChartForgeX.VisualBlocks.MetricCard.ActionSymbol","ChartForgeX","","public string ChartForgeX.VisualBlocks.MetricCard.ActionSymbol { get; set; }","","removed-or-replaced","removed-static-chrome"
"9cd02a52af97426eab4bf64b9775ce93057e5986","de8ab2a75330edc93f7c3b529463a05c5d2c1b7e","P:ChartForgeX.VisualBlocks.MetricCard.ActionUrl","ChartForgeX","","public string ChartForgeX.VisualBlocks.MetricCard.ActionUrl { get; set; }","","removed-or-replaced","removed-static-chrome"
"9cd02a52af97426eab4bf64b9775ce93057e5986","de8ab2a75330edc93f7c3b529463a05c5d2c1b7e","P:ChartForgeX.VisualBlocks.MetricCard.BadgePlacement","ChartForgeX","ChartForgeX.Visuals","public ChartForgeX.VisualBlocks.MetricCardBadgePlacement ChartForgeX.VisualBlocks.MetricCard.BadgePlacement { get; set; }","public ChartForgeX.VisualBlocks.MetricCardBadgePlacement ChartForgeX.VisualBlocks.MetricCard.BadgePlacement { get; set; }","assembly-move","ChartForgeX.Visuals"
"9cd02a52af97426eab4bf64b9775ce93057e5986","de8ab2a75330edc93f7c3b529463a05c5d2c1b7e","P:ChartForgeX.VisualBlocks.MetricCard.Caption","ChartForgeX","ChartForgeX.Visuals","public string ChartForgeX.VisualBlocks.MetricCard.Caption { get; set; }","public string ChartForgeX.VisualBlocks.MetricCard.Caption { get; set; }","assembly-move","ChartForgeX.Visuals"
"9cd02a52af97426eab4bf64b9775ce93057e5986","de8ab2a75330edc93f7c3b529463a05c5d2c1b7e","P:ChartForgeX.VisualBlocks.MetricCard.Details","ChartForgeX","ChartForgeX.Visuals","public System.Collections.Generic.IReadOnlyList<ChartForgeX.VisualBlocks.MetricCardDetail> ChartForgeX.VisualBlocks.MetricCard.Details { get; }","public System.Collections.Generic.IReadOnlyList<ChartForgeX.VisualBlocks.MetricCardDetail> ChartForgeX.VisualBlocks.MetricCard.Details { get; }","assembly-move","ChartForgeX.Visuals"
"9cd02a52af97426eab4bf64b9775ce93057e5986","de8ab2a75330edc93f7c3b529463a05c5d2c1b7e","P:ChartForgeX.VisualBlocks.MetricCard.Icon","ChartForgeX","ChartForgeX.Visuals","public ChartForgeX.VisualBlocks.VisualIcon ChartForgeX.VisualBlocks.MetricCard.Icon { get; set; }","public ChartForgeX.VisualBlocks.VisualIcon ChartForgeX.VisualBlocks.MetricCard.Icon { get; set; }","assembly-move","ChartForgeX.Visuals"
"9cd02a52af97426eab4bf64b9775ce93057e5986","de8ab2a75330edc93f7c3b529463a05c5d2c1b7e","P:ChartForgeX.VisualBlocks.MetricCard.Label","ChartForgeX","ChartForgeX.Visuals","public string ChartForgeX.VisualBlocks.MetricCard.Label { get; set; }","public string ChartForgeX.VisualBlocks.MetricCard.Label { get; set; }","assembly-move","ChartForgeX.Visuals"
"9cd02a52af97426eab4bf64b9775ce93057e5986","de8ab2a75330edc93f7c3b529463a05c5d2c1b7e","P:ChartForgeX.VisualBlocks.MetricCard.MicroVisualPlacement","ChartForgeX","ChartForgeX.Visuals","public ChartForgeX.VisualBlocks.MetricCardMicroVisualPlacement ChartForgeX.VisualBlocks.MetricCard.MicroVisualPlacement { get; set; }","public ChartForgeX.VisualBlocks.MetricCardMicroVisualPlacement ChartForgeX.VisualBlocks.MetricCard.MicroVisualPlacement { get; set; }","assembly-move","ChartForgeX.Visuals"
"9cd02a52af97426eab4bf64b9775ce93057e5986","de8ab2a75330edc93f7c3b529463a05c5d2c1b7e","P:ChartForgeX.VisualBlocks.MetricCard.MicroVisualSurface","ChartForgeX","ChartForgeX.Visuals","public ChartForgeX.VisualBlocks.MetricCardMicroVisualSurface ChartForgeX.VisualBlocks.MetricCard.MicroVisualSurface { get; set; }","public ChartForgeX.VisualBlocks.MetricCardMicroVisualSurface ChartForgeX.VisualBlocks.MetricCard.MicroVisualSurface { get; set; }","assembly-move","ChartForgeX.Visuals"
"9cd02a52af97426eab4bf64b9775ce93057e5986","de8ab2a75330edc93f7c3b529463a05c5d2c1b7e","P:ChartForgeX.VisualBlocks.MetricCard.MiniBarColor","ChartForgeX","ChartForgeX.Visuals","public ChartForgeX.Primitives.ChartColor? ChartForgeX.VisualBlocks.MetricCard.MiniBarColor { get; set; }","public ChartForgeX.Primitives.ChartColor? ChartForgeX.VisualBlocks.MetricCard.MiniBarColor { get; set; }","assembly-move","ChartForgeX.Visuals"
"9cd02a52af97426eab4bf64b9775ce93057e5986","de8ab2a75330edc93f7c3b529463a05c5d2c1b7e","P:ChartForgeX.VisualBlocks.MetricCard.MiniBarHighlightIndex","ChartForgeX","ChartForgeX.Visuals","public int? ChartForgeX.VisualBlocks.MetricCard.MiniBarHighlightIndex { get; set; }","public int? ChartForgeX.VisualBlocks.MetricCard.MiniBarHighlightIndex { get; set; }","assembly-move","ChartForgeX.Visuals"
"9cd02a52af97426eab4bf64b9775ce93057e5986","de8ab2a75330edc93f7c3b529463a05c5d2c1b7e","P:ChartForgeX.VisualBlocks.MetricCard.MiniBarMaximum","ChartForgeX","ChartForgeX.Visuals","public double? ChartForgeX.VisualBlocks.MetricCard.MiniBarMaximum { get; set; }","public double? ChartForgeX.VisualBlocks.MetricCard.MiniBarMaximum { get; set; }","assembly-move","ChartForgeX.Visuals"
"9cd02a52af97426eab4bf64b9775ce93057e5986","de8ab2a75330edc93f7c3b529463a05c5d2c1b7e","P:ChartForgeX.VisualBlocks.MetricCard.MiniBarMinimum","ChartForgeX","ChartForgeX.Visuals","public double? ChartForgeX.VisualBlocks.MetricCard.MiniBarMinimum { get; set; }","public double? ChartForgeX.VisualBlocks.MetricCard.MiniBarMinimum { get; set; }","assembly-move","ChartForgeX.Visuals"
"9cd02a52af97426eab4bf64b9775ce93057e5986","de8ab2a75330edc93f7c3b529463a05c5d2c1b7e","P:ChartForgeX.VisualBlocks.MetricCard.MiniBarMutedColor","ChartForgeX","ChartForgeX.Visuals","public ChartForgeX.Primitives.ChartColor? ChartForgeX.VisualBlocks.MetricCard.MiniBarMutedColor { get; set; }","public ChartForgeX.Primitives.ChartColor? ChartForgeX.VisualBlocks.MetricCard.MiniBarMutedColor { get; set; }","assembly-move","ChartForgeX.Visuals"
"9cd02a52af97426eab4bf64b9775ce93057e5986","de8ab2a75330edc93f7c3b529463a05c5d2c1b7e","P:ChartForgeX.VisualBlocks.MetricCard.MiniBars","ChartForgeX","ChartForgeX.Visuals","public System.Collections.Generic.IReadOnlyList<double> ChartForgeX.VisualBlocks.MetricCard.MiniBars { get; }","public System.Collections.Generic.IReadOnlyList<double> ChartForgeX.VisualBlocks.MetricCard.MiniBars { get; }","assembly-move","ChartForgeX.Visuals"
"9cd02a52af97426eab4bf64b9775ce93057e5986","de8ab2a75330edc93f7c3b529463a05c5d2c1b7e","P:ChartForgeX.VisualBlocks.MetricCard.MiniSparkline","ChartForgeX","ChartForgeX.Visuals","public System.Collections.Generic.IReadOnlyList<double> ChartForgeX.VisualBlocks.MetricCard.MiniSparkline { get; }","public System.Collections.Generic.IReadOnlyList<double> ChartForgeX.VisualBlocks.MetricCard.MiniSparkline { get; }","assembly-move","ChartForgeX.Visuals"
"9cd02a52af97426eab4bf64b9775ce93057e5986","de8ab2a75330edc93f7c3b529463a05c5d2c1b7e","P:ChartForgeX.VisualBlocks.MetricCard.MiniSparklineColor","ChartForgeX","ChartForgeX.Visuals","public ChartForgeX.Primitives.ChartColor? ChartForgeX.VisualBlocks.MetricCard.MiniSparklineColor { get; set; }","public ChartForgeX.Primitives.ChartColor? ChartForgeX.VisualBlocks.MetricCard.MiniSparklineColor { get; set; }","assembly-move","ChartForgeX.Visuals"
"9cd02a52af97426eab4bf64b9775ce93057e5986","de8ab2a75330edc93f7c3b529463a05c5d2c1b7e","P:ChartForgeX.VisualBlocks.MetricCard.MiniSparklineFillColor","ChartForgeX","ChartForgeX.Visuals","public ChartForgeX.Primitives.ChartColor? ChartForgeX.VisualBlocks.MetricCard.MiniSparklineFillColor { get; set; }","public ChartForgeX.Primitives.ChartColor? ChartForgeX.VisualBlocks.MetricCard.MiniSparklineFillColor { get; set; }","assembly-move","ChartForgeX.Visuals"
"9cd02a52af97426eab4bf64b9775ce93057e5986","de8ab2a75330edc93f7c3b529463a05c5d2c1b7e","P:ChartForgeX.VisualBlocks.MetricCard.MiniSparklineMaximum","ChartForgeX","ChartForgeX.Visuals","public double? ChartForgeX.VisualBlocks.MetricCard.MiniSparklineMaximum { get; set; }","public double? ChartForgeX.VisualBlocks.MetricCard.MiniSparklineMaximum { get; set; }","assembly-move","ChartForgeX.Visuals"
"9cd02a52af97426eab4bf64b9775ce93057e5986","de8ab2a75330edc93f7c3b529463a05c5d2c1b7e","P:ChartForgeX.VisualBlocks.MetricCard.MiniSparklineMinimum","ChartForgeX","ChartForgeX.Visuals","public double? ChartForgeX.VisualBlocks.MetricCard.MiniSparklineMinimum { get; set; }","public double? ChartForgeX.VisualBlocks.MetricCard.MiniSparklineMinimum { get; set; }","assembly-move","ChartForgeX.Visuals"
"9cd02a52af97426eab4bf64b9775ce93057e5986","de8ab2a75330edc93f7c3b529463a05c5d2c1b7e","P:ChartForgeX.VisualBlocks.MetricCard.MiniSparklineStyle","ChartForgeX","ChartForgeX.Visuals","public ChartForgeX.VisualBlocks.MetricCardSparklineStyle ChartForgeX.VisualBlocks.MetricCard.MiniSparklineStyle { get; set; }","public ChartForgeX.VisualBlocks.MetricCardSparklineStyle ChartForgeX.VisualBlocks.MetricCard.MiniSparklineStyle { get; set; }","assembly-move","ChartForgeX.Visuals"
"9cd02a52af97426eab4bf64b9775ce93057e5986","de8ab2a75330edc93f7c3b529463a05c5d2c1b7e","P:ChartForgeX.VisualBlocks.MetricCard.SecondaryMiniSparkline","ChartForgeX","ChartForgeX.Visuals","public System.Collections.Generic.IReadOnlyList<double> ChartForgeX.VisualBlocks.MetricCard.SecondaryMiniSparkline { get; }","public System.Collections.Generic.IReadOnlyList<double> ChartForgeX.VisualBlocks.MetricCard.SecondaryMiniSparkline { get; }","assembly-move","ChartForgeX.Visuals"
"9cd02a52af97426eab4bf64b9775ce93057e5986","de8ab2a75330edc93f7c3b529463a05c5d2c1b7e","P:ChartForgeX.VisualBlocks.MetricCard.SecondaryMiniSparklineColor","ChartForgeX","ChartForgeX.Visuals","public ChartForgeX.Primitives.ChartColor? ChartForgeX.VisualBlocks.MetricCard.SecondaryMiniSparklineColor { get; set; }","public ChartForgeX.Primitives.ChartColor? ChartForgeX.VisualBlocks.MetricCard.SecondaryMiniSparklineColor { get; set; }","assembly-move","ChartForgeX.Visuals"
"9cd02a52af97426eab4bf64b9775ce93057e5986","de8ab2a75330edc93f7c3b529463a05c5d2c1b7e","P:ChartForgeX.VisualBlocks.MetricCard.SecondarySparklineData","ChartForgeX","ChartForgeX.Visuals","public ChartForgeX.Core.SparklineData? ChartForgeX.VisualBlocks.MetricCard.SecondarySparklineData { get; private set; }","public ChartForgeX.Core.SparklineData? ChartForgeX.VisualBlocks.MetricCard.SecondarySparklineData { get; private set; }","assembly-move","ChartForgeX.Visuals"
"9cd02a52af97426eab4bf64b9775ce93057e5986","de8ab2a75330edc93f7c3b529463a05c5d2c1b7e","P:ChartForgeX.VisualBlocks.MetricCard.SparklineData","ChartForgeX","ChartForgeX.Visuals","public ChartForgeX.Core.SparklineData? ChartForgeX.VisualBlocks.MetricCard.SparklineData { get; private set; }","public ChartForgeX.Core.SparklineData? ChartForgeX.VisualBlocks.MetricCard.SparklineData { get; private set; }","assembly-move","ChartForgeX.Visuals"
"9cd02a52af97426eab4bf64b9775ce93057e5986","de8ab2a75330edc93f7c3b529463a05c5d2c1b7e","P:ChartForgeX.VisualBlocks.MetricCard.Status","ChartForgeX","ChartForgeX.Visuals","public ChartForgeX.VisualBlocks.VisualStatus ChartForgeX.VisualBlocks.MetricCard.Status { get; set; }","public ChartForgeX.VisualBlocks.VisualStatus ChartForgeX.VisualBlocks.MetricCard.Status { get; set; }","assembly-move","ChartForgeX.Visuals"
"9cd02a52af97426eab4bf64b9775ce93057e5986","de8ab2a75330edc93f7c3b529463a05c5d2c1b7e","P:ChartForgeX.VisualBlocks.MetricCard.Symbol","ChartForgeX","ChartForgeX.Visuals","public string ChartForgeX.VisualBlocks.MetricCard.Symbol { get; set; }","public string ChartForgeX.VisualBlocks.MetricCard.Symbol { get; set; }","assembly-move","ChartForgeX.Visuals"
"9cd02a52af97426eab4bf64b9775ce93057e5986","de8ab2a75330edc93f7c3b529463a05c5d2c1b7e","P:ChartForgeX.VisualBlocks.MetricCard.Trend","ChartForgeX","ChartForgeX.Visuals","public string ChartForgeX.VisualBlocks.MetricCard.Trend { get; set; }","public string ChartForgeX.VisualBlocks.MetricCard.Trend { get; set; }","assembly-move","ChartForgeX.Visuals"
"9cd02a52af97426eab4bf64b9775ce93057e5986","de8ab2a75330edc93f7c3b529463a05c5d2c1b7e","P:ChartForgeX.VisualBlocks.MetricCard.Unit","ChartForgeX","ChartForgeX.Visuals","public string ChartForgeX.VisualBlocks.MetricCard.Unit { get; set; }","public string ChartForgeX.VisualBlocks.MetricCard.Unit { get; set; }","assembly-move","ChartForgeX.Visuals"
"9cd02a52af97426eab4bf64b9775ce93057e5986","de8ab2a75330edc93f7c3b529463a05c5d2c1b7e","P:ChartForgeX.VisualBlocks.MetricCard.Value","ChartForgeX","ChartForgeX.Visuals","public string ChartForgeX.VisualBlocks.MetricCard.Value { get; set; }","public string ChartForgeX.VisualBlocks.MetricCard.Value { get; set; }","assembly-move","ChartForgeX.Visuals"
"9cd02a52af97426eab4bf64b9775ce93057e5986","de8ab2a75330edc93f7c3b529463a05c5d2c1b7e","P:ChartForgeX.VisualBlocks.MetricCardDetail.Label","ChartForgeX","ChartForgeX.Visuals","public string ChartForgeX.VisualBlocks.MetricCardDetail.Label { get; set; }","public string ChartForgeX.VisualBlocks.MetricCardDetail.Label { get; set; }","assembly-move","ChartForgeX.Visuals"
"9cd02a52af97426eab4bf64b9775ce93057e5986","de8ab2a75330edc93f7c3b529463a05c5d2c1b7e","P:ChartForgeX.VisualBlocks.MetricCardDetail.Status","ChartForgeX","ChartForgeX.Visuals","public ChartForgeX.VisualBlocks.VisualStatus ChartForgeX.VisualBlocks.MetricCardDetail.Status { get; set; }","public ChartForgeX.VisualBlocks.VisualStatus ChartForgeX.VisualBlocks.MetricCardDetail.Status { get; set; }","assembly-move","ChartForgeX.Visuals"
"9cd02a52af97426eab4bf64b9775ce93057e5986","de8ab2a75330edc93f7c3b529463a05c5d2c1b7e","P:ChartForgeX.VisualBlocks.MetricCardDetail.Value","ChartForgeX","ChartForgeX.Visuals","public string ChartForgeX.VisualBlocks.MetricCardDetail.Value { get; set; }","public string ChartForgeX.VisualBlocks.MetricCardDetail.Value { get; set; }","assembly-move","ChartForgeX.Visuals"
"9cd02a52af97426eab4bf64b9775ce93057e5986","de8ab2a75330edc93f7c3b529463a05c5d2c1b7e","P:ChartForgeX.VisualBlocks.RadialMetricCard.AccessibleName","ChartForgeX","ChartForgeX.Visuals","public override string ChartForgeX.VisualBlocks.RadialMetricCard.AccessibleName { get; }","public override string ChartForgeX.VisualBlocks.RadialMetricCard.AccessibleName { get; }","assembly-move","ChartForgeX.Visuals"
"9cd02a52af97426eab4bf64b9775ce93057e5986","de8ab2a75330edc93f7c3b529463a05c5d2c1b7e","P:ChartForgeX.VisualBlocks.RadialMetricCard.Icon","ChartForgeX","ChartForgeX.Visuals","public ChartForgeX.VisualBlocks.VisualIcon ChartForgeX.VisualBlocks.RadialMetricCard.Icon { get; set; }","public ChartForgeX.VisualBlocks.VisualIcon ChartForgeX.VisualBlocks.RadialMetricCard.Icon { get; set; }","assembly-move","ChartForgeX.Visuals"
"9cd02a52af97426eab4bf64b9775ce93057e5986","de8ab2a75330edc93f7c3b529463a05c5d2c1b7e","P:ChartForgeX.VisualBlocks.RadialMetricCard.Label","ChartForgeX","ChartForgeX.Visuals","public string ChartForgeX.VisualBlocks.RadialMetricCard.Label { get; set; }","public string ChartForgeX.VisualBlocks.RadialMetricCard.Label { get; set; }","assembly-move","ChartForgeX.Visuals"
"9cd02a52af97426eab4bf64b9775ce93057e5986","de8ab2a75330edc93f7c3b529463a05c5d2c1b7e","P:ChartForgeX.VisualBlocks.RadialMetricCard.Layers","ChartForgeX","ChartForgeX.Visuals","public System.Collections.Generic.IReadOnlyList<ChartForgeX.Core.ChartRadialLayer> ChartForgeX.VisualBlocks.RadialMetricCard.Layers { get; }","public System.Collections.Generic.IReadOnlyList<ChartForgeX.Core.ChartRadialLayer> ChartForgeX.VisualBlocks.RadialMetricCard.Layers { get; }","assembly-move","ChartForgeX.Visuals"
"9cd02a52af97426eab4bf64b9775ce93057e5986","de8ab2a75330edc93f7c3b529463a05c5d2c1b7e","P:ChartForgeX.VisualBlocks.RadialMetricCard.Value","ChartForgeX","ChartForgeX.Visuals","public string ChartForgeX.VisualBlocks.RadialMetricCard.Value { get; set; }","public string ChartForgeX.VisualBlocks.RadialMetricCard.Value { get; set; }","assembly-move","ChartForgeX.Visuals"
"9cd02a52af97426eab4bf64b9775ce93057e5986","de8ab2a75330edc93f7c3b529463a05c5d2c1b7e","P:ChartForgeX.VisualBlocks.ScheduleTimelineBlock.CurrentTime","ChartForgeX","ChartForgeX.Visuals","public double? ChartForgeX.VisualBlocks.ScheduleTimelineBlock.CurrentTime { get; set; }","public double? ChartForgeX.VisualBlocks.ScheduleTimelineBlock.CurrentTime { get; set; }","assembly-move","ChartForgeX.Visuals"
"9cd02a52af97426eab4bf64b9775ce93057e5986","de8ab2a75330edc93f7c3b529463a05c5d2c1b7e","P:ChartForgeX.VisualBlocks.ScheduleTimelineBlock.End","ChartForgeX","ChartForgeX.Visuals","public double ChartForgeX.VisualBlocks.ScheduleTimelineBlock.End { get; set; }","public double ChartForgeX.VisualBlocks.ScheduleTimelineBlock.End { get; set; }","assembly-move","ChartForgeX.Visuals"
"9cd02a52af97426eab4bf64b9775ce93057e5986","de8ab2a75330edc93f7c3b529463a05c5d2c1b7e","P:ChartForgeX.VisualBlocks.ScheduleTimelineBlock.Events","ChartForgeX","ChartForgeX.Visuals","public System.Collections.Generic.IReadOnlyList<ChartForgeX.VisualBlocks.ScheduleTimelineEvent> ChartForgeX.VisualBlocks.ScheduleTimelineBlock.Events { get; }","public System.Collections.Generic.IReadOnlyList<ChartForgeX.VisualBlocks.ScheduleTimelineEvent> ChartForgeX.VisualBlocks.ScheduleTimelineBlock.Events { get; }","assembly-move","ChartForgeX.Visuals"
"9cd02a52af97426eab4bf64b9775ce93057e5986","de8ab2a75330edc93f7c3b529463a05c5d2c1b7e","P:ChartForgeX.VisualBlocks.ScheduleTimelineBlock.HeaderActions","ChartForgeX","","public System.Collections.Generic.IReadOnlyList<string> ChartForgeX.VisualBlocks.ScheduleTimelineBlock.HeaderActions { get; }","","removed-or-replaced","removed-static-chrome"
"9cd02a52af97426eab4bf64b9775ce93057e5986","de8ab2a75330edc93f7c3b529463a05c5d2c1b7e","P:ChartForgeX.VisualBlocks.ScheduleTimelineBlock.ShowGrid","ChartForgeX","ChartForgeX.Visuals","public bool ChartForgeX.VisualBlocks.ScheduleTimelineBlock.ShowGrid { get; set; }","public bool ChartForgeX.VisualBlocks.ScheduleTimelineBlock.ShowGrid { get; set; }","assembly-move","ChartForgeX.Visuals"
"9cd02a52af97426eab4bf64b9775ce93057e5986","de8ab2a75330edc93f7c3b529463a05c5d2c1b7e","P:ChartForgeX.VisualBlocks.ScheduleTimelineBlock.Start","ChartForgeX","ChartForgeX.Visuals","public double ChartForgeX.VisualBlocks.ScheduleTimelineBlock.Start { get; set; }","public double ChartForgeX.VisualBlocks.ScheduleTimelineBlock.Start { get; set; }","assembly-move","ChartForgeX.Visuals"
"9cd02a52af97426eab4bf64b9775ce93057e5986","de8ab2a75330edc93f7c3b529463a05c5d2c1b7e","P:ChartForgeX.VisualBlocks.ScheduleTimelineBlock.TickInterval","ChartForgeX","ChartForgeX.Visuals","public double ChartForgeX.VisualBlocks.ScheduleTimelineBlock.TickInterval { get; set; }","public double ChartForgeX.VisualBlocks.ScheduleTimelineBlock.TickInterval { get; set; }","assembly-move","ChartForgeX.Visuals"
"9cd02a52af97426eab4bf64b9775ce93057e5986","de8ab2a75330edc93f7c3b529463a05c5d2c1b7e","P:ChartForgeX.VisualBlocks.ScheduleTimelineEvent.Avatars","ChartForgeX","ChartForgeX.Visuals","public System.Collections.Generic.IReadOnlyList<string> ChartForgeX.VisualBlocks.ScheduleTimelineEvent.Avatars { get; }","public System.Collections.Generic.IReadOnlyList<string> ChartForgeX.VisualBlocks.ScheduleTimelineEvent.Avatars { get; }","assembly-move","ChartForgeX.Visuals"
"9cd02a52af97426eab4bf64b9775ce93057e5986","de8ab2a75330edc93f7c3b529463a05c5d2c1b7e","P:ChartForgeX.VisualBlocks.ScheduleTimelineEvent.Badge","ChartForgeX","ChartForgeX.Visuals","public string ChartForgeX.VisualBlocks.ScheduleTimelineEvent.Badge { get; set; }","public string ChartForgeX.VisualBlocks.ScheduleTimelineEvent.Badge { get; set; }","assembly-move","ChartForgeX.Visuals"
"9cd02a52af97426eab4bf64b9775ce93057e5986","de8ab2a75330edc93f7c3b529463a05c5d2c1b7e","P:ChartForgeX.VisualBlocks.ScheduleTimelineEvent.Color","ChartForgeX","ChartForgeX.Visuals","public ChartForgeX.Primitives.ChartColor? ChartForgeX.VisualBlocks.ScheduleTimelineEvent.Color { get; set; }","public ChartForgeX.Primitives.ChartColor? ChartForgeX.VisualBlocks.ScheduleTimelineEvent.Color { get; set; }","assembly-move","ChartForgeX.Visuals"
"9cd02a52af97426eab4bf64b9775ce93057e5986","de8ab2a75330edc93f7c3b529463a05c5d2c1b7e","P:ChartForgeX.VisualBlocks.ScheduleTimelineEvent.End","ChartForgeX","ChartForgeX.Visuals","public double ChartForgeX.VisualBlocks.ScheduleTimelineEvent.End { get; set; }","public double ChartForgeX.VisualBlocks.ScheduleTimelineEvent.End { get; set; }","assembly-move","ChartForgeX.Visuals"
"9cd02a52af97426eab4bf64b9775ce93057e5986","de8ab2a75330edc93f7c3b529463a05c5d2c1b7e","P:ChartForgeX.VisualBlocks.ScheduleTimelineEvent.Lane","ChartForgeX","ChartForgeX.Visuals","public int ChartForgeX.VisualBlocks.ScheduleTimelineEvent.Lane { get; set; }","public int ChartForgeX.VisualBlocks.ScheduleTimelineEvent.Lane { get; set; }","assembly-move","ChartForgeX.Visuals"
"9cd02a52af97426eab4bf64b9775ce93057e5986","de8ab2a75330edc93f7c3b529463a05c5d2c1b7e","P:ChartForgeX.VisualBlocks.ScheduleTimelineEvent.Start","ChartForgeX","ChartForgeX.Visuals","public double ChartForgeX.VisualBlocks.ScheduleTimelineEvent.Start { get; set; }","public double ChartForgeX.VisualBlocks.ScheduleTimelineEvent.Start { get; set; }","assembly-move","ChartForgeX.Visuals"
"9cd02a52af97426eab4bf64b9775ce93057e5986","de8ab2a75330edc93f7c3b529463a05c5d2c1b7e","P:ChartForgeX.VisualBlocks.ScheduleTimelineEvent.Status","ChartForgeX","ChartForgeX.Visuals","public ChartForgeX.VisualBlocks.VisualStatus ChartForgeX.VisualBlocks.ScheduleTimelineEvent.Status { get; set; }","public ChartForgeX.VisualBlocks.VisualStatus ChartForgeX.VisualBlocks.ScheduleTimelineEvent.Status { get; set; }","assembly-move","ChartForgeX.Visuals"
"9cd02a52af97426eab4bf64b9775ce93057e5986","de8ab2a75330edc93f7c3b529463a05c5d2c1b7e","P:ChartForgeX.VisualBlocks.ScheduleTimelineEvent.Title","ChartForgeX","ChartForgeX.Visuals","public string ChartForgeX.VisualBlocks.ScheduleTimelineEvent.Title { get; set; }","public string ChartForgeX.VisualBlocks.ScheduleTimelineEvent.Title { get; set; }","assembly-move","ChartForgeX.Visuals"
"9cd02a52af97426eab4bf64b9775ce93057e5986","de8ab2a75330edc93f7c3b529463a05c5d2c1b7e","P:ChartForgeX.VisualBlocks.SectionHeaderBlock.ActionLabel","ChartForgeX","","public string ChartForgeX.VisualBlocks.SectionHeaderBlock.ActionLabel { get; set; }","","removed-or-replaced","removed-static-chrome"
"9cd02a52af97426eab4bf64b9775ce93057e5986","de8ab2a75330edc93f7c3b529463a05c5d2c1b7e","P:ChartForgeX.VisualBlocks.SectionHeaderBlock.ActionSymbol","ChartForgeX","","public string ChartForgeX.VisualBlocks.SectionHeaderBlock.ActionSymbol { get; set; }","","removed-or-replaced","removed-static-chrome"
"9cd02a52af97426eab4bf64b9775ce93057e5986","de8ab2a75330edc93f7c3b529463a05c5d2c1b7e","P:ChartForgeX.VisualBlocks.SectionHeaderBlock.ActionUrl","ChartForgeX","","public string ChartForgeX.VisualBlocks.SectionHeaderBlock.ActionUrl { get; set; }","","removed-or-replaced","removed-static-chrome"
"9cd02a52af97426eab4bf64b9775ce93057e5986","de8ab2a75330edc93f7c3b529463a05c5d2c1b7e","P:ChartForgeX.VisualBlocks.SegmentedMetricBlock.ActionBackground","ChartForgeX","","public ChartForgeX.Primitives.ChartColor? ChartForgeX.VisualBlocks.SegmentedMetricBlock.ActionBackground { get; set; }","","removed-or-replaced","removed-static-chrome"
"9cd02a52af97426eab4bf64b9775ce93057e5986","de8ab2a75330edc93f7c3b529463a05c5d2c1b7e","P:ChartForgeX.VisualBlocks.SegmentedMetricBlock.ActionForeground","ChartForgeX","","public ChartForgeX.Primitives.ChartColor? ChartForgeX.VisualBlocks.SegmentedMetricBlock.ActionForeground { get; set; }","","removed-or-replaced","removed-static-chrome"
"9cd02a52af97426eab4bf64b9775ce93057e5986","de8ab2a75330edc93f7c3b529463a05c5d2c1b7e","P:ChartForgeX.VisualBlocks.SegmentedMetricBlock.ActionLabel","ChartForgeX","","public string ChartForgeX.VisualBlocks.SegmentedMetricBlock.ActionLabel { get; set; }","","removed-or-replaced","removed-static-chrome"
"9cd02a52af97426eab4bf64b9775ce93057e5986","de8ab2a75330edc93f7c3b529463a05c5d2c1b7e","P:ChartForgeX.VisualBlocks.SegmentedMetricBlock.ActionSymbol","ChartForgeX","","public string ChartForgeX.VisualBlocks.SegmentedMetricBlock.ActionSymbol { get; set; }","","removed-or-replaced","removed-static-chrome"
"9cd02a52af97426eab4bf64b9775ce93057e5986","de8ab2a75330edc93f7c3b529463a05c5d2c1b7e","P:ChartForgeX.VisualBlocks.SegmentedMetricBlock.ActionUrl","ChartForgeX","","public string ChartForgeX.VisualBlocks.SegmentedMetricBlock.ActionUrl { get; set; }","","removed-or-replaced","removed-static-chrome"
"9cd02a52af97426eab4bf64b9775ce93057e5986","de8ab2a75330edc93f7c3b529463a05c5d2c1b7e","P:ChartForgeX.VisualBlocks.SegmentedMetricBlock.Caption","ChartForgeX","ChartForgeX.Visuals","public string ChartForgeX.VisualBlocks.SegmentedMetricBlock.Caption { get; set; }","public string ChartForgeX.VisualBlocks.SegmentedMetricBlock.Caption { get; set; }","assembly-move","ChartForgeX.Visuals"
"9cd02a52af97426eab4bf64b9775ce93057e5986","de8ab2a75330edc93f7c3b529463a05c5d2c1b7e","P:ChartForgeX.VisualBlocks.SegmentedMetricBlock.HeaderSymbol","ChartForgeX","ChartForgeX.Visuals","public string ChartForgeX.VisualBlocks.SegmentedMetricBlock.HeaderSymbol { get; set; }","public string ChartForgeX.VisualBlocks.SegmentedMetricBlock.HeaderSymbol { get; set; }","assembly-move","ChartForgeX.Visuals"
"9cd02a52af97426eab4bf64b9775ce93057e5986","de8ab2a75330edc93f7c3b529463a05c5d2c1b7e","P:ChartForgeX.VisualBlocks.SegmentedMetricBlock.Items","ChartForgeX","ChartForgeX.Visuals","public System.Collections.Generic.IReadOnlyList<ChartForgeX.VisualBlocks.SegmentedMetricItem> ChartForgeX.VisualBlocks.SegmentedMetricBlock.Items { get; }","public System.Collections.Generic.IReadOnlyList<ChartForgeX.VisualBlocks.SegmentedMetricItem> ChartForgeX.VisualBlocks.SegmentedMetricBlock.Items { get; }","assembly-move","ChartForgeX.Visuals"
"9cd02a52af97426eab4bf64b9775ce93057e5986","de8ab2a75330edc93f7c3b529463a05c5d2c1b7e","P:ChartForgeX.VisualBlocks.SegmentedMetricBlock.Label","ChartForgeX","ChartForgeX.Visuals","public string ChartForgeX.VisualBlocks.SegmentedMetricBlock.Label { get; set; }","public string ChartForgeX.VisualBlocks.SegmentedMetricBlock.Label { get; set; }","assembly-move","ChartForgeX.Visuals"
"9cd02a52af97426eab4bf64b9775ce93057e5986","de8ab2a75330edc93f7c3b529463a05c5d2c1b7e","P:ChartForgeX.VisualBlocks.SegmentedMetricBlock.ShowMenu","ChartForgeX","","public bool ChartForgeX.VisualBlocks.SegmentedMetricBlock.ShowMenu { get; set; }","","removed-or-replaced","removed-static-chrome"
"9cd02a52af97426eab4bf64b9775ce93057e5986","de8ab2a75330edc93f7c3b529463a05c5d2c1b7e","P:ChartForgeX.VisualBlocks.SegmentedMetricBlock.Style","ChartForgeX","ChartForgeX.Visuals","public ChartForgeX.VisualBlocks.SegmentedMetricStyle ChartForgeX.VisualBlocks.SegmentedMetricBlock.Style { get; set; }","public ChartForgeX.VisualBlocks.SegmentedMetricStyle ChartForgeX.VisualBlocks.SegmentedMetricBlock.Style { get; set; }","assembly-move","ChartForgeX.Visuals"
"9cd02a52af97426eab4bf64b9775ce93057e5986","de8ab2a75330edc93f7c3b529463a05c5d2c1b7e","P:ChartForgeX.VisualBlocks.SegmentedMetricBlock.Unit","ChartForgeX","ChartForgeX.Visuals","public string ChartForgeX.VisualBlocks.SegmentedMetricBlock.Unit { get; set; }","public string ChartForgeX.VisualBlocks.SegmentedMetricBlock.Unit { get; set; }","assembly-move","ChartForgeX.Visuals"
"9cd02a52af97426eab4bf64b9775ce93057e5986","de8ab2a75330edc93f7c3b529463a05c5d2c1b7e","P:ChartForgeX.VisualBlocks.SegmentedMetricBlock.Value","ChartForgeX","ChartForgeX.Visuals","public string ChartForgeX.VisualBlocks.SegmentedMetricBlock.Value { get; set; }","public string ChartForgeX.VisualBlocks.SegmentedMetricBlock.Value { get; set; }","assembly-move","ChartForgeX.Visuals"
"9cd02a52af97426eab4bf64b9775ce93057e5986","de8ab2a75330edc93f7c3b529463a05c5d2c1b7e","P:ChartForgeX.VisualBlocks.SegmentedMetricItem.Color","ChartForgeX","ChartForgeX.Visuals","public ChartForgeX.Primitives.ChartColor? ChartForgeX.VisualBlocks.SegmentedMetricItem.Color { get; set; }","public ChartForgeX.Primitives.ChartColor? ChartForgeX.VisualBlocks.SegmentedMetricItem.Color { get; set; }","assembly-move","ChartForgeX.Visuals"
"9cd02a52af97426eab4bf64b9775ce93057e5986","de8ab2a75330edc93f7c3b529463a05c5d2c1b7e","P:ChartForgeX.VisualBlocks.SegmentedMetricItem.Delta","ChartForgeX","ChartForgeX.Visuals","public string ChartForgeX.VisualBlocks.SegmentedMetricItem.Delta { get; set; }","public string ChartForgeX.VisualBlocks.SegmentedMetricItem.Delta { get; set; }","assembly-move","ChartForgeX.Visuals"
"9cd02a52af97426eab4bf64b9775ce93057e5986","de8ab2a75330edc93f7c3b529463a05c5d2c1b7e","P:ChartForgeX.VisualBlocks.SegmentedMetricItem.DisplayValue","ChartForgeX","ChartForgeX.Visuals","public string ChartForgeX.VisualBlocks.SegmentedMetricItem.DisplayValue { get; set; }","public string ChartForgeX.VisualBlocks.SegmentedMetricItem.DisplayValue { get; set; }","assembly-move","ChartForgeX.Visuals"
"9cd02a52af97426eab4bf64b9775ce93057e5986","de8ab2a75330edc93f7c3b529463a05c5d2c1b7e","P:ChartForgeX.VisualBlocks.SegmentedMetricItem.Label","ChartForgeX","ChartForgeX.Visuals","public string ChartForgeX.VisualBlocks.SegmentedMetricItem.Label { get; set; }","public string ChartForgeX.VisualBlocks.SegmentedMetricItem.Label { get; set; }","assembly-move","ChartForgeX.Visuals"
"9cd02a52af97426eab4bf64b9775ce93057e5986","de8ab2a75330edc93f7c3b529463a05c5d2c1b7e","P:ChartForgeX.VisualBlocks.SegmentedMetricItem.Maximum","ChartForgeX","ChartForgeX.Visuals","public double ChartForgeX.VisualBlocks.SegmentedMetricItem.Maximum { get; set; }","public double ChartForgeX.VisualBlocks.SegmentedMetricItem.Maximum { get; set; }","assembly-move","ChartForgeX.Visuals"
"9cd02a52af97426eab4bf64b9775ce93057e5986","de8ab2a75330edc93f7c3b529463a05c5d2c1b7e","P:ChartForgeX.VisualBlocks.SegmentedMetricItem.Pattern","ChartForgeX","ChartForgeX.Visuals","public ChartForgeX.Core.ChartFillPattern ChartForgeX.VisualBlocks.SegmentedMetricItem.Pattern { get; set; }","public ChartForgeX.Core.ChartFillPattern ChartForgeX.VisualBlocks.SegmentedMetricItem.Pattern { get; set; }","assembly-move","ChartForgeX.Visuals"
"9cd02a52af97426eab4bf64b9775ce93057e5986","de8ab2a75330edc93f7c3b529463a05c5d2c1b7e","P:ChartForgeX.VisualBlocks.SegmentedMetricItem.Segments","ChartForgeX","ChartForgeX.Visuals","public int ChartForgeX.VisualBlocks.SegmentedMetricItem.Segments { get; set; }","public int ChartForgeX.VisualBlocks.SegmentedMetricItem.Segments { get; set; }","assembly-move","ChartForgeX.Visuals"
"9cd02a52af97426eab4bf64b9775ce93057e5986","de8ab2a75330edc93f7c3b529463a05c5d2c1b7e","P:ChartForgeX.VisualBlocks.SegmentedMetricItem.Status","ChartForgeX","ChartForgeX.Visuals","public ChartForgeX.VisualBlocks.VisualStatus ChartForgeX.VisualBlocks.SegmentedMetricItem.Status { get; set; }","public ChartForgeX.VisualBlocks.VisualStatus ChartForgeX.VisualBlocks.SegmentedMetricItem.Status { get; set; }","assembly-move","ChartForgeX.Visuals"
"9cd02a52af97426eab4bf64b9775ce93057e5986","de8ab2a75330edc93f7c3b529463a05c5d2c1b7e","P:ChartForgeX.VisualBlocks.SegmentedMetricItem.Symbol","ChartForgeX","ChartForgeX.Visuals","public string ChartForgeX.VisualBlocks.SegmentedMetricItem.Symbol { get; set; }","public string ChartForgeX.VisualBlocks.SegmentedMetricItem.Symbol { get; set; }","assembly-move","ChartForgeX.Visuals"
"9cd02a52af97426eab4bf64b9775ce93057e5986","de8ab2a75330edc93f7c3b529463a05c5d2c1b7e","P:ChartForgeX.VisualBlocks.SegmentedMetricItem.Value","ChartForgeX","ChartForgeX.Visuals","public double ChartForgeX.VisualBlocks.SegmentedMetricItem.Value { get; set; }","public double ChartForgeX.VisualBlocks.SegmentedMetricItem.Value { get; set; }","assembly-move","ChartForgeX.Visuals"
"9cd02a52af97426eab4bf64b9775ce93057e5986","de8ab2a75330edc93f7c3b529463a05c5d2c1b7e","P:ChartForgeX.VisualBlocks.VisualGrid.AdaptiveRowHeights","ChartForgeX","ChartForgeX.Visuals","public bool ChartForgeX.VisualBlocks.VisualGrid.AdaptiveRowHeights { get; set; }","public bool ChartForgeX.VisualBlocks.VisualGrid.AdaptiveRowHeights { get; set; }","assembly-move","ChartForgeX.Visuals"
"9cd02a52af97426eab4bf64b9775ce93057e5986","de8ab2a75330edc93f7c3b529463a05c5d2c1b7e","P:ChartForgeX.VisualBlocks.VisualGrid.Columns","ChartForgeX","ChartForgeX.Visuals","public int ChartForgeX.VisualBlocks.VisualGrid.Columns { get; set; }","public int ChartForgeX.VisualBlocks.VisualGrid.Columns { get; set; }","assembly-move","ChartForgeX.Visuals"
"9cd02a52af97426eab4bf64b9775ce93057e5986","de8ab2a75330edc93f7c3b529463a05c5d2c1b7e","P:ChartForgeX.VisualBlocks.VisualGrid.FrameVisible","ChartForgeX","ChartForgeX.Visuals","public bool ChartForgeX.VisualBlocks.VisualGrid.FrameVisible { get; set; }","public bool ChartForgeX.VisualBlocks.VisualGrid.FrameVisible { get; set; }","assembly-move","ChartForgeX.Visuals"
"9cd02a52af97426eab4bf64b9775ce93057e5986","de8ab2a75330edc93f7c3b529463a05c5d2c1b7e","P:ChartForgeX.VisualBlocks.VisualGrid.Gap","ChartForgeX","ChartForgeX.Visuals","public int ChartForgeX.VisualBlocks.VisualGrid.Gap { get; set; }","public int ChartForgeX.VisualBlocks.VisualGrid.Gap { get; set; }","assembly-move","ChartForgeX.Visuals"
"9cd02a52af97426eab4bf64b9775ce93057e5986","de8ab2a75330edc93f7c3b529463a05c5d2c1b7e","P:ChartForgeX.VisualBlocks.VisualGrid.Items","ChartForgeX","ChartForgeX.Visuals","public System.Collections.Generic.IReadOnlyList<ChartForgeX.VisualBlocks.VisualGridItem> ChartForgeX.VisualBlocks.VisualGrid.Items { get; }","public System.Collections.Generic.IReadOnlyList<ChartForgeX.VisualBlocks.VisualGridItem> ChartForgeX.VisualBlocks.VisualGrid.Items { get; }","assembly-move","ChartForgeX.Visuals"
"9cd02a52af97426eab4bf64b9775ce93057e5986","de8ab2a75330edc93f7c3b529463a05c5d2c1b7e","P:ChartForgeX.VisualBlocks.VisualGrid.Motion","ChartForgeX","","public ChartForgeX.Motion.VisualMotionTimeline? ChartForgeX.VisualBlocks.VisualGrid.Motion { get; set; }","","removed-or-replaced","ChartForgeX.Visuals"
"9cd02a52af97426eab4bf64b9775ce93057e5986","de8ab2a75330edc93f7c3b529463a05c5d2c1b7e","P:ChartForgeX.VisualBlocks.VisualGrid.Padding","ChartForgeX","ChartForgeX.Visuals","public int ChartForgeX.VisualBlocks.VisualGrid.Padding { get; set; }","public int ChartForgeX.VisualBlocks.VisualGrid.Padding { get; set; }","assembly-move","ChartForgeX.Visuals"
"9cd02a52af97426eab4bf64b9775ce93057e5986","de8ab2a75330edc93f7c3b529463a05c5d2c1b7e","P:ChartForgeX.VisualBlocks.VisualGrid.PanelFit","ChartForgeX","ChartForgeX.Visuals","public ChartForgeX.Primitives.VisualPanelFit ChartForgeX.VisualBlocks.VisualGrid.PanelFit { get; set; }","public ChartForgeX.Primitives.VisualPanelFit ChartForgeX.VisualBlocks.VisualGrid.PanelFit { get; set; }","assembly-move","ChartForgeX.Visuals"
"9cd02a52af97426eab4bf64b9775ce93057e5986","de8ab2a75330edc93f7c3b529463a05c5d2c1b7e","P:ChartForgeX.VisualBlocks.VisualGrid.PanelSize","ChartForgeX","ChartForgeX.Visuals","public ChartForgeX.Primitives.ChartSize? ChartForgeX.VisualBlocks.VisualGrid.PanelSize { get; set; }","public ChartForgeX.Primitives.ChartSize? ChartForgeX.VisualBlocks.VisualGrid.PanelSize { get; set; }","assembly-move","ChartForgeX.Visuals"
"9cd02a52af97426eab4bf64b9775ce93057e5986","de8ab2a75330edc93f7c3b529463a05c5d2c1b7e","P:ChartForgeX.VisualBlocks.VisualGrid.PngOutputScale","ChartForgeX","ChartForgeX.Visuals","public int ChartForgeX.VisualBlocks.VisualGrid.PngOutputScale { get; set; }","public int ChartForgeX.VisualBlocks.VisualGrid.PngOutputScale { get; set; }","assembly-move","ChartForgeX.Visuals"
"9cd02a52af97426eab4bf64b9775ce93057e5986","de8ab2a75330edc93f7c3b529463a05c5d2c1b7e","P:ChartForgeX.VisualBlocks.VisualGrid.Subtitle","ChartForgeX","ChartForgeX.Visuals","public string ChartForgeX.VisualBlocks.VisualGrid.Subtitle { get; set; }","public string ChartForgeX.VisualBlocks.VisualGrid.Subtitle { get; set; }","assembly-move","ChartForgeX.Visuals"
"9cd02a52af97426eab4bf64b9775ce93057e5986","de8ab2a75330edc93f7c3b529463a05c5d2c1b7e","P:ChartForgeX.VisualBlocks.VisualGrid.Theme","ChartForgeX","ChartForgeX.Visuals","public ChartForgeX.Themes.ChartTheme? ChartForgeX.VisualBlocks.VisualGrid.Theme { get; set; }","public ChartForgeX.Themes.ChartTheme? ChartForgeX.VisualBlocks.VisualGrid.Theme { get; set; }","assembly-move","ChartForgeX.Visuals"
"9cd02a52af97426eab4bf64b9775ce93057e5986","de8ab2a75330edc93f7c3b529463a05c5d2c1b7e","P:ChartForgeX.VisualBlocks.VisualGrid.Title","ChartForgeX","ChartForgeX.Visuals","public string ChartForgeX.VisualBlocks.VisualGrid.Title { get; set; }","public string ChartForgeX.VisualBlocks.VisualGrid.Title { get; set; }","assembly-move","ChartForgeX.Visuals"
"9cd02a52af97426eab4bf64b9775ce93057e5986","de8ab2a75330edc93f7c3b529463a05c5d2c1b7e","P:ChartForgeX.VisualBlocks.VisualGridItem.Block","ChartForgeX","ChartForgeX.Visuals","public ChartForgeX.VisualBlocks.IVisualBlock? ChartForgeX.VisualBlocks.VisualGridItem.Block { get; }","public ChartForgeX.VisualBlocks.IVisualBlock? ChartForgeX.VisualBlocks.VisualGridItem.Block { get; }","assembly-move","ChartForgeX.Visuals"
"9cd02a52af97426eab4bf64b9775ce93057e5986","de8ab2a75330edc93f7c3b529463a05c5d2c1b7e","P:ChartForgeX.VisualBlocks.VisualGridItem.Chart","ChartForgeX","ChartForgeX.Visuals","public ChartForgeX.Core.Chart? ChartForgeX.VisualBlocks.VisualGridItem.Chart { get; }","public ChartForgeX.Core.Chart? ChartForgeX.VisualBlocks.VisualGridItem.Chart { get; }","assembly-move","ChartForgeX.Visuals"
"9cd02a52af97426eab4bf64b9775ce93057e5986","de8ab2a75330edc93f7c3b529463a05c5d2c1b7e","P:ChartForgeX.VisualBlocks.VisualGridItem.ColumnSpan","ChartForgeX","ChartForgeX.Visuals","public int ChartForgeX.VisualBlocks.VisualGridItem.ColumnSpan { get; }","public int ChartForgeX.VisualBlocks.VisualGridItem.ColumnSpan { get; }","assembly-move","ChartForgeX.Visuals"
"9cd02a52af97426eab4bf64b9775ce93057e5986","de8ab2a75330edc93f7c3b529463a05c5d2c1b7e","P:ChartForgeX.VisualBlocks.VisualGridItem.MotionTargetId","ChartForgeX","","public string? ChartForgeX.VisualBlocks.VisualGridItem.MotionTargetId { get; }","","removed-or-replaced","ChartForgeX.Visuals"
"9cd02a52af97426eab4bf64b9775ce93057e5986","de8ab2a75330edc93f7c3b529463a05c5d2c1b7e","P:ChartForgeX.VisualBlocks.VisualGridItem.RowSpan","ChartForgeX","ChartForgeX.Visuals","public int ChartForgeX.VisualBlocks.VisualGridItem.RowSpan { get; }","public int ChartForgeX.VisualBlocks.VisualGridItem.RowSpan { get; }","assembly-move","ChartForgeX.Visuals"
"9cd02a52af97426eab4bf64b9775ce93057e5986","de8ab2a75330edc93f7c3b529463a05c5d2c1b7e","P:ChartForgeX.VisualBlocks.WorkloadListBlock.ActionLabel","ChartForgeX","","public string ChartForgeX.VisualBlocks.WorkloadListBlock.ActionLabel { get; set; }","","removed-or-replaced","removed-static-chrome"
"9cd02a52af97426eab4bf64b9775ce93057e5986","de8ab2a75330edc93f7c3b529463a05c5d2c1b7e","P:ChartForgeX.VisualBlocks.WorkloadListBlock.ActionSymbol","ChartForgeX","","public string ChartForgeX.VisualBlocks.WorkloadListBlock.ActionSymbol { get; set; }","","removed-or-replaced","removed-static-chrome"
"9cd02a52af97426eab4bf64b9775ce93057e5986","de8ab2a75330edc93f7c3b529463a05c5d2c1b7e","P:ChartForgeX.VisualBlocks.WorkloadListBlock.ActionUrl","ChartForgeX","","public string ChartForgeX.VisualBlocks.WorkloadListBlock.ActionUrl { get; set; }","","removed-or-replaced","removed-static-chrome"
"9cd02a52af97426eab4bf64b9775ce93057e5986","de8ab2a75330edc93f7c3b529463a05c5d2c1b7e","P:ChartForgeX.VisualBlocks.WorkloadListBlock.Rows","ChartForgeX","ChartForgeX.Visuals","public System.Collections.Generic.IReadOnlyList<ChartForgeX.VisualBlocks.WorkloadListRow> ChartForgeX.VisualBlocks.WorkloadListBlock.Rows { get; }","public System.Collections.Generic.IReadOnlyList<ChartForgeX.VisualBlocks.WorkloadListRow> ChartForgeX.VisualBlocks.WorkloadListBlock.Rows { get; }","assembly-move","ChartForgeX.Visuals"
"9cd02a52af97426eab4bf64b9775ce93057e5986","de8ab2a75330edc93f7c3b529463a05c5d2c1b7e","P:ChartForgeX.VisualBlocks.WorkloadListBlock.ShowDividers","ChartForgeX","ChartForgeX.Visuals","public bool ChartForgeX.VisualBlocks.WorkloadListBlock.ShowDividers { get; set; }","public bool ChartForgeX.VisualBlocks.WorkloadListBlock.ShowDividers { get; set; }","assembly-move","ChartForgeX.Visuals"
"9cd02a52af97426eab4bf64b9775ce93057e5986","de8ab2a75330edc93f7c3b529463a05c5d2c1b7e","P:ChartForgeX.VisualBlocks.WorkloadListBlock.ShowProgressRails","ChartForgeX","ChartForgeX.Visuals","public bool ChartForgeX.VisualBlocks.WorkloadListBlock.ShowProgressRails { get; set; }","public bool ChartForgeX.VisualBlocks.WorkloadListBlock.ShowProgressRails { get; set; }","assembly-move","ChartForgeX.Visuals"
"9cd02a52af97426eab4bf64b9775ce93057e5986","de8ab2a75330edc93f7c3b529463a05c5d2c1b7e","P:ChartForgeX.VisualBlocks.WorkloadListBlock.ShowSelectionControls","ChartForgeX","","public bool ChartForgeX.VisualBlocks.WorkloadListBlock.ShowSelectionControls { get; set; }","","removed-or-replaced","removed-static-chrome"
"9cd02a52af97426eab4bf64b9775ce93057e5986","de8ab2a75330edc93f7c3b529463a05c5d2c1b7e","P:ChartForgeX.VisualBlocks.WorkloadListRow.AvatarText","ChartForgeX","ChartForgeX.Visuals","public string ChartForgeX.VisualBlocks.WorkloadListRow.AvatarText { get; set; }","public string ChartForgeX.VisualBlocks.WorkloadListRow.AvatarText { get; set; }","assembly-move","ChartForgeX.Visuals"
"9cd02a52af97426eab4bf64b9775ce93057e5986","de8ab2a75330edc93f7c3b529463a05c5d2c1b7e","P:ChartForgeX.VisualBlocks.WorkloadListRow.Color","ChartForgeX","ChartForgeX.Visuals","public ChartForgeX.Primitives.ChartColor? ChartForgeX.VisualBlocks.WorkloadListRow.Color { get; set; }","public ChartForgeX.Primitives.ChartColor? ChartForgeX.VisualBlocks.WorkloadListRow.Color { get; set; }","assembly-move","ChartForgeX.Visuals"
"9cd02a52af97426eab4bf64b9775ce93057e5986","de8ab2a75330edc93f7c3b529463a05c5d2c1b7e","P:ChartForgeX.VisualBlocks.WorkloadListRow.DisplayValue","ChartForgeX","ChartForgeX.Visuals","public string ChartForgeX.VisualBlocks.WorkloadListRow.DisplayValue { get; set; }","public string ChartForgeX.VisualBlocks.WorkloadListRow.DisplayValue { get; set; }","assembly-move","ChartForgeX.Visuals"
"9cd02a52af97426eab4bf64b9775ce93057e5986","de8ab2a75330edc93f7c3b529463a05c5d2c1b7e","P:ChartForgeX.VisualBlocks.WorkloadListRow.Label","ChartForgeX","ChartForgeX.Visuals","public string ChartForgeX.VisualBlocks.WorkloadListRow.Label { get; set; }","public string ChartForgeX.VisualBlocks.WorkloadListRow.Label { get; set; }","assembly-move","ChartForgeX.Visuals"
"9cd02a52af97426eab4bf64b9775ce93057e5986","de8ab2a75330edc93f7c3b529463a05c5d2c1b7e","P:ChartForgeX.VisualBlocks.WorkloadListRow.Maximum","ChartForgeX","ChartForgeX.Visuals","public double ChartForgeX.VisualBlocks.WorkloadListRow.Maximum { get; set; }","public double ChartForgeX.VisualBlocks.WorkloadListRow.Maximum { get; set; }","assembly-move","ChartForgeX.Visuals"
"9cd02a52af97426eab4bf64b9775ce93057e5986","de8ab2a75330edc93f7c3b529463a05c5d2c1b7e","P:ChartForgeX.VisualBlocks.WorkloadListRow.Note","ChartForgeX","ChartForgeX.Visuals","public string ChartForgeX.VisualBlocks.WorkloadListRow.Note { get; set; }","public string ChartForgeX.VisualBlocks.WorkloadListRow.Note { get; set; }","assembly-move","ChartForgeX.Visuals"
"9cd02a52af97426eab4bf64b9775ce93057e5986","de8ab2a75330edc93f7c3b529463a05c5d2c1b7e","P:ChartForgeX.VisualBlocks.WorkloadListRow.Selected","ChartForgeX","","public bool ChartForgeX.VisualBlocks.WorkloadListRow.Selected { get; set; }","","removed-or-replaced","removed-static-chrome"
"9cd02a52af97426eab4bf64b9775ce93057e5986","de8ab2a75330edc93f7c3b529463a05c5d2c1b7e","P:ChartForgeX.VisualBlocks.WorkloadListRow.Status","ChartForgeX","ChartForgeX.Visuals","public ChartForgeX.VisualBlocks.VisualStatus ChartForgeX.VisualBlocks.WorkloadListRow.Status { get; set; }","public ChartForgeX.VisualBlocks.VisualStatus ChartForgeX.VisualBlocks.WorkloadListRow.Status { get; set; }","assembly-move","ChartForgeX.Visuals"
"9cd02a52af97426eab4bf64b9775ce93057e5986","de8ab2a75330edc93f7c3b529463a05c5d2c1b7e","P:ChartForgeX.VisualBlocks.WorkloadListRow.Subtitle","ChartForgeX","ChartForgeX.Visuals","public string ChartForgeX.VisualBlocks.WorkloadListRow.Subtitle { get; set; }","public string ChartForgeX.VisualBlocks.WorkloadListRow.Subtitle { get; set; }","assembly-move","ChartForgeX.Visuals"
"9cd02a52af97426eab4bf64b9775ce93057e5986","de8ab2a75330edc93f7c3b529463a05c5d2c1b7e","P:ChartForgeX.VisualBlocks.WorkloadListRow.Value","ChartForgeX","ChartForgeX.Visuals","public double ChartForgeX.VisualBlocks.WorkloadListRow.Value { get; set; }","public double ChartForgeX.VisualBlocks.WorkloadListRow.Value { get; set; }","assembly-move","ChartForgeX.Visuals"
"9cd02a52af97426eab4bf64b9775ce93057e5986","de8ab2a75330edc93f7c3b529463a05c5d2c1b7e","T:ChartForgeX.Composition.ImageComposition","ChartForgeX","ChartForgeX.Visuals","public sealed class ChartForgeX.Composition.ImageComposition","public sealed class ChartForgeX.Composition.ImageComposition","assembly-move","ChartForgeX.Visuals"
"9cd02a52af97426eab4bf64b9775ce93057e5986","de8ab2a75330edc93f7c3b529463a05c5d2c1b7e","T:ChartForgeX.Composition.ImageLineCap","ChartForgeX","ChartForgeX.Visuals","public enum ChartForgeX.Composition.ImageLineCap : int","public enum ChartForgeX.Composition.ImageLineCap : int","assembly-move","ChartForgeX.Visuals"
"9cd02a52af97426eab4bf64b9775ce93057e5986","de8ab2a75330edc93f7c3b529463a05c5d2c1b7e","T:ChartForgeX.Composition.PngVisualCanvasRenderer","ChartForgeX","ChartForgeX.Visuals","public sealed class ChartForgeX.Composition.PngVisualCanvasRenderer","public sealed class ChartForgeX.Composition.PngVisualCanvasRenderer","assembly-move","ChartForgeX.Visuals"
"9cd02a52af97426eab4bf64b9775ce93057e5986","de8ab2a75330edc93f7c3b529463a05c5d2c1b7e","T:ChartForgeX.Composition.SvgVisualCanvasRenderer","ChartForgeX","ChartForgeX.Visuals","public sealed class ChartForgeX.Composition.SvgVisualCanvasRenderer","public sealed class ChartForgeX.Composition.SvgVisualCanvasRenderer","assembly-move","ChartForgeX.Visuals"
"9cd02a52af97426eab4bf64b9775ce93057e5986","de8ab2a75330edc93f7c3b529463a05c5d2c1b7e","T:ChartForgeX.Composition.VisualCanvas","ChartForgeX","ChartForgeX.Visuals","public sealed class ChartForgeX.Composition.VisualCanvas","public sealed class ChartForgeX.Composition.VisualCanvas : ChartForgeX.Rendering.IStaticVisualSource","assembly-move-and-signature-change","ChartForgeX.Visuals"
"9cd02a52af97426eab4bf64b9775ce93057e5986","de8ab2a75330edc93f7c3b529463a05c5d2c1b7e","T:ChartForgeX.Composition.VisualCanvasAnchor","ChartForgeX","ChartForgeX.Visuals","public enum ChartForgeX.Composition.VisualCanvasAnchor : int","public enum ChartForgeX.Composition.VisualCanvasAnchor : int","assembly-move","ChartForgeX.Visuals"
"9cd02a52af97426eab4bf64b9775ce93057e5986","de8ab2a75330edc93f7c3b529463a05c5d2c1b7e","T:ChartForgeX.Composition.VisualCanvasBackdropStyle","ChartForgeX","ChartForgeX.Visuals","public enum ChartForgeX.Composition.VisualCanvasBackdropStyle : int","public enum ChartForgeX.Composition.VisualCanvasBackdropStyle : int","assembly-move","ChartForgeX.Visuals"
"9cd02a52af97426eab4bf64b9775ce93057e5986","de8ab2a75330edc93f7c3b529463a05c5d2c1b7e","T:ChartForgeX.Composition.VisualCanvasFeatureItem","ChartForgeX","ChartForgeX.Visuals","public sealed class ChartForgeX.Composition.VisualCanvasFeatureItem","public sealed class ChartForgeX.Composition.VisualCanvasFeatureItem","assembly-move","ChartForgeX.Visuals"
"9cd02a52af97426eab4bf64b9775ce93057e5986","de8ab2a75330edc93f7c3b529463a05c5d2c1b7e","T:ChartForgeX.Composition.VisualCanvasFeatureStripLayer","ChartForgeX","ChartForgeX.Visuals","public sealed class ChartForgeX.Composition.VisualCanvasFeatureStripLayer : ChartForgeX.Composition.VisualCanvasLayer","public sealed class ChartForgeX.Composition.VisualCanvasFeatureStripLayer : ChartForgeX.Composition.VisualCanvasLayer","assembly-move","ChartForgeX.Visuals"
"9cd02a52af97426eab4bf64b9775ce93057e5986","de8ab2a75330edc93f7c3b529463a05c5d2c1b7e","T:ChartForgeX.Composition.VisualCanvasHeroBadgeLayer","ChartForgeX","ChartForgeX.Visuals","public sealed class ChartForgeX.Composition.VisualCanvasHeroBadgeLayer : ChartForgeX.Composition.VisualCanvasLayer","public sealed class ChartForgeX.Composition.VisualCanvasHeroBadgeLayer : ChartForgeX.Composition.VisualCanvasLayer","assembly-move","ChartForgeX.Visuals"
"9cd02a52af97426eab4bf64b9775ce93057e5986","de8ab2a75330edc93f7c3b529463a05c5d2c1b7e","T:ChartForgeX.Composition.VisualCanvasHeroTitleLayer","ChartForgeX","ChartForgeX.Visuals","public sealed class ChartForgeX.Composition.VisualCanvasHeroTitleLayer : ChartForgeX.Composition.VisualCanvasLayer","public sealed class ChartForgeX.Composition.VisualCanvasHeroTitleLayer : ChartForgeX.Composition.VisualCanvasLayer","assembly-move","ChartForgeX.Visuals"
"9cd02a52af97426eab4bf64b9775ce93057e5986","de8ab2a75330edc93f7c3b529463a05c5d2c1b7e","T:ChartForgeX.Composition.VisualCanvasImageFit","ChartForgeX","ChartForgeX.Visuals","public enum ChartForgeX.Composition.VisualCanvasImageFit : int","public enum ChartForgeX.Composition.VisualCanvasImageFit : int","assembly-move","ChartForgeX.Visuals"
"9cd02a52af97426eab4bf64b9775ce93057e5986","de8ab2a75330edc93f7c3b529463a05c5d2c1b7e","T:ChartForgeX.Composition.VisualCanvasImageLayer","ChartForgeX","ChartForgeX.Visuals","public sealed class ChartForgeX.Composition.VisualCanvasImageLayer : ChartForgeX.Composition.VisualCanvasLayer","public sealed class ChartForgeX.Composition.VisualCanvasImageLayer : ChartForgeX.Composition.VisualCanvasLayer","assembly-move","ChartForgeX.Visuals"
"9cd02a52af97426eab4bf64b9775ce93057e5986","de8ab2a75330edc93f7c3b529463a05c5d2c1b7e","T:ChartForgeX.Composition.VisualCanvasInfoTileIconKind","ChartForgeX","ChartForgeX.Visuals","public enum ChartForgeX.Composition.VisualCanvasInfoTileIconKind : int","public enum ChartForgeX.Composition.VisualCanvasInfoTileIconKind : int","assembly-move","ChartForgeX.Visuals"
"9cd02a52af97426eab4bf64b9775ce93057e5986","de8ab2a75330edc93f7c3b529463a05c5d2c1b7e","T:ChartForgeX.Composition.VisualCanvasInfoTileLayer","ChartForgeX","ChartForgeX.Visuals","public sealed class ChartForgeX.Composition.VisualCanvasInfoTileLayer : ChartForgeX.Composition.VisualCanvasLayer","public sealed class ChartForgeX.Composition.VisualCanvasInfoTileLayer : ChartForgeX.Composition.VisualCanvasLayer","assembly-move","ChartForgeX.Visuals"
"9cd02a52af97426eab4bf64b9775ce93057e5986","de8ab2a75330edc93f7c3b529463a05c5d2c1b7e","T:ChartForgeX.Composition.VisualCanvasInfoTileMiniChartKind","ChartForgeX","ChartForgeX.Visuals","public enum ChartForgeX.Composition.VisualCanvasInfoTileMiniChartKind : int","public enum ChartForgeX.Composition.VisualCanvasInfoTileMiniChartKind : int","assembly-move","ChartForgeX.Visuals"
"9cd02a52af97426eab4bf64b9775ce93057e5986","de8ab2a75330edc93f7c3b529463a05c5d2c1b7e","T:ChartForgeX.Composition.VisualCanvasInfoTileSurfaceStyle","ChartForgeX","ChartForgeX.Visuals","public enum ChartForgeX.Composition.VisualCanvasInfoTileSurfaceStyle : int","public enum ChartForgeX.Composition.VisualCanvasInfoTileSurfaceStyle : int","assembly-move","ChartForgeX.Visuals"
"9cd02a52af97426eab4bf64b9775ce93057e5986","de8ab2a75330edc93f7c3b529463a05c5d2c1b7e","T:ChartForgeX.Composition.VisualCanvasKeyValueBlockLayer","ChartForgeX","ChartForgeX.Visuals","public sealed class ChartForgeX.Composition.VisualCanvasKeyValueBlockLayer : ChartForgeX.Composition.VisualCanvasLayer","public sealed class ChartForgeX.Composition.VisualCanvasKeyValueBlockLayer : ChartForgeX.Composition.VisualCanvasLayer","assembly-move","ChartForgeX.Visuals"
"9cd02a52af97426eab4bf64b9775ce93057e5986","de8ab2a75330edc93f7c3b529463a05c5d2c1b7e","T:ChartForgeX.Composition.VisualCanvasKeyValueItem","ChartForgeX","ChartForgeX.Visuals","public sealed class ChartForgeX.Composition.VisualCanvasKeyValueItem","public sealed class ChartForgeX.Composition.VisualCanvasKeyValueItem","assembly-move","ChartForgeX.Visuals"
"9cd02a52af97426eab4bf64b9775ce93057e5986","de8ab2a75330edc93f7c3b529463a05c5d2c1b7e","T:ChartForgeX.Composition.VisualCanvasLayer","ChartForgeX","ChartForgeX.Visuals","public abstract class ChartForgeX.Composition.VisualCanvasLayer","public abstract class ChartForgeX.Composition.VisualCanvasLayer","assembly-move","ChartForgeX.Visuals"
"9cd02a52af97426eab4bf64b9775ce93057e5986","de8ab2a75330edc93f7c3b529463a05c5d2c1b7e","T:ChartForgeX.Composition.VisualCanvasLayoutDiagnostic","ChartForgeX","ChartForgeX.Visuals","public sealed class ChartForgeX.Composition.VisualCanvasLayoutDiagnostic","public sealed class ChartForgeX.Composition.VisualCanvasLayoutDiagnostic","assembly-move","ChartForgeX.Visuals"
"9cd02a52af97426eab4bf64b9775ce93057e5986","de8ab2a75330edc93f7c3b529463a05c5d2c1b7e","T:ChartForgeX.Composition.VisualCanvasLayoutDiagnosticSeverity","ChartForgeX","ChartForgeX.Visuals","public enum ChartForgeX.Composition.VisualCanvasLayoutDiagnosticSeverity : int","public enum ChartForgeX.Composition.VisualCanvasLayoutDiagnosticSeverity : int","assembly-move","ChartForgeX.Visuals"
"9cd02a52af97426eab4bf64b9775ce93057e5986","de8ab2a75330edc93f7c3b529463a05c5d2c1b7e","T:ChartForgeX.Composition.VisualCanvasLayoutReport","ChartForgeX","ChartForgeX.Visuals","public sealed class ChartForgeX.Composition.VisualCanvasLayoutReport","public sealed class ChartForgeX.Composition.VisualCanvasLayoutReport","assembly-move","ChartForgeX.Visuals"
"9cd02a52af97426eab4bf64b9775ce93057e5986","de8ab2a75330edc93f7c3b529463a05c5d2c1b7e","T:ChartForgeX.Composition.VisualCanvasPlacement","ChartForgeX","ChartForgeX.Visuals","public readonly struct ChartForgeX.Composition.VisualCanvasPlacement : System.ValueType","public readonly struct ChartForgeX.Composition.VisualCanvasPlacement : System.ValueType","assembly-move","ChartForgeX.Visuals"
"9cd02a52af97426eab4bf64b9775ce93057e5986","de8ab2a75330edc93f7c3b529463a05c5d2c1b7e","T:ChartForgeX.Composition.VisualCanvasTextFitPolicy","ChartForgeX","ChartForgeX.Visuals","public enum ChartForgeX.Composition.VisualCanvasTextFitPolicy : int","public enum ChartForgeX.Composition.VisualCanvasTextFitPolicy : int","assembly-move","ChartForgeX.Visuals"
"9cd02a52af97426eab4bf64b9775ce93057e5986","de8ab2a75330edc93f7c3b529463a05c5d2c1b7e","T:ChartForgeX.Composition.VisualCanvasTextLayer","ChartForgeX","ChartForgeX.Visuals","public sealed class ChartForgeX.Composition.VisualCanvasTextLayer : ChartForgeX.Composition.VisualCanvasLayer","public sealed class ChartForgeX.Composition.VisualCanvasTextLayer : ChartForgeX.Composition.VisualCanvasLayer","assembly-move","ChartForgeX.Visuals"
"9cd02a52af97426eab4bf64b9775ce93057e5986","de8ab2a75330edc93f7c3b529463a05c5d2c1b7e","T:ChartForgeX.Composition.VisualCanvasTextRun","ChartForgeX","ChartForgeX.Visuals","public sealed class ChartForgeX.Composition.VisualCanvasTextRun","public sealed class ChartForgeX.Composition.VisualCanvasTextRun","assembly-move","ChartForgeX.Visuals"
"9cd02a52af97426eab4bf64b9775ce93057e5986","de8ab2a75330edc93f7c3b529463a05c5d2c1b7e","T:ChartForgeX.Composition.VisualCanvasTheme","ChartForgeX","ChartForgeX.Visuals","public sealed class ChartForgeX.Composition.VisualCanvasTheme","public sealed class ChartForgeX.Composition.VisualCanvasTheme","assembly-move","ChartForgeX.Visuals"
"9cd02a52af97426eab4bf64b9775ce93057e5986","de8ab2a75330edc93f7c3b529463a05c5d2c1b7e","T:ChartForgeX.Motion.VisualMotionCue","ChartForgeX","ChartForgeX.Stories","public sealed class ChartForgeX.Motion.VisualMotionCue","public sealed class ChartForgeX.Motion.VisualMotionCue","assembly-move","ChartForgeX.Stories"
"9cd02a52af97426eab4bf64b9775ce93057e5986","de8ab2a75330edc93f7c3b529463a05c5d2c1b7e","T:ChartForgeX.Motion.VisualMotionEasing","ChartForgeX","ChartForgeX.Stories","public enum ChartForgeX.Motion.VisualMotionEasing : int","public enum ChartForgeX.Motion.VisualMotionEasing : int","assembly-move","ChartForgeX.Stories"
"9cd02a52af97426eab4bf64b9775ce93057e5986","de8ab2a75330edc93f7c3b529463a05c5d2c1b7e","T:ChartForgeX.Motion.VisualMotionEffect","ChartForgeX","ChartForgeX.Stories","public enum ChartForgeX.Motion.VisualMotionEffect : int","public enum ChartForgeX.Motion.VisualMotionEffect : int","assembly-move","ChartForgeX.Stories"
"9cd02a52af97426eab4bf64b9775ce93057e5986","de8ab2a75330edc93f7c3b529463a05c5d2c1b7e","T:ChartForgeX.Motion.VisualMotionTimeline","ChartForgeX","ChartForgeX.Stories","public sealed class ChartForgeX.Motion.VisualMotionTimeline","public sealed class ChartForgeX.Motion.VisualMotionTimeline","assembly-move","ChartForgeX.Stories"
"9cd02a52af97426eab4bf64b9775ce93057e5986","de8ab2a75330edc93f7c3b529463a05c5d2c1b7e","T:ChartForgeX.Stories.HtmlVisualStoryRenderer","ChartForgeX","ChartForgeX.Stories","public sealed class ChartForgeX.Stories.HtmlVisualStoryRenderer","public sealed class ChartForgeX.Stories.HtmlVisualStoryRenderer","assembly-move","ChartForgeX.Stories"
"9cd02a52af97426eab4bf64b9775ce93057e5986","de8ab2a75330edc93f7c3b529463a05c5d2c1b7e","T:ChartForgeX.Stories.IStorySourceTokenizer","ChartForgeX","ChartForgeX.Stories","public interface ChartForgeX.Stories.IStorySourceTokenizer","public interface ChartForgeX.Stories.IStorySourceTokenizer","assembly-move","ChartForgeX.Stories"
"9cd02a52af97426eab4bf64b9775ce93057e5986","de8ab2a75330edc93f7c3b529463a05c5d2c1b7e","T:ChartForgeX.Stories.PngVisualStoryRenderer","ChartForgeX","ChartForgeX.Stories","public sealed class ChartForgeX.Stories.PngVisualStoryRenderer","public sealed class ChartForgeX.Stories.PngVisualStoryRenderer","assembly-move","ChartForgeX.Stories"
"9cd02a52af97426eab4bf64b9775ce93057e5986","de8ab2a75330edc93f7c3b529463a05c5d2c1b7e","T:ChartForgeX.Stories.StorySourceSpan","ChartForgeX","ChartForgeX.Stories","public readonly struct ChartForgeX.Stories.StorySourceSpan : System.ValueType","public readonly struct ChartForgeX.Stories.StorySourceSpan : System.ValueType","assembly-move","ChartForgeX.Stories"
"9cd02a52af97426eab4bf64b9775ce93057e5986","de8ab2a75330edc93f7c3b529463a05c5d2c1b7e","T:ChartForgeX.Stories.StorySourceText","ChartForgeX","ChartForgeX.Stories","public sealed class ChartForgeX.Stories.StorySourceText","public sealed class ChartForgeX.Stories.StorySourceText","assembly-move","ChartForgeX.Stories"
"9cd02a52af97426eab4bf64b9775ce93057e5986","de8ab2a75330edc93f7c3b529463a05c5d2c1b7e","T:ChartForgeX.Stories.StorySyntaxKind","ChartForgeX","ChartForgeX.Stories","public enum ChartForgeX.Stories.StorySyntaxKind : int","public enum ChartForgeX.Stories.StorySyntaxKind : int","assembly-move","ChartForgeX.Stories"
"9cd02a52af97426eab4bf64b9775ce93057e5986","de8ab2a75330edc93f7c3b529463a05c5d2c1b7e","T:ChartForgeX.Stories.StorySyntaxPalette","ChartForgeX","ChartForgeX.Stories","public sealed class ChartForgeX.Stories.StorySyntaxPalette","public sealed class ChartForgeX.Stories.StorySyntaxPalette","assembly-move","ChartForgeX.Stories"
"9cd02a52af97426eab4bf64b9775ce93057e5986","de8ab2a75330edc93f7c3b529463a05c5d2c1b7e","T:ChartForgeX.Stories.SvgVisualStoryRenderer","ChartForgeX","ChartForgeX.Stories","public sealed class ChartForgeX.Stories.SvgVisualStoryRenderer","public sealed class ChartForgeX.Stories.SvgVisualStoryRenderer","assembly-move","ChartForgeX.Stories"
"9cd02a52af97426eab4bf64b9775ce93057e5986","de8ab2a75330edc93f7c3b529463a05c5d2c1b7e","T:ChartForgeX.Stories.VisualStory","ChartForgeX","ChartForgeX.Stories","public sealed class ChartForgeX.Stories.VisualStory","public sealed class ChartForgeX.Stories.VisualStory","assembly-move","ChartForgeX.Stories"
"9cd02a52af97426eab4bf64b9775ce93057e5986","de8ab2a75330edc93f7c3b529463a05c5d2c1b7e","T:ChartForgeX.Stories.VisualStoryAnimationOptions","ChartForgeX","ChartForgeX.Stories","public sealed class ChartForgeX.Stories.VisualStoryAnimationOptions","public sealed class ChartForgeX.Stories.VisualStoryAnimationOptions","assembly-move","ChartForgeX.Stories"
"9cd02a52af97426eab4bf64b9775ce93057e5986","de8ab2a75330edc93f7c3b529463a05c5d2c1b7e","T:ChartForgeX.Stories.VisualStoryMediaSurface","ChartForgeX","ChartForgeX.Stories","public sealed class ChartForgeX.Stories.VisualStoryMediaSurface : ChartForgeX.Stories.VisualStorySurface","public sealed class ChartForgeX.Stories.VisualStoryMediaSurface : ChartForgeX.Stories.VisualStorySurface","assembly-move","ChartForgeX.Stories"
"9cd02a52af97426eab4bf64b9775ce93057e5986","de8ab2a75330edc93f7c3b529463a05c5d2c1b7e","T:ChartForgeX.Stories.VisualStoryOutcome","ChartForgeX","ChartForgeX.Stories","public sealed class ChartForgeX.Stories.VisualStoryOutcome","public sealed class ChartForgeX.Stories.VisualStoryOutcome","assembly-move","ChartForgeX.Stories"
"9cd02a52af97426eab4bf64b9775ce93057e5986","de8ab2a75330edc93f7c3b529463a05c5d2c1b7e","T:ChartForgeX.Stories.VisualStoryPanel","ChartForgeX","ChartForgeX.Stories","public sealed class ChartForgeX.Stories.VisualStoryPanel","public sealed class ChartForgeX.Stories.VisualStoryPanel","assembly-move","ChartForgeX.Stories"
"9cd02a52af97426eab4bf64b9775ce93057e5986","de8ab2a75330edc93f7c3b529463a05c5d2c1b7e","T:ChartForgeX.Stories.VisualStoryScene","ChartForgeX","ChartForgeX.Stories","public sealed class ChartForgeX.Stories.VisualStoryScene","public sealed class ChartForgeX.Stories.VisualStoryScene","assembly-move","ChartForgeX.Stories"
"9cd02a52af97426eab4bf64b9775ce93057e5986","de8ab2a75330edc93f7c3b529463a05c5d2c1b7e","T:ChartForgeX.Stories.VisualStorySceneLayout","ChartForgeX","ChartForgeX.Stories","public enum ChartForgeX.Stories.VisualStorySceneLayout : int","public enum ChartForgeX.Stories.VisualStorySceneLayout : int","assembly-move","ChartForgeX.Stories"
"9cd02a52af97426eab4bf64b9775ce93057e5986","de8ab2a75330edc93f7c3b529463a05c5d2c1b7e","T:ChartForgeX.Stories.VisualStorySourceSurface","ChartForgeX","ChartForgeX.Stories","public sealed class ChartForgeX.Stories.VisualStorySourceSurface : ChartForgeX.Stories.VisualStorySurface","public sealed class ChartForgeX.Stories.VisualStorySourceSurface : ChartForgeX.Stories.VisualStorySurface","assembly-move","ChartForgeX.Stories"
"9cd02a52af97426eab4bf64b9775ce93057e5986","de8ab2a75330edc93f7c3b529463a05c5d2c1b7e","T:ChartForgeX.Stories.VisualStorySurface","ChartForgeX","ChartForgeX.Stories","public abstract class ChartForgeX.Stories.VisualStorySurface","public abstract class ChartForgeX.Stories.VisualStorySurface","assembly-move","ChartForgeX.Stories"
"9cd02a52af97426eab4bf64b9775ce93057e5986","de8ab2a75330edc93f7c3b529463a05c5d2c1b7e","T:ChartForgeX.Stories.VisualStorySurfaceKind","ChartForgeX","ChartForgeX.Stories","public enum ChartForgeX.Stories.VisualStorySurfaceKind : int","public enum ChartForgeX.Stories.VisualStorySurfaceKind : int","assembly-move","ChartForgeX.Stories"
"9cd02a52af97426eab4bf64b9775ce93057e5986","de8ab2a75330edc93f7c3b529463a05c5d2c1b7e","T:ChartForgeX.Stories.VisualStoryTerminalSurface","ChartForgeX","ChartForgeX.Stories","public sealed class ChartForgeX.Stories.VisualStoryTerminalSurface : ChartForgeX.Stories.VisualStorySurface","public sealed class ChartForgeX.Stories.VisualStoryTerminalSurface : ChartForgeX.Stories.VisualStorySurface","assembly-move","ChartForgeX.Stories"
"9cd02a52af97426eab4bf64b9775ce93057e5986","de8ab2a75330edc93f7c3b529463a05c5d2c1b7e","T:ChartForgeX.Stories.VisualStoryTextSurface","ChartForgeX","ChartForgeX.Stories","public sealed class ChartForgeX.Stories.VisualStoryTextSurface : ChartForgeX.Stories.VisualStorySurface","public sealed class ChartForgeX.Stories.VisualStoryTextSurface : ChartForgeX.Stories.VisualStorySurface","assembly-move","ChartForgeX.Stories"
"9cd02a52af97426eab4bf64b9775ce93057e5986","de8ab2a75330edc93f7c3b529463a05c5d2c1b7e","T:ChartForgeX.Stories.VisualStoryTheme","ChartForgeX","ChartForgeX.Stories","public sealed class ChartForgeX.Stories.VisualStoryTheme","public sealed class ChartForgeX.Stories.VisualStoryTheme","assembly-move","ChartForgeX.Stories"
"9cd02a52af97426eab4bf64b9775ce93057e5986","de8ab2a75330edc93f7c3b529463a05c5d2c1b7e","T:ChartForgeX.Stories.VisualStoryTranscriptRenderer","ChartForgeX","ChartForgeX.Stories","public sealed class ChartForgeX.Stories.VisualStoryTranscriptRenderer","public sealed class ChartForgeX.Stories.VisualStoryTranscriptRenderer","assembly-move","ChartForgeX.Stories"
"9cd02a52af97426eab4bf64b9775ce93057e5986","de8ab2a75330edc93f7c3b529463a05c5d2c1b7e","T:ChartForgeX.Terminal.HtmlTerminalStoryRenderer","ChartForgeX","ChartForgeX.Stories","public sealed class ChartForgeX.Terminal.HtmlTerminalStoryRenderer","public sealed class ChartForgeX.Terminal.HtmlTerminalStoryRenderer","assembly-move","ChartForgeX.Stories"
"9cd02a52af97426eab4bf64b9775ce93057e5986","de8ab2a75330edc93f7c3b529463a05c5d2c1b7e","T:ChartForgeX.Terminal.PngTerminalStoryRenderer","ChartForgeX","ChartForgeX.Stories","public sealed class ChartForgeX.Terminal.PngTerminalStoryRenderer","public sealed class ChartForgeX.Terminal.PngTerminalStoryRenderer","assembly-move","ChartForgeX.Stories"
"9cd02a52af97426eab4bf64b9775ce93057e5986","de8ab2a75330edc93f7c3b529463a05c5d2c1b7e","T:ChartForgeX.Terminal.SvgTerminalStoryRenderer","ChartForgeX","ChartForgeX.Stories","public sealed class ChartForgeX.Terminal.SvgTerminalStoryRenderer","public sealed class ChartForgeX.Terminal.SvgTerminalStoryRenderer","assembly-move","ChartForgeX.Stories"
"9cd02a52af97426eab4bf64b9775ce93057e5986","de8ab2a75330edc93f7c3b529463a05c5d2c1b7e","T:ChartForgeX.Terminal.TerminalColumnAlignment","ChartForgeX","ChartForgeX.Stories","public enum ChartForgeX.Terminal.TerminalColumnAlignment : int","public enum ChartForgeX.Terminal.TerminalColumnAlignment : int","assembly-move","ChartForgeX.Stories"
"9cd02a52af97426eab4bf64b9775ce93057e5986","de8ab2a75330edc93f7c3b529463a05c5d2c1b7e","T:ChartForgeX.Terminal.TerminalDialect","ChartForgeX","ChartForgeX.Stories","public enum ChartForgeX.Terminal.TerminalDialect : int","public enum ChartForgeX.Terminal.TerminalDialect : int","assembly-move","ChartForgeX.Stories"
"9cd02a52af97426eab4bf64b9775ce93057e5986","de8ab2a75330edc93f7c3b529463a05c5d2c1b7e","T:ChartForgeX.Terminal.TerminalStory","ChartForgeX","ChartForgeX.Stories","public sealed class ChartForgeX.Terminal.TerminalStory","public sealed class ChartForgeX.Terminal.TerminalStory","assembly-move","ChartForgeX.Stories"
"9cd02a52af97426eab4bf64b9775ce93057e5986","de8ab2a75330edc93f7c3b529463a05c5d2c1b7e","T:ChartForgeX.Terminal.TerminalStoryAnimationOptions","ChartForgeX","ChartForgeX.Stories","public sealed class ChartForgeX.Terminal.TerminalStoryAnimationOptions","public sealed class ChartForgeX.Terminal.TerminalStoryAnimationOptions","assembly-move","ChartForgeX.Stories"
"9cd02a52af97426eab4bf64b9775ce93057e5986","de8ab2a75330edc93f7c3b529463a05c5d2c1b7e","T:ChartForgeX.Terminal.TerminalStoryPlaybackSpeed","ChartForgeX","ChartForgeX.Stories","public enum ChartForgeX.Terminal.TerminalStoryPlaybackSpeed : int","public enum ChartForgeX.Terminal.TerminalStoryPlaybackSpeed : int","assembly-move","ChartForgeX.Stories"
"9cd02a52af97426eab4bf64b9775ce93057e5986","de8ab2a75330edc93f7c3b529463a05c5d2c1b7e","T:ChartForgeX.Terminal.TerminalStoryStep","ChartForgeX","ChartForgeX.Stories","public sealed class ChartForgeX.Terminal.TerminalStoryStep","public sealed class ChartForgeX.Terminal.TerminalStoryStep","assembly-move","ChartForgeX.Stories"
"9cd02a52af97426eab4bf64b9775ce93057e5986","de8ab2a75330edc93f7c3b529463a05c5d2c1b7e","T:ChartForgeX.Terminal.TerminalStoryStepKind","ChartForgeX","ChartForgeX.Stories","public enum ChartForgeX.Terminal.TerminalStoryStepKind : int","public enum ChartForgeX.Terminal.TerminalStoryStepKind : int","assembly-move","ChartForgeX.Stories"
"9cd02a52af97426eab4bf64b9775ce93057e5986","de8ab2a75330edc93f7c3b529463a05c5d2c1b7e","T:ChartForgeX.Terminal.TerminalTab","ChartForgeX","ChartForgeX.Stories","public sealed class ChartForgeX.Terminal.TerminalTab","public sealed class ChartForgeX.Terminal.TerminalTab","assembly-move","ChartForgeX.Stories"
"9cd02a52af97426eab4bf64b9775ce93057e5986","de8ab2a75330edc93f7c3b529463a05c5d2c1b7e","T:ChartForgeX.Terminal.TerminalTabIcon","ChartForgeX","ChartForgeX.Stories","public enum ChartForgeX.Terminal.TerminalTabIcon : int","public enum ChartForgeX.Terminal.TerminalTabIcon : int","assembly-move","ChartForgeX.Stories"
"9cd02a52af97426eab4bf64b9775ce93057e5986","de8ab2a75330edc93f7c3b529463a05c5d2c1b7e","T:ChartForgeX.Terminal.TerminalTable","ChartForgeX","ChartForgeX.Stories","public sealed class ChartForgeX.Terminal.TerminalTable","public sealed class ChartForgeX.Terminal.TerminalTable","assembly-move","ChartForgeX.Stories"
"9cd02a52af97426eab4bf64b9775ce93057e5986","de8ab2a75330edc93f7c3b529463a05c5d2c1b7e","T:ChartForgeX.Terminal.TerminalTextTone","ChartForgeX","ChartForgeX.Stories","public enum ChartForgeX.Terminal.TerminalTextTone : int","public enum ChartForgeX.Terminal.TerminalTextTone : int","assembly-move","ChartForgeX.Stories"
"9cd02a52af97426eab4bf64b9775ce93057e5986","de8ab2a75330edc93f7c3b529463a05c5d2c1b7e","T:ChartForgeX.Terminal.TerminalTheme","ChartForgeX","ChartForgeX.Stories","public sealed class ChartForgeX.Terminal.TerminalTheme","public sealed class ChartForgeX.Terminal.TerminalTheme","assembly-move","ChartForgeX.Stories"
"9cd02a52af97426eab4bf64b9775ce93057e5986","de8ab2a75330edc93f7c3b529463a05c5d2c1b7e","T:ChartForgeX.Terminal.TerminalWindowStyle","ChartForgeX","ChartForgeX.Stories","public enum ChartForgeX.Terminal.TerminalWindowStyle : int","public enum ChartForgeX.Terminal.TerminalWindowStyle : int","assembly-move","ChartForgeX.Stories"
"9cd02a52af97426eab4bf64b9775ce93057e5986","de8ab2a75330edc93f7c3b529463a05c5d2c1b7e","T:ChartForgeX.Topology.TopologyMotionOptions","ChartForgeX","ChartForgeX.Stories","public sealed class ChartForgeX.Topology.TopologyMotionOptions","public sealed class ChartForgeX.Topology.TopologyMotionOptions","assembly-move","ChartForgeX.Stories"
"9cd02a52af97426eab4bf64b9775ce93057e5986","de8ab2a75330edc93f7c3b529463a05c5d2c1b7e","T:ChartForgeX.VisualArtifacts.TableArtifactRendering","ChartForgeX","ChartForgeX.Visuals","public static class ChartForgeX.VisualArtifacts.TableArtifactRendering","public static class ChartForgeX.VisualArtifacts.TableArtifactRendering","assembly-move","ChartForgeX.Visuals"
"9cd02a52af97426eab4bf64b9775ce93057e5986","de8ab2a75330edc93f7c3b529463a05c5d2c1b7e","T:ChartForgeX.VisualArtifacts.VisualWatermark","ChartForgeX","ChartForgeX.Visuals","public sealed class ChartForgeX.VisualArtifacts.VisualWatermark","public sealed class ChartForgeX.VisualArtifacts.VisualWatermark","assembly-move","ChartForgeX.Visuals"
"9cd02a52af97426eab4bf64b9775ce93057e5986","de8ab2a75330edc93f7c3b529463a05c5d2c1b7e","T:ChartForgeX.VisualArtifacts.VisualWatermarkKind","ChartForgeX","ChartForgeX.Visuals","public enum ChartForgeX.VisualArtifacts.VisualWatermarkKind : int","public enum ChartForgeX.VisualArtifacts.VisualWatermarkKind : int","assembly-move","ChartForgeX.Visuals"
"9cd02a52af97426eab4bf64b9775ce93057e5986","de8ab2a75330edc93f7c3b529463a05c5d2c1b7e","T:ChartForgeX.VisualBlocks.ActivityTimelineBlock","ChartForgeX","ChartForgeX.Visuals","public sealed class ChartForgeX.VisualBlocks.ActivityTimelineBlock : ChartForgeX.VisualBlocks.VisualBlock<ChartForgeX.VisualBlocks.ActivityTimelineBlock>","public sealed class ChartForgeX.VisualBlocks.ActivityTimelineBlock : ChartForgeX.VisualBlocks.FactualVisualBlock<ChartForgeX.VisualBlocks.ActivityTimelineBlock>","assembly-move-and-signature-change","ChartForgeX.Visuals"
"9cd02a52af97426eab4bf64b9775ce93057e5986","de8ab2a75330edc93f7c3b529463a05c5d2c1b7e","T:ChartForgeX.VisualBlocks.ActivityTimelineItem","ChartForgeX","ChartForgeX.Visuals","public sealed class ChartForgeX.VisualBlocks.ActivityTimelineItem","public sealed class ChartForgeX.VisualBlocks.ActivityTimelineItem","assembly-move","ChartForgeX.Visuals"
"9cd02a52af97426eab4bf64b9775ce93057e5986","de8ab2a75330edc93f7c3b529463a05c5d2c1b7e","T:ChartForgeX.VisualBlocks.ActivityTimelineItemKind","ChartForgeX","ChartForgeX.Visuals","public enum ChartForgeX.VisualBlocks.ActivityTimelineItemKind : int","public enum ChartForgeX.VisualBlocks.ActivityTimelineItemKind : int","assembly-move","ChartForgeX.Visuals"
"9cd02a52af97426eab4bf64b9775ce93057e5986","de8ab2a75330edc93f7c3b529463a05c5d2c1b7e","T:ChartForgeX.VisualBlocks.ChartList","ChartForgeX","ChartForgeX.Visuals","public sealed class ChartForgeX.VisualBlocks.ChartList : ChartForgeX.VisualBlocks.VisualBlock<ChartForgeX.VisualBlocks.ChartList>","public sealed class ChartForgeX.VisualBlocks.ChartList : ChartForgeX.VisualBlocks.FactualVisualBlock<ChartForgeX.VisualBlocks.ChartList>","assembly-move-and-signature-change","ChartForgeX.Visuals"
"9cd02a52af97426eab4bf64b9775ce93057e5986","de8ab2a75330edc93f7c3b529463a05c5d2c1b7e","T:ChartForgeX.VisualBlocks.ChartListItem","ChartForgeX","ChartForgeX.Visuals","public sealed class ChartForgeX.VisualBlocks.ChartListItem","public sealed class ChartForgeX.VisualBlocks.ChartListItem","assembly-move","ChartForgeX.Visuals"
"9cd02a52af97426eab4bf64b9775ce93057e5986","de8ab2a75330edc93f7c3b529463a05c5d2c1b7e","T:ChartForgeX.VisualBlocks.ChartTable","ChartForgeX","ChartForgeX.Visuals","public sealed class ChartForgeX.VisualBlocks.ChartTable : ChartForgeX.VisualBlocks.VisualBlock<ChartForgeX.VisualBlocks.ChartTable>","public sealed class ChartForgeX.VisualBlocks.ChartTable : ChartForgeX.VisualBlocks.FactualVisualBlock<ChartForgeX.VisualBlocks.ChartTable>","assembly-move-and-signature-change","ChartForgeX.Visuals"
"9cd02a52af97426eab4bf64b9775ce93057e5986","de8ab2a75330edc93f7c3b529463a05c5d2c1b7e","T:ChartForgeX.VisualBlocks.ChartTableCell","ChartForgeX","ChartForgeX.Visuals","public sealed class ChartForgeX.VisualBlocks.ChartTableCell","public sealed class ChartForgeX.VisualBlocks.ChartTableCell","assembly-move","ChartForgeX.Visuals"
"9cd02a52af97426eab4bf64b9775ce93057e5986","de8ab2a75330edc93f7c3b529463a05c5d2c1b7e","T:ChartForgeX.VisualBlocks.ChartTableCellMicroVisualKind","ChartForgeX","ChartForgeX.Visuals","public enum ChartForgeX.VisualBlocks.ChartTableCellMicroVisualKind : int","public enum ChartForgeX.VisualBlocks.ChartTableCellMicroVisualKind : int","assembly-move","ChartForgeX.Visuals"
"9cd02a52af97426eab4bf64b9775ce93057e5986","de8ab2a75330edc93f7c3b529463a05c5d2c1b7e","T:ChartForgeX.VisualBlocks.ChartTableColumn","ChartForgeX","ChartForgeX.Visuals","public sealed class ChartForgeX.VisualBlocks.ChartTableColumn","public sealed class ChartForgeX.VisualBlocks.ChartTableColumn","assembly-move","ChartForgeX.Visuals"
"9cd02a52af97426eab4bf64b9775ce93057e5986","de8ab2a75330edc93f7c3b529463a05c5d2c1b7e","T:ChartForgeX.VisualBlocks.ChartTableRow","ChartForgeX","ChartForgeX.Visuals","public sealed class ChartForgeX.VisualBlocks.ChartTableRow","public sealed class ChartForgeX.VisualBlocks.ChartTableRow","assembly-move","ChartForgeX.Visuals"
"9cd02a52af97426eab4bf64b9775ce93057e5986","de8ab2a75330edc93f7c3b529463a05c5d2c1b7e","T:ChartForgeX.VisualBlocks.DateStripBlock","ChartForgeX","ChartForgeX.Visuals","public sealed class ChartForgeX.VisualBlocks.DateStripBlock : ChartForgeX.VisualBlocks.VisualBlock<ChartForgeX.VisualBlocks.DateStripBlock>","public sealed class ChartForgeX.VisualBlocks.DateStripBlock : ChartForgeX.VisualBlocks.FactualVisualBlock<ChartForgeX.VisualBlocks.DateStripBlock>","assembly-move-and-signature-change","ChartForgeX.Visuals"
"9cd02a52af97426eab4bf64b9775ce93057e5986","de8ab2a75330edc93f7c3b529463a05c5d2c1b7e","T:ChartForgeX.VisualBlocks.DateStripItem","ChartForgeX","ChartForgeX.Visuals","public sealed class ChartForgeX.VisualBlocks.DateStripItem","public sealed class ChartForgeX.VisualBlocks.DateStripItem","assembly-move","ChartForgeX.Visuals"
"9cd02a52af97426eab4bf64b9775ce93057e5986","de8ab2a75330edc93f7c3b529463a05c5d2c1b7e","T:ChartForgeX.VisualBlocks.EntityStripBlock","ChartForgeX","ChartForgeX.Visuals","public sealed class ChartForgeX.VisualBlocks.EntityStripBlock : ChartForgeX.VisualBlocks.VisualBlock<ChartForgeX.VisualBlocks.EntityStripBlock>","public sealed class ChartForgeX.VisualBlocks.EntityStripBlock : ChartForgeX.VisualBlocks.FactualVisualBlock<ChartForgeX.VisualBlocks.EntityStripBlock>","assembly-move-and-signature-change","ChartForgeX.Visuals"
"9cd02a52af97426eab4bf64b9775ce93057e5986","de8ab2a75330edc93f7c3b529463a05c5d2c1b7e","T:ChartForgeX.VisualBlocks.EntityStripItem","ChartForgeX","ChartForgeX.Visuals","public sealed class ChartForgeX.VisualBlocks.EntityStripItem","public sealed class ChartForgeX.VisualBlocks.EntityStripItem","assembly-move","ChartForgeX.Visuals"
"9cd02a52af97426eab4bf64b9775ce93057e5986","de8ab2a75330edc93f7c3b529463a05c5d2c1b7e","T:ChartForgeX.VisualBlocks.HeatmapInsightCard","ChartForgeX","ChartForgeX.Visuals","public sealed class ChartForgeX.VisualBlocks.HeatmapInsightCard : ChartForgeX.VisualBlocks.VisualBlock<ChartForgeX.VisualBlocks.HeatmapInsightCard>","public sealed class ChartForgeX.VisualBlocks.HeatmapInsightCard : ChartForgeX.VisualBlocks.FactualVisualBlock<ChartForgeX.VisualBlocks.HeatmapInsightCard>","assembly-move-and-signature-change","ChartForgeX.Visuals"
"9cd02a52af97426eab4bf64b9775ce93057e5986","de8ab2a75330edc93f7c3b529463a05c5d2c1b7e","T:ChartForgeX.VisualBlocks.HeatmapInsightItem","ChartForgeX","ChartForgeX.Visuals","public sealed class ChartForgeX.VisualBlocks.HeatmapInsightItem","public sealed class ChartForgeX.VisualBlocks.HeatmapInsightItem","assembly-move","ChartForgeX.Visuals"
"9cd02a52af97426eab4bf64b9775ce93057e5986","de8ab2a75330edc93f7c3b529463a05c5d2c1b7e","T:ChartForgeX.VisualBlocks.HeatmapInsightRow","ChartForgeX","ChartForgeX.Visuals","public sealed class ChartForgeX.VisualBlocks.HeatmapInsightRow","public sealed class ChartForgeX.VisualBlocks.HeatmapInsightRow","assembly-move","ChartForgeX.Visuals"
"9cd02a52af97426eab4bf64b9775ce93057e5986","de8ab2a75330edc93f7c3b529463a05c5d2c1b7e","T:ChartForgeX.VisualBlocks.HtmlVisualGridRenderer","ChartForgeX","ChartForgeX.Visuals","public sealed class ChartForgeX.VisualBlocks.HtmlVisualGridRenderer","public sealed class ChartForgeX.VisualBlocks.HtmlVisualGridRenderer","assembly-move","ChartForgeX.Visuals"
"9cd02a52af97426eab4bf64b9775ce93057e5986","de8ab2a75330edc93f7c3b529463a05c5d2c1b7e","T:ChartForgeX.VisualBlocks.IVisualBlock","ChartForgeX","ChartForgeX","public interface ChartForgeX.VisualBlocks.IVisualBlock","public interface ChartForgeX.VisualBlocks.IVisualBlock : ChartForgeX.Rendering.IStaticVisualSource","signature-change","ChartForgeX"
"9cd02a52af97426eab4bf64b9775ce93057e5986","de8ab2a75330edc93f7c3b529463a05c5d2c1b7e","T:ChartForgeX.VisualBlocks.MetricCard","ChartForgeX","ChartForgeX.Visuals","public sealed class ChartForgeX.VisualBlocks.MetricCard : ChartForgeX.VisualBlocks.VisualBlock<ChartForgeX.VisualBlocks.MetricCard>","public sealed class ChartForgeX.VisualBlocks.MetricCard : ChartForgeX.VisualBlocks.FactualVisualBlock<ChartForgeX.VisualBlocks.MetricCard>","assembly-move-and-signature-change","ChartForgeX.Visuals"
"9cd02a52af97426eab4bf64b9775ce93057e5986","de8ab2a75330edc93f7c3b529463a05c5d2c1b7e","T:ChartForgeX.VisualBlocks.MetricCardBadgePlacement","ChartForgeX","ChartForgeX.Visuals","public enum ChartForgeX.VisualBlocks.MetricCardBadgePlacement : int","public enum ChartForgeX.VisualBlocks.MetricCardBadgePlacement : int","assembly-move","ChartForgeX.Visuals"
"9cd02a52af97426eab4bf64b9775ce93057e5986","de8ab2a75330edc93f7c3b529463a05c5d2c1b7e","T:ChartForgeX.VisualBlocks.MetricCardDetail","ChartForgeX","ChartForgeX.Visuals","public sealed class ChartForgeX.VisualBlocks.MetricCardDetail","public sealed class ChartForgeX.VisualBlocks.MetricCardDetail","assembly-move","ChartForgeX.Visuals"
"9cd02a52af97426eab4bf64b9775ce93057e5986","de8ab2a75330edc93f7c3b529463a05c5d2c1b7e","T:ChartForgeX.VisualBlocks.MetricCardMicroVisualPlacement","ChartForgeX","ChartForgeX.Visuals","public enum ChartForgeX.VisualBlocks.MetricCardMicroVisualPlacement : int","public enum ChartForgeX.VisualBlocks.MetricCardMicroVisualPlacement : int","assembly-move","ChartForgeX.Visuals"
"9cd02a52af97426eab4bf64b9775ce93057e5986","de8ab2a75330edc93f7c3b529463a05c5d2c1b7e","T:ChartForgeX.VisualBlocks.MetricCardMicroVisualSurface","ChartForgeX","ChartForgeX.Visuals","public enum ChartForgeX.VisualBlocks.MetricCardMicroVisualSurface : int","public enum ChartForgeX.VisualBlocks.MetricCardMicroVisualSurface : int","assembly-move","ChartForgeX.Visuals"
"9cd02a52af97426eab4bf64b9775ce93057e5986","de8ab2a75330edc93f7c3b529463a05c5d2c1b7e","T:ChartForgeX.VisualBlocks.MetricCardSparklineStyle","ChartForgeX","ChartForgeX.Visuals","public enum ChartForgeX.VisualBlocks.MetricCardSparklineStyle : int","public enum ChartForgeX.VisualBlocks.MetricCardSparklineStyle : int","assembly-move","ChartForgeX.Visuals"
"9cd02a52af97426eab4bf64b9775ce93057e5986","de8ab2a75330edc93f7c3b529463a05c5d2c1b7e","T:ChartForgeX.VisualBlocks.PngVisualGridRenderer","ChartForgeX","ChartForgeX.Visuals","public sealed class ChartForgeX.VisualBlocks.PngVisualGridRenderer","public sealed class ChartForgeX.VisualBlocks.PngVisualGridRenderer","assembly-move","ChartForgeX.Visuals"
"9cd02a52af97426eab4bf64b9775ce93057e5986","de8ab2a75330edc93f7c3b529463a05c5d2c1b7e","T:ChartForgeX.VisualBlocks.RadialMetricCard","ChartForgeX","ChartForgeX.Visuals","public sealed class ChartForgeX.VisualBlocks.RadialMetricCard : ChartForgeX.VisualBlocks.VisualBlock<ChartForgeX.VisualBlocks.RadialMetricCard>","public sealed class ChartForgeX.VisualBlocks.RadialMetricCard : ChartForgeX.VisualBlocks.FactualVisualBlock<ChartForgeX.VisualBlocks.RadialMetricCard>","assembly-move-and-signature-change","ChartForgeX.Visuals"
"9cd02a52af97426eab4bf64b9775ce93057e5986","de8ab2a75330edc93f7c3b529463a05c5d2c1b7e","T:ChartForgeX.VisualBlocks.ScheduleTimelineBlock","ChartForgeX","ChartForgeX.Visuals","public sealed class ChartForgeX.VisualBlocks.ScheduleTimelineBlock : ChartForgeX.VisualBlocks.VisualBlock<ChartForgeX.VisualBlocks.ScheduleTimelineBlock>","public sealed class ChartForgeX.VisualBlocks.ScheduleTimelineBlock : ChartForgeX.VisualBlocks.FactualVisualBlock<ChartForgeX.VisualBlocks.ScheduleTimelineBlock>","assembly-move-and-signature-change","ChartForgeX.Visuals"
"9cd02a52af97426eab4bf64b9775ce93057e5986","de8ab2a75330edc93f7c3b529463a05c5d2c1b7e","T:ChartForgeX.VisualBlocks.ScheduleTimelineEvent","ChartForgeX","ChartForgeX.Visuals","public sealed class ChartForgeX.VisualBlocks.ScheduleTimelineEvent","public sealed class ChartForgeX.VisualBlocks.ScheduleTimelineEvent","assembly-move","ChartForgeX.Visuals"
"9cd02a52af97426eab4bf64b9775ce93057e5986","de8ab2a75330edc93f7c3b529463a05c5d2c1b7e","T:ChartForgeX.VisualBlocks.SectionHeaderBlock","ChartForgeX","ChartForgeX.Visuals","public sealed class ChartForgeX.VisualBlocks.SectionHeaderBlock : ChartForgeX.VisualBlocks.VisualBlock<ChartForgeX.VisualBlocks.SectionHeaderBlock>","public sealed class ChartForgeX.VisualBlocks.SectionHeaderBlock : ChartForgeX.VisualBlocks.FactualVisualBlock<ChartForgeX.VisualBlocks.SectionHeaderBlock>","assembly-move-and-signature-change","ChartForgeX.Visuals"
"9cd02a52af97426eab4bf64b9775ce93057e5986","de8ab2a75330edc93f7c3b529463a05c5d2c1b7e","T:ChartForgeX.VisualBlocks.SegmentedMetricBlock","ChartForgeX","ChartForgeX.Visuals","public sealed class ChartForgeX.VisualBlocks.SegmentedMetricBlock : ChartForgeX.VisualBlocks.VisualBlock<ChartForgeX.VisualBlocks.SegmentedMetricBlock>","public sealed class ChartForgeX.VisualBlocks.SegmentedMetricBlock : ChartForgeX.VisualBlocks.FactualVisualBlock<ChartForgeX.VisualBlocks.SegmentedMetricBlock>","assembly-move-and-signature-change","ChartForgeX.Visuals"
"9cd02a52af97426eab4bf64b9775ce93057e5986","de8ab2a75330edc93f7c3b529463a05c5d2c1b7e","T:ChartForgeX.VisualBlocks.SegmentedMetricItem","ChartForgeX","ChartForgeX.Visuals","public sealed class ChartForgeX.VisualBlocks.SegmentedMetricItem","public sealed class ChartForgeX.VisualBlocks.SegmentedMetricItem","assembly-move","ChartForgeX.Visuals"
"9cd02a52af97426eab4bf64b9775ce93057e5986","de8ab2a75330edc93f7c3b529463a05c5d2c1b7e","T:ChartForgeX.VisualBlocks.SegmentedMetricStyle","ChartForgeX","ChartForgeX.Visuals","public enum ChartForgeX.VisualBlocks.SegmentedMetricStyle : int","public enum ChartForgeX.VisualBlocks.SegmentedMetricStyle : int","assembly-move","ChartForgeX.Visuals"
"9cd02a52af97426eab4bf64b9775ce93057e5986","de8ab2a75330edc93f7c3b529463a05c5d2c1b7e","T:ChartForgeX.VisualBlocks.SvgVisualGridRenderer","ChartForgeX","ChartForgeX.Visuals","public sealed class ChartForgeX.VisualBlocks.SvgVisualGridRenderer","public sealed class ChartForgeX.VisualBlocks.SvgVisualGridRenderer","assembly-move","ChartForgeX.Visuals"
"9cd02a52af97426eab4bf64b9775ce93057e5986","de8ab2a75330edc93f7c3b529463a05c5d2c1b7e","T:ChartForgeX.VisualBlocks.VisualBadgeStyle","ChartForgeX","ChartForgeX.Visuals","public enum ChartForgeX.VisualBlocks.VisualBadgeStyle : int","public enum ChartForgeX.VisualBlocks.VisualBadgeStyle : int","assembly-move","ChartForgeX.Visuals"
"9cd02a52af97426eab4bf64b9775ce93057e5986","de8ab2a75330edc93f7c3b529463a05c5d2c1b7e","T:ChartForgeX.VisualBlocks.VisualGrid","ChartForgeX","ChartForgeX.Visuals","public sealed class ChartForgeX.VisualBlocks.VisualGrid","public sealed class ChartForgeX.VisualBlocks.VisualGrid : ChartForgeX.Rendering.IStaticVisualSource","assembly-move-and-signature-change","ChartForgeX.Visuals"
"9cd02a52af97426eab4bf64b9775ce93057e5986","de8ab2a75330edc93f7c3b529463a05c5d2c1b7e","T:ChartForgeX.VisualBlocks.VisualGridItem","ChartForgeX","ChartForgeX.Visuals","public sealed class ChartForgeX.VisualBlocks.VisualGridItem","public sealed class ChartForgeX.VisualBlocks.VisualGridItem","assembly-move","ChartForgeX.Visuals"
"9cd02a52af97426eab4bf64b9775ce93057e5986","de8ab2a75330edc93f7c3b529463a05c5d2c1b7e","T:ChartForgeX.VisualBlocks.VisualIcon","ChartForgeX","ChartForgeX.Visuals","public enum ChartForgeX.VisualBlocks.VisualIcon : int","public enum ChartForgeX.VisualBlocks.VisualIcon : int","assembly-move","ChartForgeX.Visuals"
"9cd02a52af97426eab4bf64b9775ce93057e5986","de8ab2a75330edc93f7c3b529463a05c5d2c1b7e","T:ChartForgeX.VisualBlocks.VisualListMarker","ChartForgeX","ChartForgeX.Visuals","public enum ChartForgeX.VisualBlocks.VisualListMarker : int","public enum ChartForgeX.VisualBlocks.VisualListMarker : int","assembly-move","ChartForgeX.Visuals"
"9cd02a52af97426eab4bf64b9775ce93057e5986","de8ab2a75330edc93f7c3b529463a05c5d2c1b7e","T:ChartForgeX.VisualBlocks.WorkloadListBlock","ChartForgeX","ChartForgeX.Visuals","public sealed class ChartForgeX.VisualBlocks.WorkloadListBlock : ChartForgeX.VisualBlocks.VisualBlock<ChartForgeX.VisualBlocks.WorkloadListBlock>","public sealed class ChartForgeX.VisualBlocks.WorkloadListBlock : ChartForgeX.VisualBlocks.FactualVisualBlock<ChartForgeX.VisualBlocks.WorkloadListBlock>","assembly-move-and-signature-change","ChartForgeX.Visuals"
"9cd02a52af97426eab4bf64b9775ce93057e5986","de8ab2a75330edc93f7c3b529463a05c5d2c1b7e","T:ChartForgeX.VisualBlocks.WorkloadListRow","ChartForgeX","ChartForgeX.Visuals","public sealed class ChartForgeX.VisualBlocks.WorkloadListRow","public sealed class ChartForgeX.VisualBlocks.WorkloadListRow","assembly-move","ChartForgeX.Visuals"
